origin,target,horizon,actual,prediction,method,parameter,eligible_errors,latest_eligible_target,lo50,hi50,cover50,score50,lo80,hi80,cover80,score80,lo90,hi90,cover90,score90,wis,track
2022-01-01,2022-02-01,1,6.340231251667356,6.274689554920062,fixed_signed,,144,2022-01-01,6.1724756694807965,6.325252586745413,False,0.21269157695238672,6.079747987829631,6.415788117363694,True,0.33604012953406315,6.00739649350199,6.483063698132844,True,0.4756672046308541,0.04095174737048352,blocked_confirmation
2022-01-01,2022-04-01,3,6.47080880570976,6.2261792974413765,fixed_signed,,142,2022-01-01,5.827162952979309,6.31678097135555,False,1.1057293557930805,5.723529820745766,6.607112209142305,True,0.8835823883965395,5.567605543634992,6.713856946875608,True,1.1462514032406164,0.1555479720240419,blocked_confirmation
2022-01-01,2022-07-01,6,6.532135241337345,6.16534005618557,fixed_signed,,139,2022-01-01,5.552270136470944,6.313447836553734,False,1.6359273192172346,5.2603224481117525,6.748564499095508,True,1.4882420509837555,5.023224486677169,6.949392248872766,True,1.9261677621955977,0.23928914731095766,blocked_confirmation
2022-01-01,2023-01-01,12,5.361407785430002,5.861422768929256,fixed_signed,,133,2022-01-01,4.554427731645298,5.982050070614135,True,1.4276223389688374,4.088695959905019,6.455535278210949,True,2.3668393183059298,3.927167990181549,7.16751303844028,True,3.240345048258731,0.28731836021010465,blocked_confirmation
2022-02-01,2022-03-01,1,6.697066392432129,6.349908839848088,fixed_signed,,145,2022-02-01,6.247694954408822,6.400471871673439,False,1.3391550002993773,6.1549672727576565,6.49100740229172,False,2.3966300309381565,6.082615778430016,6.55828298306087,False,3.25133539205603,0.2601706568752805,blocked_confirmation
2022-02-01,2022-05-01,3,6.573667064538174,6.334356236362464,fixed_signed,,143,2022-02-01,5.935339891900397,6.424957910276638,False,1.0844546354223858,5.831706759666853,6.715289148063393,True,0.8835823883965404,5.675782482556079,6.822033885796696,True,1.1462514032406164,0.15326853769861035,blocked_confirmation
2022-02-01,2022-08-01,6,6.428546652772016,6.434423042740884,fixed_signed,,140,2022-02-01,5.821353123026259,6.582530823109049,True,0.76117770008279,5.529405434667067,7.017647485650823,True,1.4882420509837555,5.2923074732324835,7.218475235428081,True,1.9261677621955977,0.12524720377522489,blocked_confirmation
2022-02-01,2023-02-01,12,5.067223809147062,5.98160265090734,fixed_signed,,134,2022-02-01,4.674607613623381,6.102229952592219,True,1.4276223389688374,4.208875841883103,6.5757151601890325,True,2.3668393183059298,4.047347872159633,7.287692920418364,True,3.240345048258731,0.3465131971045366,blocked_confirmation
2022-03-01,2022-04-01,1,6.47080880570976,6.858877076283398,fixed_signed,,146,2022-03-01,6.756663190844132,6.909440108108749,False,1.2961944578021045,6.663935509192966,6.9999756387270295,False,2.2673071643661262,6.591584014865326,7.06725121949618,False,2.891171387742171,0.2541062958745903,blocked_confirmation
2022-03-01,2022-06-01,3,6.993150157266438,6.939202874535142,fixed_signed,,144,2022-03-01,6.540186530073075,7.029804548449316,True,0.4896180183762411,6.43655339783953,7.3201357862360705,True,0.8835823883965404,6.280629120728757,7.426880523969373,True,1.1462514032406164,0.08429970141754091,blocked_confirmation
2022-03-01,2022-09-01,6,6.455044919773634,7.508700518467147,fixed_signed,,141,2022-03-01,6.895630598752521,7.656808298835311,False,2.5235204159983375,6.60368291039333,8.091924961377085,False,2.9746219571807107,6.366584948958746,8.292752711154344,True,1.9261677621955986,0.44327956776405475,blocked_confirmation
2022-03-01,2023-03-01,12,4.3330268475854385,6.936135263493117,fixed_signed,,135,2022-03-01,5.6291402262091585,7.056762565177996,False,6.612075853463717,5.163408454468881,7.5302477727748105,False,10.670655387140354,5.00188048474541,8.242225533004142,False,16.61741779145816,1.3864313141733462,blocked_confirmation
2022-04-01,2022-05-01,1,6.573667064538174,6.3621925175135265,fixed_signed,,147,2022-04-01,6.259978632074261,6.412755549338877,False,0.7964229780618046,6.167250950423095,6.503291079957158,False,1.0397999753442244,6.094899456095455,6.570566660726309,False,0.5376752808681662,0.12448765131588735,blocked_confirmation
2022-04-01,2022-07-01,3,6.532135241337345,6.304902340352846,fixed_signed,,145,2022-04-01,5.905885995890778,6.395504014267019,False,1.0361429266575435,5.802252863657234,6.685835252053774,True,0.8835823883965404,5.646328586546461,6.792579989787077,True,1.1462514032406164,0.14809228318809153,blocked_confirmation
2022-04-01,2022-10-01,6,6.261419287937881,6.47195465821554,fixed_signed,,142,2022-04-01,5.858884738500914,6.620062438583704,True,0.76117770008279,5.566937050141723,7.0551791011254785,True,1.4882420509837555,5.329839088707139,7.256006850902737,True,1.9261677621955977,0.154484200962195,blocked_confirmation
2022-04-01,2023-04-01,12,4.37873180186045,5.638201903935479,fixed_signed,,136,2022-04-01,4.33120686665152,5.758829205620358,True,1.4276223389688374,3.865475094911242,6.232314413217171,True,2.3668393183059293,3.7039471251877716,6.944292173446502,True,3.240345048258731,0.39581194857807234,blocked_confirmation
2022-05-01,2022-06-01,1,6.993150157266438,6.578417015130867,fixed_signed,,148,2022-05-01,6.476203129691601,6.628980046956218,False,1.6094573585054972,6.383475448040436,6.719515577574499,False,3.0723859264534563,6.311123953712795,6.786791158343649,False,4.60284718308663,0.3277462464268105,blocked_confirmation
2022-05-01,2022-08-01,3,6.428546652772016,6.810250998072694,fixed_signed,,146,2022-05-01,6.411234653610626,6.9008526719868675,True,0.4896180183762411,6.307601521377082,7.191183909773622,True,0.8835823883965404,6.151677244266309,7.297928647506925,True,1.1462514032406164,0.1311221389274526,blocked_confirmation
2022-05-01,2022-11-01,6,5.855653914611847,6.7921972453498025,fixed_signed,,143,2022-05-01,6.179127325635177,6.940305025717967,False,2.0550713441761097,5.8871796372759855,7.375421688259741,False,1.803499277625141,5.650081675841402,7.576249438036999,True,1.9261677621955977,0.35962794779579976,blocked_confirmation
2022-05-01,2023-05-01,12,3.925400542614785,6.282708877596534,fixed_signed,,137,2022-05-01,4.975713840312575,6.403336179281412,False,5.6288755297599975,4.509982068572297,6.876821386878227,False,8.212654577881054,4.348454098848826,7.588799147107557,False,11.70141617293956,1.1406312332474162,blocked_confirmation
2022-06-01,2022-07-01,1,6.532135241337345,7.2819146840385915,fixed_signed,,149,2022-06-01,7.179700798599326,7.332477715863942,False,2.7430391463125394,7.08697311694816,7.423013246482223,False,5.884418885642214,7.01462162262052,7.490288827251374,False,10.125394830294347,0.6158174680021992,blocked_confirmation
2022-06-01,2022-09-01,3,6.455044919773634,7.851049366408658,fixed_signed,,147,2022-06-01,7.4520330219465905,7.9416510403228315,False,4.477570427068066,7.348399889713047,8.231982278109585,False,9.817132087790668,7.192475612602273,8.338727015842888,False,15.894865259813391,1.026814657672647,blocked_confirmation
2022-06-01,2022-12-01,6,5.373080221564972,7.742397257723583,fixed_signed,,144,2022-06-01,7.129327338008958,7.890505038091748,False,7.7861661658587344,6.837379649649766,8.325621700633521,False,16.131236331831705,6.6002816882151825,8.52644945041078,False,26.47019709519982,1.7336667278534716,blocked_confirmation
2022-06-01,2023-06-01,12,3.231733708559348,7.437557115115001,fixed_signed,,138,2022-06-01,6.130562077831042,7.55818441679988,False,13.022935816055615,5.664830306090764,8.031669624396693,False,26.697805293620092,5.503302336367294,8.743647384626025,False,48.67171760441766,2.9891463048213205,blocked_confirmation
2022-07-01,2022-08-01,1,6.428546652772016,6.422246008793335,fixed_signed,,150,2022-07-01,6.3200321233540695,6.472809040618686,True,0.1527769172646165,6.227304441702904,6.563344571236967,True,0.33604012953406315,6.154952947375263,6.630620152006117,True,0.4756672046308541,0.028209121282983834,blocked_confirmation
2022-07-01,2022-10-01,3,6.261419287937881,6.407862038367972,fixed_signed,,148,2022-07-01,6.008845693905904,6.498463712282145,True,0.4896180183762411,5.905212561672361,6.7887949500689,True,0.8835823883965395,5.749288284561587,6.895539687802203,True,1.1462514032406164,0.09751333966022584,blocked_confirmation
2022-07-01,2023-01-01,6,5.361407785430002,5.973704773714363,fixed_signed,,145,2022-07-01,5.360634853999738,6.121812554082528,True,0.76117770008279,5.068687165640546,6.556929216624302,True,1.4882420509837555,4.8315892042059625,6.75775696640156,True,1.9261677621955977,0.21187871782029535,blocked_confirmation
2022-07-01,2023-07-01,12,3.3522220936896265,5.119836970159417,fixed_signed,,139,2022-07-01,3.8128419328754584,5.240464271844296,False,3.2701016957121647,3.34711016113518,5.71394947944111,True,2.36683931830593,3.1855821914117097,6.4259272396704405,True,3.240345048258731,0.6000097275447046,blocked_confirmation
2022-08-01,2022-09-01,1,6.455044919773634,6.595951665646198,fixed_signed,,151,2022-08-01,6.493737780206932,6.646514697471549,False,0.30754835899780897,6.4010100985557665,6.73705022808983,True,0.33604012953406315,6.328658604228126,6.80432580885898,True,0.4756672046308541,0.058493667391623774,blocked_confirmation
2022-08-01,2022-11-01,3,5.855653914611847,6.1978739037942345,fixed_signed,,149,2022-08-01,5.798857559332167,6.288475577708408,True,0.4896180183762411,5.695224427098623,6.578806815495163,True,0.8835823883965404,5.53930014998785,6.685551553228466,True,1.1462514032406164,0.1254815166248397,blocked_confirmation
2022-08-01,2023-02-01,6,5.067223809147062,5.833639779314059,fixed_signed,,146,2022-08-01,5.220569859599434,5.981747559682224,False,1.3745619018922781,4.928622171240242,6.416864222223998,True,1.4882420509837555,4.691524209805658,6.617691972001256,True,1.9261677621955977,0.2777088725042068,blocked_confirmation
2022-08-01,2023-08-01,12,3.374478528151472,5.2935062897348315,fixed_signed,,140,2022-08-01,3.986511252450873,5.41413359141971,False,3.8757532361664397,3.5207794807105945,5.887618799016524,False,3.829848843897153,3.359251510987124,6.599596559245855,True,3.240345048258731,0.7067012361816977,blocked_confirmation
2022-09-01,2022-10-01,1,6.261419287937881,6.213795353285365,fixed_signed,,152,2022-09-01,6.111581467846099,6.264358385110715,True,0.1527769172646165,6.018853786194933,6.354893915728996,True,0.33604012953406315,5.946502291867293,6.422169496498147,True,0.4756672046308541,0.034112448522103184,blocked_confirmation
2022-09-01,2022-12-01,3,5.373080221564972,5.832879547438915,fixed_signed,,150,2022-09-01,5.433863202976847,5.9234812213530885,False,0.7327499440237446,5.330230070743303,6.213812459139843,True,0.8835823883965404,5.17430579363253,6.320557196873146,True,1.1462514032406164,0.15964513084131218,blocked_confirmation
2022-09-01,2023-03-01,6,4.3330268475854385,5.058560936766978,fixed_signed,,147,2022-09-01,4.445491017052352,5.206668717135142,False,1.211034377950444,4.153543328693161,5.641785379676916,True,1.4882420509837555,3.916445367258577,5.8426131294541745,True,1.9261677621955977,0.2601880663675817,blocked_confirmation
2022-09-01,2023-09-01,12,3.390751565240984,4.832940182042415,fixed_signed,,141,2022-09-01,3.525945144758456,4.953567483727293,False,1.968396657038725,3.0602133730181778,5.427052691324107,True,2.3668393183059293,2.8986854032947074,6.139030451553438,True,3.240345048258731,0.46054133054397883,blocked_confirmation
2022-10-01,2022-11-01,1,5.855653914611847,6.033221667611668,fixed_signed,,153,2022-10-01,5.9310077821724025,6.083784699437019,False,0.454192387506839,5.838280100521237,6.1743202300553,True,0.33604012953406315,5.765928606193596,6.2415958108244505,True,0.4756672046308541,0.07420552758901985,blocked_confirmation
2022-10-01,2023-01-01,3,5.361407785430002,5.7910314522768624,fixed_signed,,151,2022-10-01,5.392015107814795,5.881633126191036,False,0.6120473079154145,5.288381975581251,6.171964363977791,True,0.8835823883965404,5.1324576984704775,6.278709101711094,True,1.1462514032406164,0.1467127055439911,blocked_confirmation
2022-10-01,2023-04-01,6,4.37873180186045,5.277823847702772,fixed_signed,,148,2022-10-01,4.664753927988146,5.425931628070936,False,1.9052662045935733,4.372806239628955,5.86104829061271,True,1.4882420509837555,4.135708278194371,6.0618760403899685,True,1.9261677621955977,0.33457004779363125,blocked_confirmation
2022-10-01,2023-10-01,12,2.978461878685477,4.92943820195392,fixed_signed,,142,2022-10-01,3.622443164669961,5.050065503638798,False,4.0035474829067725,3.1567113929296826,5.523550711235613,False,4.149334460747986,2.9951834232062122,6.235528471464943,False,3.574775938673434,0.73429922153411,blocked_confirmation
2022-11-01,2022-12-01,1,5.373080221564972,5.654525338478748,fixed_signed,,154,2022-11-01,5.552311453039482,5.705088370304098,False,0.869701843162658,5.459583771388316,5.795623900922379,False,1.2010756277675094,5.387232277060676,5.86289948169153,False,0.758708314544938,0.1474831422147287,blocked_confirmation
2022-11-01,2023-02-01,3,5.067223809147062,5.294560710550696,fixed_signed,,152,2022-11-01,4.895544366088629,5.38516238446487,True,0.4896180183762411,4.791911233855085,5.675493622251625,True,0.8835823883965395,4.635986956744311,5.782238359984928,True,1.1462514032406164,0.10906964694216066,blocked_confirmation
2022-11-01,2023-05-01,6,3.925400542614785,4.653418638016545,fixed_signed,,149,2022-11-01,4.040348718301919,4.801526418384709,False,1.2209704028313269,3.7484010299427277,5.236643080926483,True,1.4882420509837555,3.511303068508144,5.437470830703742,True,1.9261677621955977,0.261252640461962,blocked_confirmation
2022-11-01,2023-11-01,12,2.727551790588455,4.397844401773919,fixed_signed,,143,2022-11-01,3.0908493644899604,4.518471703458798,False,2.880812634574858,2.625117592749682,4.9919569110556115,True,2.3668393183059293,2.4635896230262118,5.703934671284943,True,3.240345048258731,0.5583001852799931,blocked_confirmation
2022-12-01,2023-01-01,1,5.361407785430002,5.085810329857595,fixed_signed,,155,2022-12-01,4.983596444418329,5.136373361682946,False,1.0529146122528408,4.890868762767163,5.226908892301227,False,1.681029060821815,4.818517268439523,5.294184473070377,False,1.8201334518233472,0.18861055986364642,blocked_confirmation
2022-12-01,2023-03-01,3,4.3330268475854385,4.2791650198714075,fixed_signed,,153,2022-12-01,3.88014867540934,4.369766693785581,True,0.4896180183762411,3.776515543175796,4.660097931572336,True,0.8835823883965399,3.6205912660650226,4.766842669305639,True,1.1462514032406164,0.0842874935579316,blocked_confirmation
2022-12-01,2023-06-01,6,3.231733708559348,3.290335763764495,fixed_signed,,150,2022-12-01,2.677265844049869,3.438443544132659,True,0.76117770008279,2.385318155690678,3.8735602066744335,True,1.4882420509837555,2.148220194256094,4.074387956451692,True,1.9261677621955977,0.13277944166612185,blocked_confirmation
2022-12-01,2023-12-01,12,2.729669070936404,3.549037574928409,fixed_signed,,144,2022-12-01,2.2420425376444504,3.6696648766132878,True,1.4276223389688374,1.7763107659041721,4.143150084210102,True,2.36683931830593,1.614782796180702,4.855127844439433,True,3.240345048258731,0.33294029170906897,blocked_confirmation
2022-01-01,2022-02-01,1,6.340231251667356,6.274689554920062,rolling_conformal,60.0,144,2022-01-01,6.166897726574616,6.3824813832655085,True,0.2155836566908924,6.080919634290476,6.468459475549649,True,0.38753984125917285,6.038744263459698,6.510634846380427,True,0.4718905829207287,0.042575793090949554,blocked_confirmation
2022-01-01,2022-04-01,3,6.47080880570976,6.2261792974413765,rolling_conformal,60.0,142,2022-01-01,5.982421000973097,6.469937593909656,False,0.49100144013697467,5.73692869797703,6.715429896905723,True,0.9785011989286936,5.5034671152766395,6.948891479606114,True,1.4454243643294742,0.11862470065079386,blocked_confirmation
2022-01-01,2022-07-01,6,6.532135241337345,6.16534005618557,rolling_conformal,60.0,139,2022-01-01,5.662862205141289,6.66781790722985,True,1.0049557020885604,5.310450549735244,7.020229562635895,True,1.7097790129006505,4.891896936272752,7.438783176098387,True,2.5468862398256356,0.20941678039410702,blocked_confirmation
2022-01-01,2023-01-01,12,5.361407785430002,5.861422768929256,rolling_conformal,60.0,133,2022-01-01,5.14365588044965,6.579189657408863,True,1.435533776959213,4.155082054792581,7.5677634830659315,True,3.41268142827335,2.936391522956335,8.786454014902178,True,5.8500624919458435,0.3550463438325879,blocked_confirmation
2022-02-01,2022-03-01,1,6.697066392432129,6.349908839848088,rolling_conformal,60.0,145,2022-02-01,6.242190040764125,6.457627638932051,False,1.1731926121682381,6.156138919218502,6.5436787604776745,False,1.921416160803718,6.113963548387724,6.585854131308452,False,2.69613580539426,0.2268072387669042,blocked_confirmation
2022-02-01,2022-05-01,3,6.573667064538174,6.334356236362464,rolling_conformal,60.0,143,2022-02-01,6.0905979398941845,6.578114532830744,True,0.4875165929365597,5.845105636898118,6.823606835826811,True,0.9785011989286936,5.611644054197727,7.0570684185272015,True,1.4454243643294742,0.11761597155181083,blocked_confirmation
2022-02-01,2022-08-01,6,6.428546652772016,6.434423042740884,rolling_conformal,60.0,140,2022-02-01,5.916582651174917,6.952263434306852,True,1.0356807831319355,5.573798893283926,7.295047192197843,True,1.7212482989139168,5.160979922828067,7.707866162653702,True,2.5468862398256356,0.16037929504288329,blocked_confirmation
2022-02-01,2023-02-01,12,5.067223809147062,5.98160265090734,rolling_conformal,60.0,134,2022-02-01,5.263835762427734,6.699369539386947,False,2.221981590081901,4.132706595063879,7.830498706750801,True,3.6977921116869226,3.0397763889658562,8.923428912848824,True,5.883652523882967,0.4790419016467014,blocked_confirmation
2022-03-01,2022-04-01,1,6.47080880570976,6.858877076283398,rolling_conformal,60.0,146,2022-03-01,6.751158277199435,6.966595875367361,False,1.3368354841266257,6.6651071556538115,7.052646996912984,False,2.330523340699687,6.59214473072087,7.125609421845926,False,2.9601831913472503,0.259801285701659,blocked_confirmation
2022-03-01,2022-06-01,3,6.993150157266438,6.939202874535142,rolling_conformal,60.0,144,2022-03-01,6.689297279664542,7.189108469405742,True,0.49981118974119987,6.444728583459727,7.433677165610557,True,0.9889485821508295,6.216490692370405,7.661915056699879,True,1.4454243643294742,0.09231214720928704,blocked_confirmation
2022-03-01,2022-09-01,6,6.455044919773634,7.508700518467147,rolling_conformal,60.0,141,2022-03-01,6.968312464234498,8.049088572699794,False,3.133846286308752,6.6015250471669304,8.415875989767363,False,3.2791522165333955,6.205121660899933,8.812279376034361,True,2.607157715134428,0.5053035652382871,blocked_confirmation
2022-03-01,2023-03-01,12,4.3330268475854385,6.936135263493117,rolling_conformal,60.0,135,2022-03-01,6.215379089864199,7.656891437122035,False,8.970921316372879,4.422200039100964,9.45007048788527,False,5.919602363939564,3.9943090015516334,9.877961525434602,True,5.883652523882969,1.2658363998957611,blocked_confirmation
2022-04-01,2022-05-01,1,6.573667064538174,6.3621925175135265,rolling_conformal,60.0,147,2022-04-01,6.254473718429564,6.469911316597489,False,0.6304605899306654,6.161257626044877,6.563127408982176,False,0.5072663384972831,6.088783092739947,6.635601942287106,True,0.5468188495471598,0.09754857066345043,blocked_confirmation
2022-04-01,2022-07-01,3,6.532135241337345,6.304902340352846,rolling_conformal,60.0,145,2022-04-01,6.060272832084462,6.549531848621229,True,0.4892590165367672,5.810428049277431,6.79937663142826,True,0.9889485821508295,5.582190158188109,7.027614522517583,True,1.4454243643294742,0.11631350887371374,blocked_confirmation
2022-04-01,2022-10-01,6,6.261419287937881,6.47195465821554,rolling_conformal,60.0,142,2022-04-01,5.931362650713474,7.012546665717606,True,1.0811840150041316,5.564779186915324,7.379130129515756,True,1.8143509426004325,5.1683758006483265,7.775533515782754,True,2.607157715134427,0.19638761968760773,blocked_confirmation
2022-04-01,2023-04-01,12,4.37873180186045,5.638201903935479,rolling_conformal,60.0,136,2022-04-01,4.888436160091544,6.387967647779414,False,3.538348920612245,3.124266679543326,8.152137128327631,True,5.027870448784305,2.696375641993995,8.580028165876962,True,5.883652523882967,0.6603691292180441,blocked_confirmation
2022-05-01,2022-06-01,1,6.993150157266438,6.578417015130867,rolling_conformal,60.0,148,2022-05-01,6.470698216046904,6.68613581421483,False,1.443494970374358,6.377482123662217,6.779351906599517,False,2.539852289606508,6.305007590357287,6.851826439904447,False,3.3732931967869804,0.2831114864175356,blocked_confirmation
2022-05-01,2022-08-01,3,6.428546652772016,6.810250998072694,rolling_conformal,60.0,146,2022-05-01,6.566492701604414,7.054009294540974,False,1.0393007882661518,6.315776706997279,7.3047252891481085,True,0.9889485821508295,6.087538815907957,7.532963180237431,True,1.4454243643294742,0.17766955604240955,blocked_confirmation
2022-05-01,2022-11-01,6,5.855653914611847,6.7921972453498025,rolling_conformal,60.0,143,2022-05-01,6.2199115885146306,7.3644829021849745,False,2.6016020092814784,5.885021774049586,7.699372716650019,False,2.108029536977826,5.488618387782589,8.095776102917016,True,2.607157715134427,0.41709514489824323,blocked_confirmation
2022-05-01,2023-05-01,12,3.925400542614785,6.282708877596534,rolling_conformal,60.0,137,2022-05-01,5.446700536191214,7.118717219001853,False,7.757216657116356,3.7687736532043807,8.796644101988687,True,5.027870448784306,3.3408826156550497,9.224535139538018,True,5.883652523882969,1.118550857955012,blocked_confirmation
2022-06-01,2022-07-01,1,6.532135241337345,7.2819146840385915,rolling_conformal,60.0,149,2022-06-01,7.174122855693145,7.389706512384038,False,2.7835341141140937,7.070440137013944,7.493389231063239,False,5.805998050815284,6.970502205502412,7.593327162574771,False,9.390164240373704,0.6059660762798172,blocked_confirmation
2022-06-01,2022-09-01,3,6.455044919773634,7.851049366408658,rolling_conformal,60.0,147,2022-06-01,7.607291069940378,8.094807662876937,False,5.096501193603534,7.356575075333243,8.345523657484073,False,10.00425013774692,7.128337184243921,8.573761548573394,False,14.911269653735207,1.0623188623370992,blocked_confirmation
2022-06-01,2022-12-01,6,5.373080221564972,7.742397257723583,rolling_conformal,60.0,144,2022-06-01,7.159046347748333,8.325748167698833,False,8.310566324683947,6.825156711396963,8.659637804050202,False,16.35524599097316,6.43881840015637,9.045976115290797,False,23.921921286962395,1.7411202179130651,blocked_confirmation
2022-06-01,2023-06-01,12,3.231733708559348,7.437557115115001,rolling_conformal,60.0,138,2022-06-01,6.575085960921073,8.300028269308928,False,15.098351317834755,4.923621890722848,9.951492339507155,False,21.946752270419314,4.495730853173518,10.379383377056485,False,31.163595416166366,2.7515298658819325,blocked_confirmation
2022-07-01,2022-08-01,1,6.428546652772016,6.422246008793335,rolling_conformal,60.0,150,2022-07-01,6.314454180447889,6.5300378371387815,True,0.2155836566908924,6.204495582413246,6.639996435173424,True,0.43550085276017825,6.075088456209294,6.769403561377376,True,0.6943151051680818,0.03866059334185294,blocked_confirmation
2022-07-01,2022-10-01,3,6.261419287937881,6.407862038367972,rolling_conformal,60.0,148,2022-07-01,6.166373136956041,6.649350939779902,True,0.4829778028238607,5.913387747292557,6.902336329443386,True,0.9889485821508295,5.6851498562032345,7.130574220532709,True,1.4454243643294742,0.10432340067216207,blocked_confirmation
2022-07-01,2023-01-01,6,5.361407785430002,5.973704773714363,rolling_conformal,60.0,145,2022-07-01,5.401419116879191,6.545990430549535,False,1.3046166394671026,5.066529302414147,6.88088024501458,True,1.8143509426004325,4.67012591614715,7.277283631281577,True,2.607157715134427,0.2697416097216346,blocked_confirmation
2022-07-01,2023-07-01,12,3.3522220936896265,5.119836970159417,rolling_conformal,60.0,139,2022-07-01,4.238148712641213,6.001525227677621,False,5.307082990842755,2.605901745767264,7.63377219455157,True,5.027870448784306,2.178010708217933,8.061663232100901,True,5.883652523882969,0.8592993877194751,blocked_confirmation
2022-08-01,2022-09-01,1,6.455044919773634,6.595951665646198,rolling_conformal,60.0,151,2022-08-01,6.488232866562235,6.703670464730161,False,0.3481893853223301,6.378201239266109,6.813702092026287,True,0.43550085276017825,6.248794113062157,6.943109218230239,True,0.6943151051680818,0.06736187422893897,blocked_confirmation
2022-08-01,2022-11-01,3,5.855653914611847,6.1978739037942345,rolling_conformal,60.0,149,2022-08-01,5.954115607325955,6.441632200262514,False,0.8813633637929907,5.70339961271882,6.692348194869649,True,0.9889485821508295,5.475161721629497,6.920586085958972,True,1.4454243643294742,0.16074768913457088,blocked_confirmation
2022-08-01,2023-02-01,6,5.067223809147062,5.833639779314059,rolling_conformal,60.0,146,2022-08-01,5.2930477718119935,6.374231786816125,False,1.9844798656638591,4.926464308013843,6.7408152506142756,True,1.8143509426004325,4.530060921746846,7.137218636881273,True,2.607157715134427,0.3403202661474937,blocked_confirmation
2022-08-01,2023-08-01,12,3.374478528151472,5.2935062897348315,rolling_conformal,60.0,140,2022-08-01,4.376114198449537,6.210898381020126,False,5.841326863762848,2.7795710653426786,7.807441514126984,True,5.027870448784306,2.3516800277933476,8.235332551676315,True,5.883652523882967,0.9190900765157058,blocked_confirmation
2022-09-01,2022-10-01,1,6.261419287937881,6.213795353285365,rolling_conformal,60.0,152,2022-09-01,6.106076554201402,6.3215141523693275,True,0.21543759816792551,6.002320806260717,6.425269900310012,True,0.4229490940492955,5.866637800701324,6.560952905869406,True,0.6943151051680818,0.044194866151878,blocked_confirmation
2022-09-01,2022-12-01,3,5.373080221564972,5.832879547438915,rolling_conformal,60.0,150,2022-09-01,5.588250039170531,6.077509055707298,False,1.3499382869590058,5.23773700465755,6.42802209022028,True,1.1902850855627296,5.107114689395223,6.558644405482607,True,1.451529716087384,0.2168540654392472,blocked_confirmation
2022-09-01,2023-03-01,6,4.3330268475854385,5.058560936766978,rolling_conformal,60.0,147,2022-09-01,4.486275279931806,5.63084659360215,False,1.7575650430558127,4.141320390440358,5.975801483093598,True,1.83448109265324,3.754982079199764,6.362139794334191,True,2.607157715134427,0.3188469429647909,blocked_confirmation
2022-09-01,2023-09-01,12,3.390751565240984,4.832940182042415,rolling_conformal,60.0,141,2022-09-01,3.900748201231718,5.765132162853112,False,3.9043705055843296,2.319004957650262,7.346875406434568,True,5.027870448784306,1.8911139201009308,7.774766443983898,True,5.883652523882967,0.712616173105536,blocked_confirmation
2022-10-01,2022-11-01,1,5.855653914611847,6.033221667611668,rolling_conformal,60.0,153,2022-10-01,5.926151842472298,6.140291492751039,False,0.49613136172054517,5.821747120587021,6.244696214636316,True,0.4229490940492955,5.686064115027627,6.380379220195709,True,0.6943151051680818,0.08280782331239446,blocked_confirmation
2022-10-01,2023-01-01,3,5.361407785430002,5.7910314522768624,rolling_conformal,60.0,151,2022-10-01,5.547273155808583,6.034789748745142,False,1.2309780744508831,5.195888909495498,6.386173995058227,True,1.1902850855627296,5.0652665942331705,6.516796310320554,True,1.451529716087384,0.20404609897051237,blocked_confirmation
2022-10-01,2023-04-01,6,4.37873180186045,5.277823847702772,rolling_conformal,60.0,148,2022-10-01,4.7055381908676,5.850109504537944,False,2.451796869698942,4.360583301376152,6.195064394029392,True,1.83448109265324,3.974244990135558,6.581402705269985,True,2.607157715134427,0.39322892439084045,blocked_confirmation
2022-10-01,2023-10-01,12,2.978461878685477,4.92943820195392,rolling_conformal,60.0,142,2022-10-01,3.997246221143223,5.861630182764616,False,5.939521331452376,2.4155029775617667,7.4433734263460725,True,5.027870448784306,1.9876119400124357,7.871264463895404,True,5.883652523882969,0.9306680473056839,blocked_confirmation
2022-11-01,2022-12-01,1,5.373080221564972,5.654525338478748,rolling_conformal,60.0,154,2022-11-01,5.546806539394785,5.7622441375627105,False,0.9103428694871791,5.4430507914541,5.8659998855033955,False,1.1226547929405797,5.307367785894707,6.001682891062789,True,0.6943151051680818,0.14722557439461284,blocked_confirmation
2022-11-01,2023-02-01,3,5.067223809147062,5.294560710550696,rolling_conformal,60.0,152,2022-11-01,5.049931202282313,5.53919021881908,True,0.4892590165367672,4.699418167769331,5.889703253332061,True,1.1902850855627296,4.568795852507005,6.020325568594387,True,1.4515297160873821,0.1221680569133289,blocked_confirmation
2022-11-01,2023-05-01,6,3.925400542614785,4.653418638016545,rolling_conformal,60.0,149,2022-11-01,4.070067728041295,5.236769547991795,False,1.7453705616565394,3.716875307278589,5.5899619687545,True,1.8730866614759112,3.349839780449331,5.956997495583758,True,2.607157715134427,0.31943378286266494,blocked_confirmation
2022-11-01,2023-11-01,12,2.727551790588455,4.397844401773919,rolling_conformal,60.0,143,2022-11-01,3.4656524209632225,5.330036382584616,False,4.816786483120463,1.8839091773817662,6.911779626166072,True,5.027870448784306,1.4560181398324352,7.3396706637154026,True,5.883652523882967,0.8103750278415504,blocked_confirmation
2022-12-01,2023-01-01,1,5.361407785430002,5.085810329857595,rolling_conformal,60.0,155,2022-12-01,4.978018501512148,5.193602158203042,False,0.8868061655987329,4.858837376161233,5.312783283553957,False,0.9401909261531732,4.738652777273554,5.432967882441636,True,0.6943151051680818,0.13949574773131657,blocked_confirmation
2022-12-01,2023-03-01,3,4.3330268475854385,4.2791650198714075,rolling_conformal,60.0,153,2022-12-01,4.034535511603024,4.523794528139791,True,0.4892590165367672,3.6840224770900427,4.874307562652772,True,1.1902850855627296,3.553400161827716,5.0049298779150995,True,1.4515297160873835,0.09738590352909983,blocked_confirmation
2022-12-01,2023-06-01,6,3.231733708559348,3.290335763764495,rolling_conformal,60.0,150,2022-12-01,2.701332941937947,3.879338585591043,True,1.178005643653096,2.282928048150064,4.297743479378926,True,2.0148154312288624,1.9595898605423692,4.621081666986621,True,2.6614918064442517,0.18810244913169893,blocked_confirmation
2022-12-01,2023-12-01,12,2.729669070936404,3.549037574928409,rolling_conformal,60.0,144,2022-12-01,2.6168455941177124,4.481229555739105,True,1.8643839616213929,1.0351023505362562,6.062972799320562,True,5.027870448784306,0.6072113129869252,6.490863836869893,True,5.883652523882969,0.47792854670683704,blocked_confirmation
2022-01-01,2022-02-01,1,6.340231251667356,6.274689554920062,ew_conformal,0.98,144,2022-01-01,6.173907553101735,6.37547155673839,True,0.20156400363665483,6.080919634290476,6.468459475549649,True,0.38753984125917285,6.038744263459698,6.510634846380427,True,0.4718905829207287,0.041574389301361155,blocked_confirmation
2022-01-01,2022-04-01,3,6.47080880570976,6.2261792974413765,ew_conformal,0.98,142,2022-01-01,5.968599689146824,6.483758905735929,True,0.5151592165891046,5.631036754660012,6.821321840222741,True,1.1902850855627296,5.5034671152766395,6.948891479606114,True,1.4454243643294742,0.12640122430120418,blocked_confirmation
2022-01-01,2022-07-01,6,6.532135241337345,6.16534005618557,ew_conformal,0.98,139,2022-01-01,5.624748048683504,6.705932063687635,True,1.0811840150041316,5.258164584885353,7.072515527485786,True,1.8143509426004325,4.861761198618356,7.468918913752783,True,2.607157715134427,0.21871045038391004,blocked_confirmation
2022-01-01,2023-01-01,12,5.361407785430002,5.861422768929256,ew_conformal,0.98,133,2022-01-01,5.025414427523937,6.697431110334576,True,1.6720166828106393,3.788680304418602,7.934165233439911,True,4.145484929021309,2.936391522956335,8.786454014902178,True,5.8500624919458435,0.39287522284334575,blocked_confirmation
2022-02-01,2022-03-01,1,6.697066392432129,6.349908839848088,ew_conformal,0.98,145,2022-02-01,6.249126838029761,6.4506908416664155,False,1.1870662066995088,6.15720346648629,6.542614213209887,False,1.9299325389460213,6.113963548387724,6.585854131308452,False,2.69613580539426,0.22804153489463222,blocked_confirmation
2022-02-01,2022-05-01,3,6.573667064538174,6.334356236362464,ew_conformal,0.98,143,2022-02-01,6.084450641491864,6.584261831233064,True,0.49981118974119987,5.7392136935811,6.929498779143829,True,1.1902850855627296,5.611644054197727,7.0570684185272015,True,1.4454243643294742,0.12454512522740045,blocked_confirmation
2022-02-01,2022-08-01,6,6.428546652772016,6.434423042740884,ew_conformal,0.98,140,2022-02-01,5.893293070455877,6.975553015025892,True,1.0822599445700156,5.528557186223798,7.3402888992579705,True,1.8117317130341721,5.160979922828067,7.707866162653702,True,2.5468862398256356,0.166291618406182,blocked_confirmation
2022-02-01,2023-02-01,12,5.067223809147062,5.98160265090734,ew_conformal,0.98,134,2022-02-01,5.119131496713412,6.844073805101268,False,1.932573058653258,3.4019741292871917,8.561231172527489,True,5.159257043240297,3.0397763889658562,8.923428912848824,True,5.883652523882967,0.5001260045890376,blocked_confirmation
2022-03-01,2022-04-01,1,6.47080880570976,6.858877076283398,ew_conformal,0.98,146,2022-03-01,6.7580950744650705,6.959659078101725,False,1.3507090786578964,6.6651071556538115,7.052646996912984,False,2.330523340699687,6.59214473072087,7.125609421845926,False,2.9601831913472503,0.2607922567396069,blocked_confirmation
2022-03-01,2022-06-01,3,6.993150157266438,6.939202874535142,ew_conformal,0.98,144,2022-03-01,6.68162326624059,7.196782482829694,True,0.5151592165891046,6.3834878650313245,7.494917884038959,True,1.111430019007635,6.216490692370405,7.661915056699879,True,1.4454243643294742,0.09690790446576039,blocked_confirmation
2022-03-01,2022-09-01,6,6.455044919773634,7.508700518467147,ew_conformal,0.98,141,2022-03-01,6.936414861631975,8.080986175302318,False,3.0700510811037054,6.5019013635082725,8.51549967342602,False,2.482162747264132,6.177954615245021,8.839446421689273,True,2.6614918064442517,0.4787518384775167,blocked_confirmation
2022-03-01,2023-03-01,12,4.3330268475854385,6.936135263493117,ew_conformal,0.98,135,2022-03-01,6.054447005974914,7.817823521011321,False,8.649057148594308,4.356506741872969,9.515763785113265,False,5.394055986115599,3.9943090015516334,9.877961525434602,True,5.883652523882969,1.2278304914023213,blocked_confirmation
2022-04-01,2022-05-01,1,6.573667064538174,6.3621925175135265,ew_conformal,0.98,147,2022-04-01,6.258352966180852,6.466032068846201,False,0.6382190854332421,6.161257626044877,6.563127408982176,False,0.5072663384972831,6.088783092739947,6.635601942287106,True,0.5468188495471598,0.09810274891363448,blocked_confirmation
2022-04-01,2022-07-01,3,6.532135241337345,6.304902340352846,ew_conformal,0.98,145,2022-04-01,6.05623449211363,6.553570188592062,True,0.4973356964784319,5.808915854120912,6.80088882658478,True,0.9919729724638682,5.5980822101018495,7.011722470603842,True,1.4136402605019924,0.11652276710952687,blocked_confirmation
2022-04-01,2022-10-01,6,6.261419287937881,6.47195465821554,ew_conformal,0.98,142,2022-04-01,5.882951836388992,7.060957480042088,True,1.178005643653096,5.564779186915324,7.379130129515756,True,1.8143509426004325,5.141208754993414,7.802700561437666,True,2.6614918064442517,0.20407965160981695,blocked_confirmation
2022-04-01,2023-04-01,12,4.37873180186045,5.638201903935479,ew_conformal,0.98,136,2022-04-01,4.7208098126501845,6.555593995220773,False,3.203096225729526,3.0585733823153305,8.217830425555627,True,5.159257043240297,2.696375641993995,8.580028165876962,True,5.883652523882967,0.6401764108537353,blocked_confirmation
2022-05-01,2022-06-01,1,6.993150157266438,6.578417015130867,ew_conformal,0.98,148,2022-05-01,6.471793878349693,6.685040151912041,False,1.4456862949799358,6.366942468106219,6.789891562155515,False,2.4555350451585274,6.305007590357287,6.851826439904447,False,3.3732931967869804,0.28085894547656315,blocked_confirmation
2022-05-01,2022-08-01,3,6.428546652772016,6.810250998072694,ew_conformal,0.98,146,2022-05-01,6.56562148980431,7.054880506341077,False,1.0375583646659443,6.315776706997279,7.3047252891481085,True,0.9889485821508295,6.1034308678216975,7.51707112832369,True,1.4136402605019924,0.17709103858771644,blocked_confirmation
2022-05-01,2022-11-01,6,5.855653914611847,6.7921972453498025,ew_conformal,0.98,143,2022-05-01,6.208846335374552,7.375548155325053,False,2.579471503001322,5.885021774049586,7.699372716650019,False,2.108029536977826,5.488618387782589,8.095776102917016,True,2.607157715134427,0.4155143944496606,blocked_confirmation
2022-05-01,2023-05-01,12,3.925400542614785,6.282708877596534,ew_conformal,0.98,137,2022-05-01,5.350516896785837,7.21490085840723,False,7.564849378305603,3.703080355976385,8.862337399216681,True,5.159257043240296,3.3408826156550497,9.224535139538018,True,5.883652523882969,1.1085642407387009,blocked_confirmation
2022-06-01,2022-07-01,1,6.532135241337345,7.2819146840385915,ew_conformal,0.98,149,2022-06-01,7.174844858899221,7.388984509177962,False,2.7849781205262456,7.069520434466169,7.4943089336110145,False,5.798640430433083,6.970502205502412,7.593327162574771,False,9.390164240373704,0.6058590018697652,blocked_confirmation
2022-06-01,2022-09-01,3,6.455044919773634,7.851049366408658,ew_conformal,0.98,147,2022-06-01,7.606419858140274,8.095678874677041,False,5.094758770003327,7.356575075333243,8.345523657484073,False,10.00425013774692,7.144229236157662,8.557869496659654,False,15.197326588182543,1.0662809311434749,blocked_confirmation
2022-06-01,2022-12-01,6,5.373080221564972,7.742397257723583,ew_conformal,0.98,144,2022-06-01,7.153394435897035,8.331400079550132,False,8.299262500981353,6.825156711396963,8.659637804050202,False,16.35524599097316,6.43881840015637,9.045976115290797,False,23.921921286962395,1.7403128019343086,blocked_confirmation
2022-06-01,2023-06-01,12,3.231733708559348,7.437557115115001,ew_conformal,0.98,138,2022-06-01,6.505365134304304,8.369749095925698,False,14.958909664601219,4.923621890722848,9.951492339507155,False,21.946752270419314,4.495730853173518,10.379383377056485,False,31.163595416166366,2.741569747793823,blocked_confirmation
2022-07-01,2022-08-01,1,6.428546652772016,6.422246008793335,ew_conformal,0.98,150,2022-07-01,6.3145272097093725,6.529964807877298,True,0.21543759816792551,6.1952730550969735,6.649218962489697,True,0.45394590739272367,6.075088456209294,6.769403561377376,True,0.6943151051680818,0.039177162151142315,blocked_confirmation
2022-07-01,2022-10-01,3,6.261419287937881,6.407862038367972,ew_conformal,0.98,148,2022-07-01,6.164103741899692,6.6516203348362515,True,0.4875165929365597,5.913387747292557,6.902336329443386,True,0.9889485821508295,5.701041908116975,7.114682168618968,True,1.4136402605019924,0.1041935413398194,blocked_confirmation
2022-07-01,2023-01-01,6,5.361407785430002,5.973704773714363,ew_conformal,0.98,145,2022-07-01,5.390353863739113,6.5570556836896134,False,1.2824861331869464,5.056464227387743,6.890945320040983,True,1.83448109265324,4.67012591614715,7.277283631281577,True,2.607157715134427,0.2687360064174179,blocked_confirmation
2022-07-01,2023-07-01,12,3.3522220936896265,5.119836970159417,ew_conformal,0.98,139,2022-07-01,4.134380910413451,6.105293029905384,False,5.099547386387229,2.605901745767264,7.63377219455157,True,5.027870448784306,2.178010708217933,8.061663232100901,True,5.883652523882969,0.8444754159726519,blocked_confirmation
2022-08-01,2022-09-01,1,6.455044919773634,6.595951665646198,ew_conformal,0.98,151,2022-08-01,6.488881840506828,6.703021490785568,False,0.34948733321151515,6.373491678446077,6.8184116528463194,True,0.4449199744002428,6.248794113062157,6.943109218230239,True,0.6943151051680818,0.06772370255359687,blocked_confirmation
2022-08-01,2022-11-01,3,5.855653914611847,6.1978739037942345,ew_conformal,0.98,149,2022-08-01,5.953244395525851,6.442503412062618,False,0.8796209401927833,5.70339961271882,6.692348194869649,True,0.9889485821508295,5.491053773543238,6.904694034045231,True,1.4136402605019924,0.16016917167987774,blocked_confirmation
2022-08-01,2023-02-01,6,5.067223809147062,5.833639779314059,ew_conformal,0.98,146,2022-08-01,5.250288869338809,6.416990689289309,False,1.8989620607174906,4.916399232987439,6.750880325640679,True,1.83448109265324,4.530060921746846,7.137218636881273,True,2.607157715134427,0.3347869986528334,blocked_confirmation
2022-08-01,2023-08-01,12,3.374478528151472,5.2935062897348315,ew_conformal,0.98,140,2022-08-01,4.304907151450105,6.282105428019558,False,5.698912769763984,2.7795710653426786,7.807441514126984,True,5.027870448784306,2.3516800277933476,8.235332551676315,True,5.883652523882967,0.9089176412300726,blocked_confirmation
2022-09-01,2022-10-01,1,6.261419287937881,6.213795353285365,ew_conformal,0.98,152,2022-09-01,6.106076554201402,6.3215141523693275,True,0.21543759816792551,5.996044926905276,6.431545779665454,True,0.43550085276017825,5.866637800701324,6.560952905869406,True,0.6943151051680818,0.04455348782933179,blocked_confirmation
2022-09-01,2022-12-01,3,5.373080221564972,5.832879547438915,ew_conformal,0.98,150,2022-09-01,5.588250039170531,6.077509055707298,False,1.3499382869590058,5.328925513600046,6.336833581277784,True,1.0079080676777377,5.110167365274178,6.555591729603652,True,1.4454243643294742,0.2115560741888487,blocked_confirmation
2022-09-01,2023-03-01,6,4.3330268475854385,5.058560936766978,ew_conformal,0.98,147,2022-09-01,4.475210026791728,5.641911846742228,False,1.7354345367756565,4.141320390440358,5.975801483093598,True,1.83448109265324,3.754982079199764,6.362139794334191,True,2.607157715134427,0.3172661925162083,blocked_confirmation
2022-09-01,2023-09-01,12,3.390751565240984,4.832940182042415,ew_conformal,0.98,141,2022-09-01,3.8185888689868746,5.847291495097955,False,3.740051841094642,2.319004957650262,7.346875406434568,True,5.027870448784306,1.8911139201009308,7.774766443983898,True,5.883652523882967,0.700879125641987,blocked_confirmation
2022-10-01,2022-11-01,1,5.855653914611847,6.033221667611668,ew_conformal,0.98,153,2022-10-01,5.926151842472298,6.140291492751039,False,0.49613136172054517,5.815471241231579,6.2509720939917575,True,0.43550085276017825,5.686064115027627,6.380379220195709,True,0.6943151051680818,0.08316644498984825,blocked_confirmation
2022-10-01,2023-01-01,3,5.361407785430002,5.7910314522768624,ew_conformal,0.98,151,2022-10-01,5.546401944008479,6.035660960545246,False,1.2292356508506757,5.296557161201448,6.285505743352277,True,0.9889485821508295,5.068319270112125,6.5137436344415995,True,1.4454243643294742,0.19808194930504452,blocked_confirmation
2022-10-01,2023-04-01,6,4.37873180186045,5.277823847702772,ew_conformal,0.98,148,2022-10-01,4.694472937727522,5.861174757678022,False,2.429666363418786,4.360583301376152,6.195064394029392,True,1.83448109265324,3.974244990135558,6.581402705269985,True,2.607157715134427,0.39164817394225787,blocked_confirmation
2022-10-01,2023-10-01,12,2.978461878685477,4.92943820195392,ew_conformal,0.98,142,2022-10-01,3.940839063669193,5.918037340238646,False,5.826707016504317,2.8310473646020586,7.0278290393057805,True,4.196781674703722,2.0044069559809983,7.85446944792684,True,5.850062491945842,0.8983846308079898,blocked_confirmation
2022-11-01,2022-12-01,1,5.373080221564972,5.654525338478748,ew_conformal,0.98,154,2022-11-01,5.546806539394785,5.7622441375627105,False,0.9103428694871791,5.442131088906325,5.866919588051171,False,1.1152971725583782,5.307367785894707,6.001682891062789,True,0.6943151051680818,0.14701535666940707,blocked_confirmation
2022-11-01,2023-02-01,3,5.067223809147062,5.294560710550696,ew_conformal,0.98,152,2022-11-01,5.049931202282313,5.53919021881908,True,0.4892590165367672,4.8000864194752815,5.789035001626111,True,0.9889485821508295,4.571848528385959,6.017272892715433,True,1.4454243643294742,0.11632836607644735,blocked_confirmation
2022-11-01,2023-05-01,6,3.925400542614785,4.653418638016545,ew_conformal,0.98,149,2022-11-01,4.070067728041295,5.236769547991795,False,1.7453705616565394,3.716875307278589,5.5899619687545,True,1.8730866614759112,3.379975518103727,5.9268617579293625,True,2.5468862398256356,0.318572761786825,blocked_confirmation
2022-11-01,2023-11-01,12,2.727551790588455,4.397844401773919,ew_conformal,0.98,143,2022-11-01,3.4123883420279526,5.383300461519886,False,4.710258325249923,2.299453564422058,6.49623523912578,True,4.196781674703722,1.4728131558009978,7.322875647746841,True,5.8500624919458435,0.7785406225636792,blocked_confirmation
2022-12-01,2023-01-01,1,5.361407785430002,5.085810329857595,ew_conformal,0.98,155,2022-12-01,4.978091530773632,5.193529128941558,False,0.8869522241217016,4.858837376161233,5.312783283553957,False,0.9401909261531732,4.738652777273554,5.432967882441636,True,0.6943151051680818,0.13950618048295718,blocked_confirmation
2022-12-01,2023-03-01,3,4.3330268475854385,4.2791650198714075,ew_conformal,0.98,153,2022-12-01,4.029259425000808,4.5290706147420075,True,0.49981118974119987,3.7846907287959928,4.773639310946822,True,0.9889485821508295,3.5564528377066704,5.001877202036145,True,1.4454243643294742,0.09229993934967774,blocked_confirmation
2022-12-01,2023-06-01,6,3.231733708559348,3.290335763764495,ew_conformal,0.98,150,2022-12-01,2.701332941937947,3.879338585591043,True,1.178005643653096,2.282928048150064,4.297743479378926,True,2.0148154312288624,1.9595898605423692,4.621081666986621,True,2.6614918064442517,0.18810244913169893,blocked_confirmation
2022-12-01,2023-12-01,12,2.729669070936404,3.549037574928409,ew_conformal,0.98,144,2022-12-01,2.6168455941177124,4.481229555739105,True,1.8643839616213929,1.4506467375765482,5.64742841228027,True,4.196781674703722,0.6240063289554878,6.47406882090133,True,5.850062491945842,0.45370329556257566,blocked_confirmation
2022-01-01,2022-02-01,1,6.340231251667356,6.274689554920062,scaled_conformal,60.0,144,2022-01-01,6.1891767974264615,6.360202312413663,True,0.17102551498720153,6.124392089903215,6.42498701993691,True,0.30059493003369475,6.033142745453833,6.516236364386292,True,0.4830936189324593,0.03706897173441127,blocked_confirmation
2022-01-01,2022-04-01,3,6.47080880570976,6.2261792974413765,scaled_conformal,60.0,142,2022-01-01,5.823297391478323,6.62906120340443,True,0.8057638119261075,5.418965553138876,7.033393041743877,True,1.614427488605001,4.634041963245505,7.818316631637248,True,3.1842746683917422,0.18411776839880165,blocked_confirmation
2022-01-01,2022-07-01,6,6.532135241337345,6.16534005618557,scaled_conformal,60.0,139,2022-01-01,4.958933703196976,7.371746409174163,True,2.4128127059771867,4.170770355972301,8.159909756398838,True,3.989139400426537,3.0383676544827942,9.292312457888345,True,6.253944803405551,0.42806055693803297,blocked_confirmation
2022-01-01,2023-01-01,12,5.361407785430002,5.861422768929256,scaled_conformal,60.0,133,2022-01-01,4.075245520123571,7.647600017734942,True,3.5723544976113715,2.229267363059516,9.493578174798998,True,7.264310811739482,1.0293471061692863,10.693498431689227,True,9.66415132551994,0.672209932457833,blocked_confirmation
2022-02-01,2022-03-01,1,6.697066392432129,6.349908839848088,scaled_conformal,60.0,145,2022-02-01,6.269630396561328,6.430187283134848,False,1.2280733237626436,6.20931481371447,6.490502865981706,False,2.346823316771465,6.123956669338888,6.575861010357288,False,2.876011982515218,0.24545143943873965,blocked_confirmation
2022-02-01,2022-05-01,3,6.573667064538174,6.334356236362464,scaled_conformal,60.0,143,2022-02-01,5.96079432630082,6.707918146424109,True,0.7471238201232886,5.540982617604062,7.127729855120867,True,1.5867472375168052,4.858087744678931,7.8106247280459975,True,2.9525369833670663,0.17506798343963167,blocked_confirmation
2022-02-01,2022-08-01,6,6.428546652772016,6.434423042740884,scaled_conformal,60.0,140,2022-02-01,5.275039942983726,7.5938061424980425,True,2.3187661995143163,4.433428894771923,8.435417190709845,True,4.001988295937922,3.355424497732619,9.51342158774915,True,6.157997090016531,0.368779551130752,blocked_confirmation
2022-02-01,2023-02-01,12,5.067223809147062,5.98160265090734,scaled_conformal,60.0,134,2022-02-01,4.110303431454954,7.852901870359727,True,3.742598438904773,2.3421514561775414,9.621053845637139,True,7.278902389459597,1.1456640965970415,10.817541205217639,True,9.671877108620597,0.7440923214238062,blocked_confirmation
2022-03-01,2022-04-01,1,6.47080880570976,6.858877076283398,scaled_conformal,60.0,146,2022-03-01,6.776942275336355,6.940811877230441,False,1.3884034804004646,6.714188378603092,7.003565773963704,False,2.723173124293931,6.63131139518874,7.086442757378056,False,3.665183151768908,0.2847747072585067,blocked_confirmation
2022-03-01,2022-06-01,3,6.993150157266438,6.939202874535142,scaled_conformal,60.0,144,2022-03-01,6.565640964473498,7.312764784596786,True,0.7471238201232886,6.192812210714701,7.685593538355583,True,1.4927813276408823,5.462934382851609,8.415471366218675,True,2.9525369833670663,0.14590273666540332,blocked_confirmation
2022-03-01,2022-09-01,6,6.455044919773634,7.508700518467147,scaled_conformal,60.0,141,2022-03-01,6.333348953945181,8.684052082989112,True,2.3507031290439313,5.428050425672959,9.589350611261334,True,4.1613001855883756,4.471539543799938,10.545861493134355,True,6.074321949334417,0.5240999136095136,blocked_confirmation
2022-03-01,2023-03-01,12,4.3330268475854385,6.936135263493117,scaled_conformal,60.0,135,2022-03-01,4.930889381480581,8.941381145505654,False,6.401941899605642,3.0905372923202385,10.781733234665996,True,7.691195942345757,1.9536029421028163,11.91866758488342,True,9.965064642780604,1.1912607169225302,blocked_confirmation
2022-04-01,2022-05-01,1,6.573667064538174,6.3621925175135265,scaled_conformal,60.0,147,2022-04-01,6.277475869852532,6.446909165174521,False,0.6764648927766022,6.211173215529288,6.513211819497765,False,0.9065910543725711,6.097751358306711,6.626633676720342,True,0.5288823184136309,0.11198763373268945,blocked_confirmation
2022-04-01,2022-07-01,3,6.532135241337345,6.304902340352846,scaled_conformal,60.0,145,2022-04-01,5.969240195087087,6.640564485618604,True,0.6713242905315173,5.634236823670591,6.9755678570351005,True,1.3413310333645097,4.97840883135197,7.631395849353721,True,2.6529870180017507,0.15663713638904783,blocked_confirmation
2022-04-01,2022-10-01,6,6.261419287937881,6.47195465821554,scaled_conformal,60.0,142,2022-04-01,5.574447037496698,7.369462278934382,True,1.7950152414376834,4.919241925849928,8.024667390581152,True,3.1054254647312245,4.152754852477127,8.791154463953953,True,4.638399611476826,0.3132811492986326,blocked_confirmation
2022-04-01,2023-04-01,12,4.37873180186045,5.638201903935479,scaled_conformal,60.0,136,2022-04-01,3.6610036273660254,7.615400180504933,True,3.9543965531389076,1.8126997956186117,9.463704012252347,True,7.651004216633735,0.5489054477425421,10.727498360128415,True,10.178592912385874,0.8263897876014024,blocked_confirmation
2022-05-01,2022-06-01,1,6.993150157266438,6.578417015130867,scaled_conformal,60.0,148,2022-05-01,6.492487373517002,6.6643466567447325,False,1.487073285314553,6.40939223619449,6.747441794067244,False,2.795133189864693,6.312347036406302,6.8444869938554325,False,3.505403225669243,0.2954052493332443,blocked_confirmation
2022-05-01,2022-08-01,3,6.428546652772016,6.810250998072694,scaled_conformal,60.0,146,2022-05-01,6.519274501452688,7.1012274946927,False,0.9448643879626992,6.264549046476811,7.355952949668576,True,1.0914039031917646,5.730919977414299,7.8895820187310886,True,2.1586620413167896,0.18404050343600847,blocked_confirmation
2022-05-01,2022-11-01,6,5.855653914611847,6.7921972453498025,scaled_conformal,60.0,143,2022-05-01,5.986908308615309,7.597486182084296,False,2.1355954494828353,5.368546693152997,8.215847797546608,True,2.847301104393612,4.64389219681823,8.940502293881375,True,4.2966100970631445,0.42906604086634426,blocked_confirmation
2022-05-01,2023-05-01,12,3.925400542614785,6.282708877596534,scaled_conformal,60.0,137,2022-05-01,4.150547669301446,8.414870085891621,False,5.164910923336819,2.161671710977454,10.403746044215612,True,8.242074333238158,0.7945387684076559,11.770878986785412,True,10.976340218377757,1.0979732407336522,blocked_confirmation
2022-06-01,2022-07-01,1,6.532135241337345,7.2819146840385915,scaled_conformal,60.0,149,2022-06-01,7.195417191252261,7.368412176824922,False,2.826122785232325,7.110704306369335,7.453125061707848,False,6.128111405658417,6.922120341186013,7.64170902689117,False,8.519290682678523,0.6057703121024206,blocked_confirmation
2022-06-01,2022-09-01,3,6.455044919773634,7.851049366408658,scaled_conformal,60.0,147,2022-06-01,7.619161909113218,8.082936823704099,False,5.120242871949215,7.376603397379826,8.32549533543749,False,10.164476714119585,6.912653873224913,8.789444859592402,False,11.028970055393076,1.013131175853265,blocked_confirmation
2022-06-01,2022-12-01,6,5.373080221564972,7.742397257723583,scaled_conformal,60.0,144,2022-06-01,6.831241129951513,8.653553385495654,False,7.654955889090306,6.305439460804564,9.179355054642603,False,12.197507986233965,5.594092209192011,9.890702306255156,False,8.716849849603935,1.35828308041585,blocked_confirmation
2022-06-01,2023-06-01,12,3.231733708559348,7.437557115115001,scaled_conformal,60.0,138,2022-06-01,5.153857231703109,9.721256998526894,False,12.255893859398828,3.07153459790696,11.803579632323043,True,8.732045034416082,1.5593273688186873,13.315786861411315,True,11.756459492592628,1.8936893274853637,blocked_confirmation
2022-07-01,2022-08-01,1,6.428546652772016,6.422246008793335,scaled_conformal,60.0,150,2022-07-01,6.2689438779901385,6.575548139596532,True,0.30660426160639354,6.062685331220574,6.781806686366097,True,0.7191213551455231,5.778153869044104,7.066338148542567,True,1.2881842794984628,0.06174935339440402,blocked_confirmation
2022-07-01,2022-10-01,3,6.261419287937881,6.407862038367972,scaled_conformal,60.0,148,2022-07-01,6.17396839303602,6.641755683699923,True,0.4677872906639031,5.959872326940541,6.855851749795402,True,0.895979422854861,5.521793753170589,7.2939303235653545,True,1.7721365703947658,0.1052494196246416,blocked_confirmation
2022-07-01,2023-01-01,6,5.361407785430002,5.973704773714363,scaled_conformal,60.0,145,2022-07-01,5.0822124923178125,6.865197055110914,True,1.7829845627931018,4.583803600285185,7.363605947143542,True,2.7798023468583573,3.8763279257018146,8.071081621726911,True,4.194753696025097,0.3541750155221562,blocked_confirmation
2022-07-01,2023-07-01,12,3.3522220936896265,5.119836970159417,scaled_conformal,60.0,139,2022-07-01,2.8118612235116993,7.427812716807135,True,4.6159514932954355,0.880172531530639,9.359501408788194,True,8.479328877257554,-0.9164853774304671,11.156159317749301,True,12.072644695179768,0.9969601240124278,blocked_confirmation
2022-08-01,2022-09-01,1,6.455044919773634,6.595951665646198,scaled_conformal,60.0,151,2022-08-01,6.44169010565762,6.750213225634776,True,0.3085231199771563,6.2363909880734365,6.95551234321896,True,0.7191213551455231,5.951859525896967,7.2400438053954295,True,1.2881842794984628,0.08111585783429898,blocked_confirmation
2022-08-01,2022-11-01,3,5.855653914611847,6.1978739037942345,scaled_conformal,60.0,149,2022-08-01,5.978917053364945,6.416830754223524,False,0.9309662558709721,5.749884192366804,6.645863615221665,True,0.895979422854861,5.311805618596852,7.083942188991617,True,1.7721365703947658,0.16630180838976033,blocked_confirmation
2022-08-01,2023-02-01,6,5.067223809147062,5.833639779314059,scaled_conformal,60.0,146,2022-08-01,5.033755356614472,6.633524202013646,True,1.5997688453991739,4.480148438578846,7.187131120049273,True,2.7069826814704268,3.8120057776920526,7.855273780936066,True,4.043268003244014,0.3588605327835816,blocked_confirmation
2022-08-01,2023-08-01,12,3.374478528151472,5.2935062897348315,scaled_conformal,60.0,140,2022-08-01,2.99191802306265,7.5950945564070125,True,4.603176533344362,1.040167947991952,9.546844631477711,True,8.50667668348576,-0.9328907022304538,11.519903281700117,True,12.45279398393057,1.0238901090493928,blocked_confirmation
2022-09-01,2022-10-01,1,6.261419287937881,6.213795353285365,scaled_conformal,60.0,152,2022-09-01,6.038089826657767,6.389500879912962,True,0.3514110532551946,5.8168495585726685,6.610741147998061,True,0.7938915894253924,5.5027340992937575,6.924856607276972,True,1.4221225079832145,0.07490286142335903,blocked_confirmation
2022-09-01,2022-12-01,3,5.373080221564972,5.832879547438915,scaled_conformal,60.0,150,2022-09-01,5.581657948983339,6.084101145894491,False,1.3367541065846211,5.308710283780042,6.357048811097788,True,1.0483385273177461,4.6340801881810965,7.031678906696733,True,2.3975987185156367,0.22537199378305237,blocked_confirmation
2022-09-01,2023-03-01,6,4.3330268475854385,5.058560936766978,scaled_conformal,60.0,147,2022-09-01,4.167068655370427,5.950053218163529,True,1.7829845627931018,3.668900201669989,6.448221671863966,True,2.7793214701939775,2.961184088754429,7.1559377847795265,True,4.1947536960250975,0.370338004888485,blocked_confirmation
2022-09-01,2023-09-01,12,3.390751565240984,4.832940182042415,scaled_conformal,60.0,141,2022-09-01,2.4667418066385327,7.199138557446297,True,4.732396750807764,0.46928892225574437,9.196591441829085,True,8.72730251957334,-1.5682440177318808,11.23412438181671,True,12.802368399548591,0.9762977622964056,blocked_confirmation
2022-10-01,2022-11-01,1,5.855653914611847,6.033221667611668,scaled_conformal,60.0,153,2022-10-01,5.909251175448219,6.157192159775118,False,0.46233002767238673,5.7531532686418245,6.313290066581512,True,0.5601367979396876,5.531526500091232,6.534916835132105,True,1.0033903350408728,0.08872845141829136,blocked_confirmation
2022-10-01,2023-01-01,3,5.361407785430002,5.7910314522768624,scaled_conformal,60.0,151,2022-10-01,5.534841526180361,6.047221378373364,False,1.2061148151944394,5.236482761714719,6.3455801428390055,True,1.1090973811242861,4.592232093019044,6.989830811534681,True,2.3975987185156367,0.2134657746457859,blocked_confirmation
2022-10-01,2023-04-01,6,4.37873180186045,5.277823847702772,scaled_conformal,60.0,148,2022-10-01,4.495471280118636,6.060176415286907,False,2.0316630482010147,3.985654203291781,6.569993492113762,True,2.5843392888219814,3.256189846080765,7.299457849324778,True,4.0432680032440125,0.4051597468616609,blocked_confirmation
2022-10-01,2023-10-01,12,2.978461878685477,4.92943820195392,scaled_conformal,60.0,142,2022-10-01,2.5632398265500376,7.295636577357802,True,4.732396750807764,0.5748359093387538,9.284040494569085,True,8.709204585230331,-1.471745997820376,11.330622401728215,True,12.802368399548591,1.0484646365247499,blocked_confirmation
2022-11-01,2022-12-01,1,5.373080221564972,5.654525338478748,scaled_conformal,60.0,154,2022-11-01,5.49572652971748,5.8133241472400154,False,0.8081828501325692,5.295774418385205,6.01327625857229,True,0.7175018401870847,5.011883742295596,6.2971669346619,True,1.285283192366304,0.13679503275058685,blocked_confirmation
2022-11-01,2023-02-01,3,5.067223809147062,5.294560710550696,scaled_conformal,60.0,152,2022-11-01,5.032218641149999,5.556902779951393,True,0.5246841388013941,4.770391446891823,5.818729974209569,True,1.0483385273177461,4.095761351292878,6.4933600698085145,True,2.3975987185156367,0.1341580783027778,blocked_confirmation
2022-11-01,2023-05-01,6,3.925400542614785,4.653418638016545,scaled_conformal,60.0,149,2022-11-01,3.8710660704324087,5.43577120560068,True,1.5647051351682717,3.3626537454433216,5.944183530589768,True,2.5815297851464467,2.631784636394538,6.675052639638551,True,4.0432680032440125,0.3472862029056552,blocked_confirmation
2022-11-01,2023-11-01,12,2.727551790588455,4.397844401773919,scaled_conformal,60.0,143,2022-11-01,2.1726175998336714,6.623071203714167,True,4.450453603880495,0.10546280727197299,8.690225996275865,True,8.584763189003892,-2.0033397980003764,10.799028601548216,True,12.802368399548591,0.9846726986973355,blocked_confirmation
2022-12-01,2023-01-01,1,5.361407785430002,5.085810329857595,scaled_conformal,60.0,155,2022-12-01,4.897791773597032,5.2738288861181575,False,0.7263527097685021,4.647567131161135,5.524053528554055,True,0.8764863973929202,4.300771761445648,5.870848898269542,True,1.570077136823894,0.13872554337394732,blocked_confirmation
2022-12-01,2023-03-01,3,4.3330268475854385,4.2791650198714075,scaled_conformal,60.0,153,2022-12-01,4.005498333514932,4.552831706227883,True,0.5473333727129504,3.6874810351178056,4.8708490046250095,True,1.183367969507204,3.080365660613589,5.477964379129226,True,2.3975987185156367,0.11485171140335866,blocked_confirmation
2022-12-01,2023-06-01,6,3.231733708559348,3.290335763764495,scaled_conformal,60.0,150,2022-12-01,2.321874283952441,4.2587972435765495,True,1.9369229596241087,1.8436713753480536,4.737000152180936,True,2.893328776832883,0.888803805975733,5.6918677215532565,True,4.803063915577523,0.2980050974202186,blocked_confirmation
2022-12-01,2023-12-01,12,2.729669070936404,3.549037574928409,scaled_conformal,60.0,144,2022-12-01,1.3916253074375065,5.706449842419312,True,4.314824534981806,-0.6583843170371075,7.756459466893926,True,8.414843783931033,-2.7254471006958623,9.823522250552681,True,12.548969351248545,0.8449494947705668,blocked_confirmation
2026-01-01,2026-02-01,1,2.8327267913942364,2.6797005160963736,fixed_signed,,192,2026-01-01,2.5774866306571074,2.7302635479217243,False,0.5626298911546654,2.4847589490059416,2.8207990785400057,False,0.4553172580763718,2.412407454678302,2.888074659309156,True,0.4756672046308541,0.08185305613622218,new_2026
2026-01-01,2026-04-01,3,3.7313349390187875,3.0258141291730123,fixed_signed,,190,2026-01-01,2.626797784710945,3.1164158030871856,False,2.9492945621026485,2.523164652477401,3.4067470408739404,False,4.129461369845011,2.3672403753666273,3.5134917786072437,False,5.503114611471494,0.5080531180018929,new_2026
2026-01-01,2026-07-01,6,3.6343170471450366,3.1896794458336415,fixed_signed,,187,2026-01-01,2.5766095261190154,3.3377872262018053,False,1.9472969838557148,2.2846618377598245,3.77290388874358,True,1.4882420509837555,2.04756387632524,3.9737316385208388,True,1.9261677621955986,0.2726501828079376,new_2026
2026-02-01,2026-03-01,1,3.4816112044785443,3.152094205388636,fixed_signed,,193,2026-02-01,3.0498803199493696,3.2026572372139865,False,1.268592786322848,2.957152638298204,3.293192767832268,False,2.220224495996829,2.8848011439705643,3.3604683486014184,False,2.898524322173373,0.24253010338114794,new_2026
2026-02-01,2026-05-01,3,4.0291390093658634,3.3939696383218347,fixed_signed,,191,2026-02-01,2.9949532938597674,3.484571312236008,False,2.6678888068956623,2.8913201616262234,3.774902550022763,False,3.4259469818275456,2.73539588451545,3.881647287756066,False,4.096085835436563,0.43770167920014647,new_2026
2026-03-01,2026-04-01,1,3.7313349390187875,3.7659047708509137,fixed_signed,,194,2026-03-01,3.6636908854116474,3.8164678026762644,True,0.15277691726461695,3.5709632037604817,3.9070033332945457,True,0.33604012953406404,3.498611709432842,3.9742789140636963,True,0.4756672046308541,0.03224757669061897,new_2026
2026-03-01,2026-06-01,3,3.6495566412359834,4.00875260851153,fixed_signed,,192,2026-03-01,3.609736264049463,4.099354282425704,True,0.4896180183762411,3.506103131815919,4.389685520212459,True,0.8835823883965399,3.3501788547051454,4.496430257945762,True,1.1462514032406164,0.12790665635243387,new_2026
2026-04-01,2026-05-01,1,4.0291390093658634,3.9006977383116848,fixed_signed,,195,2026-04-01,3.7984838528724185,3.9512607701370355,False,0.46428987417992884,3.705756171221253,4.041796300755316,True,0.3360401295340636,3.6334046768936132,4.109071881524467,True,0.47566720463085366,0.06790870778772017,new_2026
2026-04-01,2026-07-01,3,3.6343170471450366,4.13374885684526,fixed_signed,,193,2026-04-01,3.734732512383193,4.224350530759434,False,0.8912798793288665,3.631099380149649,4.514681768546189,True,0.8835823883965399,3.4751751030388753,4.621426506279492,True,1.1462514032406164,0.1766304810525752,new_2026
2026-05-01,2026-06-01,1,3.6495566412359834,4.13836983983496,fixed_signed,,196,2026-05-01,4.036155954395694,4.1889328716603105,False,1.6991741699034586,3.943428272744528,4.279468402278591,False,3.2747564446195074,3.8710767784168882,4.346743983047742,False,4.90606994824895,0.35485122389992885,new_2026
2026-06-01,2026-07-01,1,3.6343170471450366,3.6367348921508214,fixed_signed,,197,2026-06-01,3.534521006711555,3.687297923976172,True,0.15277691726461695,3.4417933250603894,3.7778334545944534,True,0.33604012953406404,3.36944183073275,3.845109035363604,True,0.4756672046308541,0.027654435715427354,new_2026
2026-01-01,2026-02-01,1,2.8327267913942364,2.6797005160963736,rolling_conformal,60.0,192,2026-01-01,2.5806721091154263,2.778728923077321,False,0.4140482872295568,2.444727504245314,2.9146735279474334,True,0.4699460237021196,2.3982553991825974,2.9611456330101498,True,0.5628902338275523,0.07290409243368863,new_2026
2026-01-01,2026-04-01,3,3.7313349390187875,3.0258141291730123,rolling_conformal,60.0,190,2026-01-01,2.7939587032696815,3.257669555076343,False,2.3583723875764395,2.579906896469339,3.4717213618766856,False,3.487950236828367,2.3560722893128556,3.695555969033169,False,2.055063079432685,0.3982576227061338,new_2026
2026-01-01,2026-07-01,6,3.6343170471450366,3.1896794458336415,rolling_conformal,60.0,187,2026-01-01,2.6238757867365226,3.7554831049307604,True,1.1316073181942379,2.2886945736834523,4.090664317983831,True,1.8019697443003784,1.8589335426115157,4.520425349055767,True,2.661491806444251,0.2338549128447164,new_2026
2026-02-01,2026-03-01,1,3.4816112044785443,3.152094205388636,rolling_conformal,60.0,193,2026-02-01,3.0513122035703084,3.2528762072069632,False,1.1165039927229792,2.917121193537576,3.3870672172396956,False,1.415385896090607,2.8706490884748597,3.433539322302412,False,1.5243278773501994,0.18903985177207705,new_2026
2026-02-01,2026-05-01,3,4.0291390093658634,3.3939696383218347,rolling_conformal,60.0,191,2026-02-01,3.162114212418504,3.6258250642251655,False,2.0769666323694533,2.949061648796781,3.8388776278468884,False,2.7924297942398586,2.7492203687223107,4.038718907921359,True,1.289498539199048,0.33729835714237594,new_2026
2026-03-01,2026-04-01,1,3.7313349390187875,3.7659047708509137,rolling_conformal,60.0,194,2026-03-01,3.6651227690325863,3.866686772669241,True,0.20156400363665483,3.530931758999854,4.0008777827019735,True,0.4699460237021196,3.466533796144838,4.065275745556989,True,0.5987419494121511,0.04131646190458465,new_2026
2026-03-01,2026-06-01,3,3.6495566412359834,4.00875260851153,rolling_conformal,60.0,192,2026-03-01,3.7768971826081996,4.240608034414861,False,0.9730730172955262,3.5638446189864768,4.453660598036584,True,0.8898159790501072,3.3640033389120063,4.653501878111054,True,1.289498539199048,0.1646636465218909,new_2026
2026-04-01,2026-05-01,1,4.0291390093658634,3.9006977383116848,rolling_conformal,60.0,195,2026-04-01,3.8016693313307375,3.999726145292632,False,0.3157082702548202,3.665724726460625,4.1356707501627445,True,0.4699460237021196,3.601326763605609,4.20006871301776,True,0.5987419494121511,0.06287982940903254,new_2026
2026-04-01,2026-07-01,3,3.6343170471450366,4.13374885684526,rolling_conformal,60.0,193,2026-04-01,3.9018934309419295,4.365604282748591,False,1.5340163869942334,3.6888408673202067,4.578656846370314,False,1.4350541808018082,3.4640070169851036,4.803490696705417,True,1.3394836797203133,0.24105702961853331,new_2026
2026-05-01,2026-06-01,1,3.6495566412359834,4.13836983983496,rolling_conformal,60.0,196,2026-05-01,4.0393414328540125,4.237398246815907,False,1.7571959804340107,3.9033968279839,4.3733428516860196,False,3.0083478911812853,3.838998865128884,4.437740814541035,False,4.3875864272701675,0.3439770585398936,new_2026
2026-06-01,2026-07-01,1,3.6343170471450366,3.6367348921508214,rolling_conformal,60.0,197,2026-06-01,3.537706485169874,3.7357632991317686,True,0.19805681396189456,3.3940561397660125,3.87941364453563,True,0.4853575047696177,3.307217893060913,3.96625189124073,True,0.659033998179817,0.03777445039409104,new_2026
2026-01-01,2026-02-01,1,2.8327267913942364,2.6797005160963736,ew_conformal,0.98,192,2026-01-01,2.590951801428869,2.768449230763878,False,0.4346076718564422,2.4859305954667876,2.8734704367259596,True,0.38753984125917196,2.4129681705338455,2.9464328616589017,True,0.5334646911250562,0.07159779265577484,new_2026
2026-01-01,2026-04-01,3,3.7313349390187875,3.0258141291730123,ew_conformal,0.98,190,2026-01-01,2.856299051456012,3.1953292068900128,False,2.4830530839491,2.5961904623261516,3.455437796019873,False,3.6182187636828673,2.44613483295728,3.6054934253887447,False,3.6761888650323216,0.43404428443716153,new_2026
2026-01-01,2026-07-01,6,3.6343170471450366,3.1896794458336415,ew_conformal,0.98,187,2026-01-01,2.792940093603595,3.586418798063688,False,0.985071700785487,2.4341606075505875,3.9451982841166955,True,1.511037676566108,2.253136115095686,4.126222776571597,True,1.8730866614759107,0.203812807594993,new_2026
2026-02-01,2026-03-01,1,3.4816112044785443,3.152094205388636,ew_conformal,0.98,193,2026-02-01,3.0633454907211313,3.2408429200561404,False,1.140570567024625,2.963155293131533,3.341033117645739,False,1.783658692842261,2.888456659905922,3.4157317508713496,False,1.844864163109322,0.20586006249737218,new_2026
2026-02-01,2026-05-01,3,4.0291390093658634,3.3939696383218347,ew_conformal,0.98,191,2026-02-01,3.2128390336072457,3.575100243036424,False,2.1784162747469367,2.964345971474974,3.8235933051686954,False,2.914704375665402,2.8142903421061023,3.973648934537567,False,2.26916008899739,0.36203348463575946,new_2026
2026-03-01,2026-04-01,1,3.7313349390187875,3.7659047708509137,ew_conformal,0.98,194,2026-03-01,3.673557510925364,3.8582520307764634,True,0.18469451985109941,3.5628299459078976,3.96897959579393,True,0.4061496498860322,3.490307315278507,4.0415022264233205,True,0.5511949111448136,0.03760950183562338,new_2026
2026-03-01,2026-06-01,3,3.6495566412359834,4.00875260851153,ew_conformal,0.98,192,2026-03-01,3.8276220037969413,4.1898832132261195,False,1.0745226596730095,3.57176217588456,4.445743041138501,True,0.8739808652539409,3.3701963070349144,4.647308909988147,True,1.2771126029532325,0.17128067577973757,new_2026
2026-04-01,2026-05-01,1,4.0291390093658634,3.9006977383116848,ew_conformal,0.98,195,2026-04-01,3.81194902364418,3.9894464529791893,False,0.3362676548817056,3.699762846843035,4.101632629780335,True,0.4018697829372999,3.625100282739278,4.1762951938840915,True,0.5511949111448136,0.06172407802813897,new_2026
2026-04-01,2026-07-01,3,3.6343170471450366,4.13374885684526,ew_conformal,0.98,193,2026-04-01,3.938570479465459,4.328927234225062,False,1.607370484041292,3.687841624141587,4.5796560895489336,False,1.427060235372851,3.4640070169851036,4.803490696705417,True,1.3394836797203133,0.24606820953821015,new_2026
2026-05-01,2026-06-01,1,3.6495566412359834,4.13836983983496,ew_conformal,0.98,196,2026-05-01,4.04602257990941,4.2307170997605095,False,1.7705582745448059,3.9445999192053733,4.332139760464546,False,3.3379726209530722,3.86496041506138,4.41177926460854,False,4.854894326055089,0.361025184666786,new_2026
2026-06-01,2026-07-01,1,3.6343170471450366,3.6367348921508214,ew_conformal,0.98,197,2026-06-01,3.537706485169874,3.7357632991317686,True,0.19805681396189456,3.4305346685517146,3.842935115749928,True,0.41240044719821345,3.355289775237045,3.9181800090645975,True,0.5628902338275523,0.03431648068701857,new_2026
2026-01-01,2026-02-01,1,2.8327267913942364,2.6797005160963736,scaled_conformal,60.0,192,2026-01-01,2.623238187476584,2.736162844716163,False,0.49918044395187255,2.5685364392055363,2.790864592987211,False,0.64095013785193,2.4844153302935066,2.8749857018992406,True,0.39057037160573405,0.08140908028639407,new_2026
2026-01-01,2026-04-01,3,3.7313349390187875,3.0258141291730123,scaled_conformal,60.0,190,2026-01-01,2.9499743223966193,3.1016539359494053,False,2.670403625830315,2.8393747602633357,3.212253498082689,False,5.563693147180341,2.7490060657030746,3.30262219264295,False,9.127871054456628,0.5808926225203805,new_2026
2026-01-01,2026-07-01,6,3.6343170471450366,3.1896794458336415,scaled_conformal,60.0,187,2026-01-01,3.0081573417132033,3.3712015499540797,False,1.4155061970047038,2.864191325462088,3.515167566205195,False,1.842471050141522,2.7923561833147215,3.5870027083525615,False,1.740933300887341,0.24213974856154077,new_2026
2026-02-01,2026-03-01,1,3.4816112044785443,3.152094205388636,scaled_conformal,60.0,193,2026-02-01,3.09418564873996,3.2100027620373117,False,1.2022508830622822,3.0376678120311156,3.266520598746156,False,2.3797588440389235,2.956809019585769,3.347379391191503,False,3.075206637346564,0.24487355330907007,new_2026
2026-02-01,2026-05-01,3,4.0291390093658634,3.3939696383218347,scaled_conformal,60.0,191,2026-02-01,3.3090554031421697,3.4788838735014997,False,2.370849013816785,3.1928282154910317,3.595111061152638,False,4.7425623277938636,3.1069189662552907,3.6810203103883787,False,7.536475323682783,0.5032505536970674,new_2026
2026-03-01,2026-04-01,1,3.7313349390187875,3.7659047708509137,scaled_conformal,60.0,194,2026-03-01,3.699862733688164,3.8319468080136634,True,0.1320840743254994,3.647000640619126,3.8848089010827014,True,0.2378082604635754,3.4821644223782298,4.049645119323597,True,0.5674806969453674,0.029274512968875375,new_2026
2026-03-01,2026-06-01,3,3.6495566412359834,4.00875260851153,scaled_conformal,60.0,192,2026-03-01,3.9183186211105867,4.0991865959124745,False,1.2559158943003008,3.7976745894228348,4.219830627600226,False,1.9033355200459046,3.6416944815908607,4.3758107354322,True,0.7341162538413393,0.20589037768843027,new_2026
2026-04-01,2026-05-01,1,4.0291390093658634,3.9006977383116848,scaled_conformal,60.0,195,2026-04-01,3.8432795237973427,3.958115952826027,False,0.39892865518803067,3.7872402532673775,4.014155223355992,False,0.3767528301873284,3.6116820177521856,4.189713458871184,True,0.5780314411189984,0.0658656155425085,new_2026
2026-04-01,2026-07-01,3,3.6343170471450366,4.13374885684526,scaled_conformal,60.0,193,2026-04-01,4.042169903019553,4.225327810670968,False,1.81456933114948,3.9173561062483184,4.350141607442202,False,3.263176092226703,3.746340421653202,4.521157292037318,False,3.015284360547428,0.33726858996786385,new_2026
2026-05-01,2026-06-01,1,3.6495566412359834,4.13836983983496,scaled_conformal,60.0,196,2026-05-01,4.062080531430827,4.214659148239092,False,1.8026741775876403,3.9888618962483005,4.287877783421619,False,3.692068437296489,3.7718631968773058,4.504876482792614,False,3.179144398741755,0.3494969163894671,new_2026
2026-06-01,2026-07-01,1,3.6343170471450366,3.6367348921508214,scaled_conformal,60.0,197,2026-06-01,3.5504996302991367,3.722970154002506,True,0.17247052370336924,3.473034833184695,3.8004349511169475,True,0.3274001179322523,3.1986695822270046,4.0748002020746386,True,0.876130619847634,0.03453517034695475,new_2026
2023-01-01,2023-02-01,1,5.067223809147062,5.224833225863565,fixed_signed,,156,2023-01-01,5.122619340424299,5.275396257688915,False,0.3743590423735652,5.029891658773133,5.365931788307196,True,0.33604012953406315,4.957540164445493,5.433207369076347,True,0.4756672046308541,0.06565195489616908,opened_diagnostic
2023-01-01,2023-04-01,3,4.37873180186045,4.823639791385504,fixed_signed,,154,2023-01-01,4.4246234469234365,4.9142414652996775,False,0.6731845986281861,4.320990314689892,5.204572703086432,True,0.8835823883965404,4.165066037579119,5.311317440819735,True,1.1462514032406164,0.1532631295489309,opened_diagnostic
2023-01-01,2023-07-01,6,3.3522220936896265,4.253206965839816,fixed_signed,,151,2023-01-01,3.6401370461251896,4.40131474620798,False,1.9128375098250427,3.3481893577659987,4.836431408749754,True,1.4882420509837555,3.111091396331415,5.037259158527013,True,1.9261677621955977,0.33538125906843164,opened_diagnostic
2023-01-01,2024-01-01,12,2.6629773612156957,4.3449228489472675,fixed_signed,,145,2023-01-01,3.037927811663309,4.465550150632146,False,2.92742414075929,2.5721960399230306,4.93903535822896,True,2.3668393183059293,2.41066807019956,5.651013118458291,True,3.240345048258731,0.5632942752283251,opened_diagnostic
2023-02-01,2023-03-01,1,4.3330268475854385,4.50990601064375,fixed_signed,,157,2023-02-01,4.407692125204484,4.560469042469101,False,0.45143802774079855,4.314964443553318,4.6510045730873815,True,0.33604012953406315,4.242612949225678,4.718280153856532,True,0.4756672046308541,0.07391041761408694,opened_diagnostic
2023-02-01,2023-05-01,3,3.925400542614785,4.302701761242545,fixed_signed,,155,2023-02-01,3.903685416780478,4.393303435156719,True,0.4896180183762411,3.800052284546934,4.683634672943474,True,0.8835823883965399,3.6441280074361604,4.790379410676777,True,1.1462514032406164,0.1304931208313215,opened_diagnostic
2023-02-01,2023-08-01,6,3.374478528151472,3.9717054895236767,fixed_signed,,152,2023-02-01,3.3586355698090506,4.119813269891841,True,0.7611777000827904,3.0666878814498597,4.554929932433615,True,1.4882420509837555,2.829589920015276,4.755757682210874,True,1.9261677621955977,0.20972585683284437,opened_diagnostic
2023-02-01,2024-02-01,12,2.669117439772207,3.808683951164081,fixed_signed,,146,2023-02-01,2.5016889138801224,3.9293112528489598,True,1.4276223389688374,2.035957142139844,4.402796460445774,True,2.36683931830593,1.874429172416374,5.114774220675105,True,3.240345048258731,0.37868286419476455,opened_diagnostic
2023-03-01,2023-04-01,1,4.37873180186045,4.306978568498958,fixed_signed,,158,2023-03-01,4.204764683059692,4.357541600324309,False,0.237537723409182,4.112037001408527,4.44807713094259,True,0.33604012953406315,4.039685507080886,4.51535271171174,True,0.4756672046308541,0.043613834490854445,opened_diagnostic
2023-03-01,2023-06-01,3,3.231733708559348,3.2541818008254118,fixed_signed,,156,2023-03-01,2.8551654563633444,3.344783474739585,True,0.48961801837624064,2.7515323241298004,3.63511471252634,True,0.8835823883965395,2.5956080470190264,3.741859450259643,True,1.1462514032406168,0.0797998170653648,opened_diagnostic
2023-03-01,2023-09-01,6,3.390751565240984,3.507635428117038,fixed_signed,,153,2023-03-01,2.894565508402412,3.6557432084852017,True,0.76117770008279,2.602617820043221,4.090859871026976,True,1.488242050983755,2.3655198586086366,4.291687620804235,True,1.9261677621955986,0.14110541419053707,opened_diagnostic
2023-03-01,2024-03-01,12,2.8858938294017724,3.3180107680706517,fixed_signed,,147,2023-03-01,2.011015730786693,3.4386380697555303,True,1.4276223389688374,1.5452839590464147,3.9121232773523444,True,2.3668393183059298,1.3837559893229445,4.624101037581675,True,3.240345048258731,0.27761863952005095,opened_diagnostic
2023-04-01,2023-05-01,1,3.925400542614785,4.114339454871888,fixed_signed,,159,2023-04-01,4.012125569432622,4.164902486697239,False,0.4996770245359654,3.919397887781456,4.2554380173155195,True,0.3360401295340636,3.8470463934538164,4.32271359808467,True,0.47566720463085366,0.07907888155642626,opened_diagnostic
2023-04-01,2023-07-01,3,3.3522220936896265,3.6803970337494434,fixed_signed,,157,2023-04-01,3.281380689287376,3.7709987076636167,True,0.48961801837624064,3.177747557053832,4.061329945450372,True,0.8835823883965399,3.0218232799430584,4.168074683183675,True,1.1462514032406164,0.12347508103590096,opened_diagnostic
2023-04-01,2023-10-01,6,2.978461878685477,3.475135027667375,fixed_signed,,154,2023-04-01,2.862065107952749,3.6232428080355388,True,0.76117770008279,2.570117419593558,4.058359470577313,True,1.4882420509837555,2.333019458158974,4.259187220354572,True,1.9261677621955977,0.19536102649137194,opened_diagnostic
2023-04-01,2024-04-01,12,2.786955114237992,3.5193663062825644,fixed_signed,,148,2023-04-01,2.2123712689986057,3.639993607967443,True,1.4276223389688374,1.7466394972583275,4.113478815564257,True,2.3668393183059293,1.5851115275348573,4.825456575793588,True,3.240345048258731,0.3205178185737214,opened_diagnostic
2023-05-01,2023-06-01,1,3.231733708559348,3.098953678736956,fixed_signed,,160,2023-05-01,2.9967397932976896,3.1495167105623065,False,0.48164490925278214,2.904012111646524,3.240052241180588,True,0.33604012953406404,2.8316606173188843,3.3073278219497384,True,0.4756672046308541,0.06976817583124019,opened_diagnostic
2023-05-01,2023-08-01,3,3.374478528151472,3.380328785507212,fixed_signed,,158,2023-05-01,2.981312441045145,3.4709304594213855,True,0.48961801837624064,2.877679308811601,3.7612616972081403,True,0.8835823883965395,2.7217550317008268,3.8680064349414436,True,1.1462514032406168,0.07742869779246139,opened_diagnostic
2023-05-01,2023-11-01,6,2.727551790588455,3.0576160198372575,fixed_signed,,155,2023-05-01,2.4445461001226314,3.2057238002054214,True,0.76117770008279,2.1525984117634405,3.640840462747196,True,1.4882420509837555,1.9155004503288564,3.841668212524455,True,1.9261677621955984,0.17155975224378686,opened_diagnostic
2023-05-01,2024-05-01,12,2.626866663630733,2.92866391046766,fixed_signed,,149,2023-05-01,1.6216688731837012,3.049291212152539,True,1.4276223389688376,1.1559371014434232,3.522776419749353,True,2.3668393183059298,0.994409131719953,4.234754179978683,True,3.24034504825873,0.25900154068691494,opened_diagnostic
2023-06-01,2023-07-01,1,3.3522220936896265,3.5584223172887333,fixed_signed,,161,2023-06-01,3.456208431849467,3.608985349114084,False,0.5687222699039789,3.3634807501983013,3.6995208797323653,False,0.4486266946208115,3.2911292558706617,3.766796460501516,True,0.4756672046308541,0.0896933454197634,opened_diagnostic
2023-06-01,2023-09-01,3,3.390751565240984,3.5262304518812475,fixed_signed,,159,2023-06-01,3.12721410741918,3.616832125795421,True,0.48961801837624064,3.023580975185636,3.9071633635821756,True,0.8835823883965395,2.867656698074862,4.0139081013154785,True,1.1462514032406164,0.09594707340453616,opened_diagnostic
2023-06-01,2023-12-01,6,2.729669070936404,3.511810036526782,fixed_signed,,156,2023-06-01,2.898740116812156,3.659917816894946,False,1.4374618835857973,2.606792428452965,4.095034479436721,True,1.4882420509837555,2.3696944670183813,4.295862229213979,True,1.9261677621955977,0.2844481562570839,opened_diagnostic
2023-06-01,2024-06-01,12,2.516443726818695,3.423867563153536,fixed_signed,,150,2023-06-01,2.116872525869577,3.5444948648384145,True,1.4276223389688374,1.6511407541292988,4.017980072435229,True,2.36683931830593,1.4896127844058287,4.729957832664559,True,3.240345048258731,0.3455196249009026,opened_diagnostic
2023-07-01,2023-08-01,1,3.374478528151472,3.3002768018255453,fixed_signed,,162,2023-07-01,3.198062916386279,3.350839833650896,False,0.24733169526692178,3.1053352347351133,3.4413753642691773,True,0.33604012953406404,3.0329837404074738,3.508650945038328,True,0.4756672046308541,0.04466318861846943,opened_diagnostic
2023-07-01,2023-10-01,3,2.978461878685477,2.946293075779017,fixed_signed,,160,2023-07-01,2.5472767313169498,3.0368947496931904,True,0.48961801837624064,2.443643599083406,3.3272259874799452,True,0.8835823883965395,2.2877193219726317,3.4339707252132485,True,1.1462514032406168,0.08118849001399282,opened_diagnostic
2023-07-01,2024-01-01,6,2.6629773612156957,2.752122264851313,fixed_signed,,157,2023-07-01,2.1390523451366867,2.9002300452194767,True,0.76117770008279,1.8471046567774958,3.3353467077612513,True,1.4882420509837555,1.6100066953429117,3.53617445753851,True,1.9261677621955984,0.13714270572761755,opened_diagnostic
2023-07-01,2024-07-01,12,2.5612938009445685,2.821651581262079,fixed_signed,,151,2023-07-01,1.51465654397812,2.9422788829469577,True,1.4276223389688376,1.048924772237842,3.415764090543772,True,2.3668393183059298,0.8873968025143719,4.127741850773102,True,3.24034504825873,0.25308161689842684,opened_diagnostic
2023-08-01,2023-09-01,1,3.390751565240984,3.287766784771487,fixed_signed,,163,2023-08-01,3.1855528993322206,3.3383298165968376,False,0.36246391184120297,3.092825217681055,3.428865347215119,True,0.33604012953406404,3.0204737233534154,3.4961409279842695,True,0.4756672046308541,0.05699878325142813,opened_diagnostic
2023-08-01,2023-11-01,3,2.727551790588455,3.0672597619972968,fixed_signed,,161,2023-08-01,2.6682434175352294,3.15786143591147,True,0.48961801837624064,2.5646102853016854,3.448192673698225,True,0.8835823883965395,2.4086860081909114,3.554937411431528,True,1.1462514032406168,0.12512265694290448,opened_diagnostic
2023-08-01,2024-02-01,6,2.669117439772207,2.8514043074024227,fixed_signed,,158,2023-08-01,2.2383343876877966,2.9995120877705865,True,0.76117770008279,1.9463866993286056,3.434628750312361,True,1.4882420509837555,1.7092887378940216,3.63545650008962,True,1.9261677621955984,0.15044870058398876,opened_diagnostic
2023-08-01,2024-08-01,12,2.3843422446827254,3.041211364820898,fixed_signed,,152,2023-08-01,1.734216327536939,3.1618386665057767,True,1.4276223389688376,1.268484555796661,3.635323874102591,True,2.3668393183059298,1.106956586073191,4.347301634331922,True,3.240345048258731,0.30972609401566437,opened_diagnostic
2023-09-01,2023-10-01,1,2.978461878685477,3.221140631070286,fixed_signed,,164,2023-09-01,3.1189267456310197,3.2717036628956366,False,0.7146363850467874,3.026199063979854,3.362239193513918,False,0.8134119824778329,2.9538475696522144,3.4295147742830685,True,0.4756672046308541,0.11574943740955064,opened_diagnostic
2023-09-01,2023-12-01,3,2.729669070936404,3.399410910796561,fixed_signed,,162,2023-09-01,3.0003945663344935,3.490012584710734,False,1.572519999968598,2.8967614341009496,3.780343822497489,False,2.554506020041993,2.7408371569901755,3.8870885602307923,False,1.3696131243160425,0.3005520508977798,opened_diagnostic
2023-09-01,2024-03-01,6,2.8858938294017724,3.221707429902016,fixed_signed,,159,2023-09-01,2.60863751018739,3.36981521027018,True,0.76117770008279,2.316689821828199,3.8049318728119546,True,1.4882420509837555,2.0795918603936148,4.005759622589213,True,1.9261677621955986,0.17238109099399276,opened_diagnostic
2023-09-01,2024-09-01,12,2.2355898617914387,3.3105103679805667,fixed_signed,,153,2023-09-01,2.003515330696608,3.4311376696654454,True,1.4276223389688374,1.5377835589563298,3.9046228772622595,True,2.3668393183059298,1.3762555892328596,4.61660063749159,True,3.240345048258731,0.3694477205943722,opened_diagnostic
2023-10-01,2023-11-01,1,2.727551790588455,2.886649737960592,fixed_signed,,165,2023-10-01,2.7844358525213257,2.9372127697859427,False,0.38031316499609913,2.69170817087016,3.027748300404224,True,0.33604012953406404,2.6193566765425205,3.0950238811733746,True,0.4756672046308541,0.06628989660572636,opened_diagnostic
2023-10-01,2024-01-01,3,2.6629773612156957,2.6756954925479857,fixed_signed,,163,2023-10-01,2.2766791480859183,2.766297166462159,True,0.48961801837624064,2.1730460158523743,3.056628404248914,True,0.8835823883965395,2.0171217387416007,3.163373141982217,True,1.1462514032406164,0.07840982264625425,opened_diagnostic
2023-10-01,2024-04-01,6,2.786955114237992,2.5547171692032897,fixed_signed,,160,2023-10-01,1.9416472494886636,2.7028249495714536,False,1.0976983587489428,1.6496995611294727,3.137941612113228,True,1.4882420509837555,1.4126015996948886,3.338769361890487,True,1.9261677621955984,0.1816217586893549,opened_diagnostic
2023-10-01,2024-10-01,12,2.44749551060906,2.62399482269254,fixed_signed,,154,2023-10-01,1.316999785408581,2.7446221243774187,True,1.4276223389688376,0.8512680136683031,3.218107331974233,True,2.3668393183059298,0.6897400439448329,3.9300850922035635,True,3.240345048258731,0.24110183572213684,opened_diagnostic
2023-11-01,2023-12-01,1,2.729669070936404,2.760649361491962,fixed_signed,,166,2023-11-01,2.658435476052696,2.8112123933173128,True,0.15277691726461695,2.56570779440153,2.901747923935594,True,0.33604012953406404,2.4933563000738905,2.9690235047047446,True,0.4756672046308541,0.031734785079680645,opened_diagnostic
2023-11-01,2024-02-01,3,2.669117439772207,2.2904454638094798,fixed_signed,,164,2023-11-01,1.8914291193474124,2.381047137723653,False,1.6418992265704566,1.7877959871138684,2.671378375510408,True,0.8835823883965395,1.6318717100030946,2.778123113243711,True,1.1462514032406166,0.21299474389304643,opened_diagnostic
2023-11-01,2024-05-01,6,2.626866663630733,2.222714824286254,fixed_signed,,161,2023-11-01,1.6096449045716281,2.370822604654418,False,1.7853539359880504,1.3176972162124372,2.8059392671961927,True,1.4882420509837555,1.0805992547778531,3.0067670169734515,True,1.9261677621955984,0.25529914196497355,opened_diagnostic
2023-11-01,2024-11-01,12,2.5548864560950464,2.2580431108573076,fixed_signed,,155,2023-11-01,0.9510480735733486,2.3786704125421863,False,2.132486513180278,0.4853163018330706,2.8521556201390004,True,2.3668393183059298,0.32378833210960045,3.564133380368331,True,3.240345048258731,0.3086412814735624,opened_diagnostic
2023-12-01,2024-01-01,1,2.6629773612156957,2.36360638650962,fixed_signed,,167,2023-12-01,2.261392501070354,2.414169418334971,False,1.1480086887875163,2.168664819419188,2.5047049489532522,False,1.918764252158499,2.0963133250915487,2.5719805297224028,False,2.2956038344967133,0.21238407899731496,opened_diagnostic
2023-12-01,2024-03-01,3,2.8858938294017724,2.30621453318604,fixed_signed,,165,2023-12-01,1.9071981887239726,2.3968162071002133,False,2.4459285075824773,1.8035650564904286,2.687147444886968,False,2.871046233544583,1.6476407793796548,2.7938921826202714,False,2.9862843388706373,0.3822116043718502,opened_diagnostic
2023-12-01,2024-06-01,6,2.516443726818695,2.0713175488081994,fixed_signed,,162,2023-12-01,1.4582476290935733,2.2194253291763633,False,1.9492512906521178,1.1662999407343824,2.654541991718138,True,1.4882420509837555,0.9292019792997983,2.8553697414953967,True,1.9261677621955984,0.2728595728218379,opened_diagnostic
2023-12-01,2024-12-01,12,2.6915454296161117,2.2124779938724473,fixed_signed,,156,2023-12-01,0.9054829565884883,2.333105295557326,False,2.8613828752039803,0.4397511848482103,2.80659050315414,True,2.3668393183059298,0.27822321512474013,3.5185682633834707,True,3.240345048258731,0.38673732026181623,opened_diagnostic
2024-01-01,2024-02-01,1,2.669117439772207,2.676435912847884,fixed_signed,,168,2024-01-01,2.574222027408618,2.726998944673235,True,0.15277691726461695,2.481494345757452,2.817534475291516,True,0.33604012953406404,2.4091428514298125,2.8848100560606666,True,0.4756672046308541,0.02835452543969767,opened_diagnostic
2024-01-01,2024-04-01,3,2.786955114237992,2.6957374875652844,fixed_signed,,166,2024-01-01,2.296721143103217,2.7863391614794577,False,0.49208182941037704,2.193088010869673,3.0766703992662126,True,0.8835823883965395,2.0371637337588995,3.183415136999516,True,1.1462514032406164,0.0898000227687522,opened_diagnostic
2024-01-01,2024-07-01,6,2.5612938009445685,2.88136315925817,fixed_signed,,163,2024-01-01,2.268293239543544,3.029470939626334,True,0.76117770008279,1.976345551184353,3.4645876021681086,True,1.4882420509837555,1.739247589749769,3.6654153519453674,True,1.9261677621955984,0.1701319135387582,opened_diagnostic
2024-01-01,2025-01-01,12,2.5739669409581363,3.0658213556167127,fixed_signed,,157,2024-01-01,1.7588263183327537,3.1864486573015913,True,1.4276223389688376,1.2930945465924757,3.6599338648984054,True,2.3668393183059298,1.1315665768690055,4.371911625127736,True,3.240345048258731,0.2861525646614363,opened_diagnostic
2024-02-01,2024-03-01,1,2.8858938294017724,2.799669827376047,fixed_signed,,169,2024-02-01,2.6974559419367807,2.8502328592013977,False,0.2954207980661159,2.604728260285615,2.940768389819679,True,0.33604012953406404,2.5323767659579755,3.0080439705888296,True,0.4756672046308541,0.049815592489811655,opened_diagnostic
2024-02-01,2024-05-01,3,2.626866663630733,2.749725555291054,fixed_signed,,167,2024-02-01,2.3507092108289864,2.840327229205227,True,0.48961801837624064,2.2470760785954424,3.130658466991982,True,0.8835823883965395,2.091151801484669,3.237403204725285,True,1.1462514032406164,0.09414421697883005,opened_diagnostic
2024-02-01,2024-08-01,6,2.3843422446827254,2.8187952310735347,fixed_signed,,164,2024-02-01,2.2057253113589086,2.9669030114416985,True,0.76117770008279,1.9137776229997177,3.402019673983473,True,1.4882420509837555,1.6766796615651336,3.602847423760732,True,1.9261677621955984,0.18647243183550216,opened_diagnostic
2024-02-01,2025-02-01,12,2.674401603240386,2.988720011008134,fixed_signed,,158,2024-02-01,1.6817249737241748,3.1093473126930125,True,1.4276223389688376,1.2159932019838968,3.5828325202898266,True,2.3668393183059298,1.0544652322604267,4.294810280519157,True,3.240345048258731,0.2607902779627465,opened_diagnostic
2024-03-01,2024-04-01,1,2.786955114237992,2.8094896406876724,fixed_signed,,170,2024-03-01,2.707275755248406,2.860052672513023,True,0.15277691726461695,2.6145480735972404,2.9505882031313044,True,0.33604012953406404,2.542196579269601,3.017863783900455,True,0.4756672046308541,0.030528247350269606,opened_diagnostic
2024-03-01,2024-06-01,3,2.516443726818695,2.8772433400615625,fixed_signed,,168,2024-03-01,2.478226995599495,2.9678450139757357,True,0.48961801837624064,2.374593863365951,3.2581762517624906,True,0.8835823883965395,2.218669586255177,3.364920989495794,True,1.1462514032406168,0.12813574863347957,opened_diagnostic
2024-03-01,2024-09-01,6,2.2355898617914387,2.863301867791052,fixed_signed,,165,2024-03-01,2.2502319480764257,3.0114096481592156,False,0.8197460452227379,1.9582842597172347,3.4465263107009902,True,1.4882420509837555,1.7211862982826507,3.647354060478249,True,1.9261677621955984,0.2182643164324704,opened_diagnostic
2024-03-01,2025-03-01,12,2.332029256934039,3.198647871180664,fixed_signed,,159,2024-03-01,1.891652833896705,3.3192751728655425,True,1.4276223389688376,1.4259210621564269,3.7927603804623566,True,2.3668393183059298,1.2643930924329567,4.504738140691687,True,3.240345048258731,0.33969030745972895,opened_diagnostic
2024-04-01,2024-05-01,1,2.626866663630733,2.861839675481793,fixed_signed,,171,2024-04-01,2.7596257900425267,2.9124027073071437,False,0.6838134229117911,2.666898108391361,3.002938237925425,False,0.7363545771403421,2.5945466140637214,3.0702138186945755,True,0.4756672046308541,0.1102453370283013,opened_diagnostic
2024-04-01,2024-07-01,3,2.5612938009445685,2.998284233571539,fixed_signed,,169,2024-04-01,2.5992678891094716,3.0888859074857122,False,0.6415143710358531,2.4956347568759276,3.379217145272467,True,0.8835823883965395,2.339710479765154,3.4859618830057704,True,1.1462514032406164,0.14986989087832378,opened_diagnostic
2024-04-01,2024-10-01,6,2.44749551060906,3.013299169706179,fixed_signed,,166,2024-04-01,2.4002292499915527,3.1614069500743427,True,0.76117770008279,2.108281561632362,3.5965236126161173,True,1.4882420509837555,1.8711836001977777,3.797351362393376,True,1.9261677621955984,0.20523681365068924,opened_diagnostic
2024-04-01,2025-04-01,12,2.251879788673148,3.133563239070912,fixed_signed,,160,2024-04-01,1.8265682017869531,3.2541905407557907,True,1.4276223389688376,1.360836430046675,3.727675748352605,True,2.3668393183059298,1.199308460323205,4.4396535085819355,True,3.240345048258731,0.3418424269098917,opened_diagnostic
2024-05-01,2024-06-01,1,2.516443726818695,2.4954148269133496,fixed_signed,,172,2024-05-01,2.3932009414740834,2.5459778587387003,True,0.15277691726461695,2.3004732598229176,2.6365133893569817,True,0.33604012953406404,2.228121765495278,2.703788970126132,True,0.4756672046308541,0.030313157843936043,opened_diagnostic
2024-05-01,2024-08-01,3,2.3843422446827254,2.528452787387188,fixed_signed,,170,2024-05-01,2.1294364429251207,2.6190544613013613,True,0.48961801837624064,2.0258033106915767,2.909385699088116,True,0.8835823883965395,1.8698790335808029,3.0161304368214195,True,1.1462514032406166,0.0971801671279932,opened_diagnostic
2024-05-01,2024-11-01,6,2.5548864560950464,2.722609929905662,fixed_signed,,167,2024-05-01,2.109540010191036,2.870717710273826,True,0.76117770008279,1.817592321831845,3.3058343728156006,True,1.4882420509837555,1.580494360397261,3.5066621225928594,True,1.9261677621955984,0.14836821575261736,opened_diagnostic
2024-05-01,2025-05-01,12,2.4283612526523974,2.5206682516144325,fixed_signed,,161,2024-05-01,1.2136732143304736,2.641295553299311,True,1.4276223389688376,0.7479414425901956,3.1147807608961253,True,2.3668393183059298,0.5864134728667254,3.826758521125456,True,3.240345048258731,0.22907436241907325,opened_diagnostic
2024-06-01,2024-07-01,1,2.5612938009445685,2.633440262651567,fixed_signed,,173,2024-06-01,2.5312263772123007,2.6840032944769177,True,0.15277691726461695,2.438498695561135,2.774538825095199,True,0.33604012953406404,2.3661472012334954,2.8418144058643495,True,0.4756672046308541,0.03761566667274359,opened_diagnostic
2024-06-01,2024-09-01,3,2.2355898617914387,2.376996227864471,fixed_signed,,171,2024-06-01,1.9779798834024036,2.4675979017786442,True,0.48961801837624064,1.8743467511688596,2.757929139565399,True,0.8835823883965395,1.7184224740580858,2.8646738772987024,True,1.1462514032406166,0.096793856180646,opened_diagnostic
2024-06-01,2024-12-01,6,2.6915454296161117,2.8856548348167195,fixed_signed,,168,2024-06-01,2.2725849151020934,3.0337626151848833,True,0.76117770008279,1.9806372267429024,3.468879277726658,True,1.4882420509837555,1.7435392653083184,3.6697070275039168,True,1.9261677621955984,0.15213763452261622,opened_diagnostic
2024-06-01,2025-06-01,12,2.56045184310627,2.6782454956023507,fixed_signed,,162,2024-06-01,1.3712504583183918,2.7988727972872294,True,1.4276223389688376,0.9055186865781137,3.2723580048840435,True,2.3668393183059298,0.7439907168546436,3.984335765113374,True,3.240345048258731,0.2327153129239369,opened_diagnostic
2024-07-01,2024-08-01,1,2.3843422446827254,2.4581957901682334,fixed_signed,,174,2024-07-01,2.355981904728967,2.508758821993584,True,0.15277691726461695,2.2632542230778014,2.5992943526118655,True,0.33604012953406404,2.190902728750162,2.666569933381016,True,0.4756672046308541,0.037859535783959244,opened_diagnostic
2024-07-01,2024-10-01,3,2.44749551060906,2.4067293835326264,fixed_signed,,172,2024-07-01,2.007713039070559,2.4973310574467997,True,0.48961801837624064,1.9040799068370151,2.7876622952335546,True,0.8835823883965395,1.7481556297262413,2.894407032966858,True,1.1462514032406166,0.0824166791811319,opened_diagnostic
2024-07-01,2025-01-01,6,2.5739669409581363,2.478533712459455,fixed_signed,,169,2024-07-01,1.865463792744829,2.626641492827619,True,0.76117770008279,1.573516104385638,3.0617581553693936,True,1.4882420509837555,1.336418142951054,3.2625859051466524,True,1.9261677621955984,0.13804103785091243,opened_diagnostic
2024-07-01,2025-07-01,12,2.5721812482314883,2.483287027117713,fixed_signed,,163,2024-07-01,1.1762919898337543,2.603914328802592,True,1.4276223389688376,0.7105602180934762,3.077399536399406,True,2.3668393183059298,0.5490322483700061,3.7893772966287367,True,3.240345048258731,0.2285868227264647,opened_diagnostic
2024-08-01,2024-09-01,1,2.2355898617914387,2.147353155700311,fixed_signed,,175,2024-08-01,2.045139270261045,2.197916187525662,False,0.3034716143277243,1.9524115886098792,2.288451718143943,True,0.33604012953406404,1.8800600942822396,2.3557272989130937,True,0.4756672046308541,0.050678179946412556,opened_diagnostic
2024-08-01,2024-11-01,3,2.5548864560950464,2.486092566168928,fixed_signed,,173,2024-08-01,2.0870762217068606,2.576694240083101,True,0.48961801837624064,1.9834430894733166,2.867025477869856,True,0.8835823883965395,1.8275188123625428,2.9737702156031594,True,1.1462514032406166,0.08642064530251546,opened_diagnostic
2024-08-01,2025-02-01,6,2.674401603240386,2.2082883805577778,fixed_signed,,170,2024-08-01,1.5952184608431517,2.3563961609259416,False,2.033199469340568,1.3032707724839607,2.7915128234677162,True,1.4882420509837555,1.0661728110493767,2.992340573244975,True,1.9261677621955984,0.2818540205384576,opened_diagnostic
2024-08-01,2025-08-01,12,2.7105512416058613,2.301477569157929,fixed_signed,,164,2024-08-01,0.9944825318739701,2.4221048708428077,False,2.5814078220210517,0.528750760133692,2.895590078439622,True,2.3668393183059298,0.3672227904102219,3.6075678386689525,True,3.240345048258731,0.3567399931350739,opened_diagnostic
2024-09-01,2024-10-01,1,2.44749551060906,2.4114016226795894,fixed_signed,,176,2024-09-01,2.309187737240323,2.46196465450494,True,0.15277691726461695,2.2164600555891574,2.5525001851232214,True,0.33604012953406404,2.144108561261518,2.619775765892372,True,0.4756672046308541,0.0324652989902396,opened_diagnostic
2024-09-01,2024-12-01,3,2.6915454296161117,2.7414878892589973,fixed_signed,,174,2024-09-01,2.34247154479693,2.8320895631731706,True,0.48961801837624064,2.238838412563386,3.1224208009599255,True,0.8835823883965395,2.0829141354526124,3.2291655386932288,True,1.1462514032406164,0.08372758383348221,opened_diagnostic
2024-09-01,2025-03-01,6,2.332029256934039,2.2354515754598,fixed_signed,,171,2024-09-01,1.622381655745174,2.383559355827964,True,0.76117770008279,1.330433967385983,2.8186760183697386,True,1.4882420509837555,1.093336005951399,3.0195037681469974,True,1.9261677621955984,0.13820453113313494,opened_diagnostic
2024-09-01,2025-09-01,12,2.7493004074015777,2.6202137610716036,fixed_signed,,165,2024-09-01,1.3132187237876447,2.7408410627564823,False,1.461459717549219,0.8474869520473667,3.2143262703532964,True,2.3668393183059298,0.6859589823238965,3.926304030582627,True,3.240345048258731,0.23674555337023465,opened_diagnostic
2024-10-01,2024-11-01,1,2.5548864560950464,2.687697342674068,fixed_signed,,177,2024-10-01,2.5854834572348016,2.7382603744994185,False,0.2751649218236376,2.492755775583636,2.8287959051177,True,0.33604012953406404,2.4204042812559963,2.8960714858868504,True,0.4756672046308541,0.055024013408676915,opened_diagnostic
2024-10-01,2025-01-01,3,2.5739669409581363,2.562181026415745,fixed_signed,,175,2024-10-01,2.1631646819536776,2.6527827003299183,True,0.48961801837624064,2.0595315497201336,2.943113938116673,True,0.8835823883965395,1.9036072726093598,3.0498586758499764,True,1.1462514032406166,0.07827664881912587,opened_diagnostic
2024-10-01,2025-04-01,6,2.251879788673148,2.2636093849900965,fixed_signed,,172,2024-10-01,1.6505394652754704,2.4117171653582603,True,0.76117770008279,1.3585917769162794,2.846833827900035,True,1.4882420509837555,1.1214938154816954,3.0476615776772937,True,1.9261677621955984,0.12608337611066492,opened_diagnostic
2024-10-01,2025-10-01,12,2.676442126276537,2.715111721592476,fixed_signed,,166,2024-10-01,1.4081166843085169,2.8357390232773545,True,1.4276223389688376,0.9423849125682389,3.3092242308741686,True,2.3668393183059298,0.7808569428447687,4.021201991103499,True,3.240345048258731,0.22141187618391664,opened_diagnostic
2024-11-01,2024-12-01,1,2.6915454296161117,2.6079515687214094,fixed_signed,,178,2024-11-01,2.505737683282143,2.65851460054676,False,0.284900233542023,2.4130100016309775,2.7490501311650415,True,0.33604012953406404,2.340658507303338,2.816325711934192,True,0.4756672046308541,0.04868838914794456,opened_diagnostic
2024-11-01,2025-02-01,3,2.674401603240386,2.228494370536713,fixed_signed,,176,2024-11-01,1.8294780260746455,2.319096044450886,False,1.9108402535342406,1.7258448938411015,2.609427282237641,False,1.5333255984239909,1.5699206167303277,2.7161720199709443,True,1.1462514032406166,0.2603739456399505,opened_diagnostic
2024-11-01,2025-05-01,6,2.4283612526523974,2.162430118069335,fixed_signed,,173,2024-11-01,1.5493601983547087,2.3105378984374987,False,1.232471116942385,1.2574125099955178,2.7456545609792733,True,1.4882420509837555,1.0203145485609337,2.946482310756532,True,1.9261677621955984,0.1960616970672237,opened_diagnostic
2024-11-01,2025-11-01,12,2.781154688605535,2.3379693874819196,fixed_signed,,167,2024-11-01,1.0309743501979607,2.4585966891667983,False,2.717854336723785,0.5652425784576827,2.9320818967636124,True,2.3668393183059298,0.4037146087342125,3.644059656992943,True,3.240345048258731,0.37135926256750956,opened_diagnostic
2024-12-01,2025-01-01,1,2.5739669409581363,2.460520097641293,fixed_signed,,179,2024-12-01,2.358306212202027,2.511083129466644,False,0.40431216323058683,2.265578530550861,2.601618660084925,True,0.33604012953406404,2.1932270362232216,2.6688942408540757,True,0.4756672046308541,0.06148252447171926,opened_diagnostic
2024-12-01,2025-03-01,3,2.332029256934039,2.2006283600364944,fixed_signed,,177,2024-12-01,1.801612015574427,2.2912300339506677,False,0.6528149103097252,1.697978883340883,2.5815612717374226,True,0.8835823883965395,1.5420546062301093,2.688306009470726,True,1.1462514032406166,0.10702142429368235,opened_diagnostic
2024-12-01,2025-06-01,6,2.56045184310627,2.4018768333461153,fixed_signed,,174,2024-12-01,1.7888069136314892,2.549984613714279,False,0.8030466176507538,1.4968592252722983,2.985101276256054,True,1.4882420509837555,1.2597612638377143,3.1859290260333126,True,1.9261677621955984,0.1500519292859775,opened_diagnostic
2024-12-01,2025-12-01,12,2.837444600374882,2.5848839848964036,fixed_signed,,168,2024-12-01,1.2778889476124446,2.7055112865812823,False,1.9553555941432361,0.8121571758721666,3.1789964941780964,True,2.3668393183059298,0.6506292061486965,3.890974254407427,True,3.240345048258731,0.2896629687195936,opened_diagnostic
2025-01-01,2025-02-01,1,2.674401603240386,2.535317176852423,fixed_signed,,180,2025-01-01,2.4331032914131567,2.5858802086777737,False,0.5068624955150667,2.340375609761991,2.676415739296055,True,0.33604012953406404,2.2680241154343515,2.7436913200652056,True,0.4756672046308541,0.07247006007362781,opened_diagnostic
2025-01-01,2025-04-01,3,2.251879788673148,2.352816139720266,fixed_signed,,178,2025-01-01,1.9537997952581985,2.443417813634439,True,0.48961801837624064,1.8501666630246545,2.733749051421194,True,0.8835823883965395,1.6942423859138807,2.8404937891544972,True,1.1462514032406166,0.09101242546265824,opened_diagnostic
2025-01-01,2025-07-01,6,2.5721812482314883,2.736584596734041,fixed_signed,,175,2025-01-01,2.123514677019415,2.884692377102205,True,0.76117770008279,1.831566988660224,3.3198090396439794,True,1.4882420509837555,1.5944690272256399,3.5206367894212383,True,1.9261677621955984,0.14789391213717978,opened_diagnostic
2025-01-01,2026-01-01,12,2.83464978439742,2.878478083624583,fixed_signed,,169,2025-01-01,1.5714830463406242,2.999105385309462,True,1.4276223389688376,1.1057512746003462,3.472590592906276,True,2.3668393183059298,0.944223304876876,4.184568353135607,True,3.240345048258731,0.22214883388552012,opened_diagnostic
2025-02-01,2025-03-01,1,2.332029256934039,2.5956668024167526,fixed_signed,,181,2025-02-01,2.4934529169774864,2.6462298342421033,False,0.7984715574384071,2.4007252353263207,2.7367653648603847,False,1.0229999134568821,2.328373740998681,2.804040945629535,True,0.4756672046308541,0.13072000390805416,opened_diagnostic
2025-02-01,2025-05-01,3,2.4283612526523974,2.8348494110527733,fixed_signed,,179,2025-02-01,2.435833066590706,2.9254510849669466,False,0.5195052741294748,2.332199934357162,3.2157823227537015,True,0.8835823883965395,2.1762756572463884,3.3225270604870047,True,1.1462514032406164,0.13679748763835467,opened_diagnostic
2025-02-01,2025-08-01,6,2.7105512416058613,3.1956931989156683,fixed_signed,,176,2025-02-01,2.582623279201042,3.343800979283832,True,0.76117770008279,2.2906755908418512,3.7789176418256067,True,1.4882420509837555,2.0535776294072674,3.9797453916028656,True,1.9261677621955982,0.19371371339535898,opened_diagnostic
2025-02-01,2026-02-01,12,2.8327267913942364,3.2351759036654495,fixed_signed,,170,2025-02-01,1.9281808663814906,3.355803205350328,True,1.4276223389688376,1.4624490946412125,3.8292884129471423,True,2.3668393183059298,1.3009211249177424,4.5412661731764725,True,3.24034504825873,0.27338037860609865,opened_diagnostic
2025-03-01,2025-04-01,1,2.251879788673148,2.201592964518898,fixed_signed,,182,2025-03-01,2.0993790790796316,2.2521559963442486,True,0.15277691726461695,2.006651397428466,2.34269152696253,True,0.33604012953406404,1.9342999031008263,2.4099671077316804,True,0.4756672046308541,0.03449286130806524,opened_diagnostic
2025-03-01,2025-06-01,3,2.56045184310627,2.4459519790892394,fixed_signed,,180,2025-03-01,2.046935634627172,2.5365536530034127,False,0.5852107787876704,1.9433025023936281,2.8268848907901676,True,0.8835823883965395,1.7873782252828543,2.933629628523471,True,1.1462514032406166,0.09977812448774791,opened_diagnostic
2025-03-01,2025-09-01,6,2.7493004074015777,2.619518513907872,fixed_signed,,177,2025-03-01,2.006448594193246,2.767626294276036,True,0.76117770008279,1.714500905834055,3.2027429568178105,True,1.4882420509837555,1.477402944399471,3.4035707065950693,True,1.9261677621955984,0.14294798999305877,opened_diagnostic
2025-03-01,2026-03-01,12,3.4816112044785443,2.506445001817526,fixed_signed,,171,2025-03-01,1.199449964533567,2.6270723035024046,False,4.845777942873396,0.733718192793289,3.1005575110992187,False,6.177376252099187,0.5721902230698188,3.8125352713285494,True,3.240345048258731,0.7082235613347753,opened_diagnostic
2025-04-01,2025-05-01,1,2.4283612526523974,2.464382205478345,fixed_signed,,183,2025-04-01,2.362168320039079,2.514945237303696,True,0.15277691726461695,2.269440638387913,2.605480767921977,True,0.33604012953406404,2.1970891440602736,2.6727563486911277,True,0.4756672046308541,0.03245487968973633,opened_diagnostic
2025-04-01,2025-07-01,3,2.5721812482314883,2.6007604693201083,fixed_signed,,181,2025-04-01,2.201744124858041,2.6913621432342816,True,0.48961801837624064,2.098110992624497,2.9816933810210364,True,0.8835823883965395,1.9421867155137231,3.0884381187543397,True,1.1462514032406166,0.08067569261144425,opened_diagnostic
2025-04-01,2025-10-01,6,2.676442126276537,2.676669774782924,fixed_signed,,178,2025-04-01,2.063599855068298,2.824777555151088,True,0.76117770008279,1.771652166709107,3.2598942176928625,True,1.4882420509837555,1.534554205274523,3.4607219674701213,True,1.9261677621955984,0.12444024070915612,opened_diagnostic
2025-04-01,2026-04-01,12,3.7313349390187875,2.7584885896041733,fixed_signed,,172,2025-04-01,1.4514935523202144,2.879115891289052,False,4.83649852988778,0.9857617805799364,3.352601098885866,False,6.154177719635145,0.8242338108564662,4.064578859115197,True,3.240345048258731,0.7065665233016294,opened_diagnostic
2025-05-01,2025-06-01,1,2.56045184310627,2.477788957551284,fixed_signed,,184,2025-05-01,2.3755750721120177,2.5283519893766346,False,0.2811763321831591,2.282847390460852,2.618887519994916,True,0.33604012953406404,2.2104958961332124,2.6861631007640665,True,0.4756672046308541,0.04828939971663771,opened_diagnostic
2025-05-01,2025-08-01,3,2.7105512416058613,2.6519666376844118,fixed_signed,,182,2025-05-01,2.2529502932223444,2.742568311598585,True,0.48961801837624064,2.1493171609888004,3.03289954938534,True,0.8835823883965395,1.9933928838780266,3.139644287118643,True,1.1462514032406166,0.08496217587327703,opened_diagnostic
2025-05-01,2025-11-01,6,2.781154688605535,2.730594240669576,fixed_signed,,179,2025-05-01,2.1175243209549497,2.8787020210377396,True,0.76117770008279,1.8255766325957588,3.3138186835795143,True,1.4882420509837555,1.5884786711611747,3.514646433356773,True,1.9261677621955984,0.13163064062766644,opened_diagnostic
2025-05-01,2026-05-01,12,4.0291390093658634,2.6820078652076296,fixed_signed,,173,2025-05-01,1.3750128279236706,2.8026351668925082,False,6.333637708862258,0.9092810561833926,3.2761203744893224,False,9.897025667071343,0.7477530864599224,3.988098134718653,False,4.061162541202939,0.985638769446275,opened_diagnostic
2025-06-01,2025-07-01,1,2.5721812482314883,2.660929962898993,fixed_signed,,185,2025-06-01,2.5587160774597266,2.7114929947243436,True,0.15277691726461695,2.465988395808561,2.802028525342625,True,0.33604012953406404,2.3936369014809213,2.8693041061117754,True,0.4756672046308541,0.039987417095673036,opened_diagnostic
2025-06-01,2025-09-01,3,2.7493004074015777,2.809236985986011,fixed_signed,,183,2025-06-01,2.4102206415239436,2.899838659900184,True,0.48961801837624064,2.3065875092903996,3.190169897686939,True,0.8835823883965395,2.1506632321796255,3.2969146354202423,True,1.1462514032406168,0.08515531511084615,opened_diagnostic
2025-06-01,2025-12-01,6,2.837444600374882,2.89009928695215,fixed_signed,,180,2025-06-01,2.2770293672375237,3.0382070673203136,True,0.76117770008279,1.9850816788783328,3.4733237298620883,True,1.4882420509837555,1.7479837174437487,3.674151479639347,True,1.9261677621955984,0.1319298175764248,opened_diagnostic
2025-06-01,2026-06-01,12,3.6495566412359834,2.9374872050352843,fixed_signed,,174,2025-06-01,1.6304921677513253,3.058114506720163,False,3.7933908770321194,1.1647603960110473,3.531599714316977,False,3.5464085874959936,1.0032324262875771,4.243577474546308,True,3.240345048258731,0.5202972995774043,opened_diagnostic
2025-07-01,2025-08-01,1,2.7105512416058613,2.6613295456526327,fixed_signed,,186,2025-07-01,2.5591156602133664,2.7118925774779834,True,0.15277691726461695,2.4663879785622007,2.8024281080962647,True,0.33604012953406404,2.394036484234561,2.8697036888654153,True,0.4756672046308541,0.03434070013649075,opened_diagnostic
2025-07-01,2025-10-01,3,2.676442126276537,2.6012197761941582,fixed_signed,,184,2025-07-01,2.202203431732091,2.6918214501083315,True,0.48961801837624064,2.098570299498547,2.9821526878950864,True,0.8835823883965395,1.942646022387773,3.0888974256283896,True,1.1462514032406166,0.0873389967534098,opened_diagnostic
2025-07-01,2026-01-01,6,2.83464978439742,2.571010183704626,fixed_signed,,181,2025-07-01,1.9579402639899999,2.71911796407279,False,1.223304981381311,1.665992575630809,3.1542346266145644,True,1.4882420509837555,1.4288946141962249,3.3550623763918233,True,1.9261677621955984,0.19507961111425148,opened_diagnostic
2025-07-01,2026-07-01,12,3.6343170471450366,2.684348098385742,fixed_signed,,175,2025-07-01,1.3773530611017832,2.804975400070621,False,4.7449889272665,0.9116212893615052,3.278460607667435,False,5.925403713081947,0.750093319638035,3.9904383678967656,True,3.240345048258731,0.6902255228335438,opened_diagnostic
2023-01-01,2023-02-01,1,5.067223809147062,5.224833225863565,rolling_conformal,60.0,156,2023-01-01,5.117041397518118,5.332625054209011,False,0.41485401017511947,4.9888879344032,5.460778517323929,True,0.4718905829207287,4.877675673279524,5.5719907784476055,True,0.6943151051680818,0.07554943555785952,opened_diagnostic
2023-01-01,2023-04-01,3,4.37873180186045,4.823639791385504,rolling_conformal,60.0,154,2023-01-01,4.5660601830909515,5.081219399680056,False,1.2644727415111099,4.228497248604139,5.418782334166869,True,1.1902850855627296,4.097874933341812,5.549404649429196,True,1.451529716087384,0.20862204985741326,opened_diagnostic
2023-01-01,2023-07-01,6,3.3522220936896265,4.253206965839816,rolling_conformal,60.0,151,2023-01-01,3.6642041440132678,4.842209787666364,False,2.425933844947661,3.2457992502253847,5.260614681454246,True,2.0148154312288615,2.92246106261769,5.5839528690619415,True,2.6614918064442517,0.3975805802163167,opened_diagnostic
2023-01-01,2024-01-01,12,2.6629773612156957,4.3449228489472675,rolling_conformal,60.0,145,2023-01-01,3.427530757661973,5.262314940232562,False,4.892997768355698,1.8309876245551147,6.85885807333942,True,5.027870448784306,1.4030965870057837,7.286749110888751,True,5.883652523882967,0.8174833877220825,opened_diagnostic
2023-02-01,2023-03-01,1,4.3330268475854385,4.50990601064375,rolling_conformal,60.0,157,2023-02-01,4.4007969564663165,4.619015064821183,False,0.48929854387837857,4.2739607191833855,4.745851302104114,True,0.4718905829207287,4.162748458059709,4.857063563227791,True,0.6943151051680818,0.08361972315692208,opened_diagnostic
2023-02-01,2023-05-01,3,3.925400542614785,4.302701761242545,rolling_conformal,60.0,155,2023-02-01,4.058072252974162,4.547331269510929,False,1.0199458579742746,3.7075592184611805,4.89784430402391,True,1.1902850855627296,3.576936903198854,5.028466619286236,True,1.4515297160873826,0.18149773376231168,opened_diagnostic
2023-02-01,2023-08-01,6,3.374478528151472,3.9717054895236767,rolling_conformal,60.0,152,2023-02-01,3.359408501239315,4.584002477808038,True,1.2245939765687233,2.9642977739092458,4.979113205138107,True,2.0148154312288615,2.640959586301551,5.302451392745803,True,2.6614918064442517,0.2683766023638233,opened_diagnostic
2023-02-01,2024-02-01,12,2.669117439772207,3.808683951164081,rolling_conformal,60.0,146,2023-02-01,2.8912918598787867,4.7260760424493755,False,2.7234818629969073,1.2947487267719282,6.322619175556234,True,5.027870448784306,0.8668576892225972,6.750510213105565,True,5.883652523882969,0.5850352550050693,opened_diagnostic
2023-03-01,2023-04-01,1,4.37873180186045,4.306978568498958,rolling_conformal,60.0,158,2023-03-01,4.197869514321525,4.416087622676391,True,0.21821810835486666,4.071033277038594,4.5429238599593225,True,0.4718905829207287,3.959821015914917,4.654136121082999,True,0.6943151051680818,0.049238844948554183,opened_diagnostic
2023-03-01,2023-06-01,3,3.231733708559348,3.2541818008254118,rolling_conformal,60.0,156,2023-03-01,3.009552292557028,3.4988113090937953,True,0.4892590165367672,2.659039258044047,3.8493243436067766,True,1.1902850855627296,2.5284169427817202,3.9799466588691033,True,1.451529716087383,0.09289822703653308,opened_diagnostic
2023-03-01,2023-09-01,6,3.390751565240984,3.507635428117038,rolling_conformal,60.0,153,2023-03-01,2.89359143193576,4.121679424298316,True,1.228087992362556,2.500227712502607,4.515043143731469,True,2.014815431228862,2.176889524894912,4.838381331339164,True,2.661491806444252,0.20000573227821847,opened_diagnostic
2023-03-01,2024-03-01,12,2.8858938294017724,3.3180107680706517,rolling_conformal,60.0,147,2023-03-01,2.385818787259955,4.250202748881348,True,1.8643839616213929,0.7383822464505032,5.8976392896908,True,5.159257043240297,0.37618450612916776,6.259837030012136,True,5.883652523882969,0.42636079721656167,opened_diagnostic
2023-04-01,2023-05-01,1,3.925400542614785,4.114339454871888,rolling_conformal,60.0,159,2023-04-01,4.006547626526441,4.222131283217335,False,0.5401719923375179,3.8783941634115235,4.350284746332252,True,0.4718905829207287,3.767181902287847,4.461497007455929,True,0.6943151051680818,0.08897636221811656,opened_diagnostic
2023-04-01,2023-07-01,3,3.3522220936896265,3.6803970337494434,rolling_conformal,60.0,157,2023-04-01,3.422817425454891,3.9379766420439957,False,0.7975405436501628,3.0852544909680786,4.275539576530808,True,1.1902850855627296,2.954632175705752,4.4061618917931344,True,1.4515297160873826,0.15859360008659748,opened_diagnostic
2023-04-01,2023-10-01,6,2.978461878685477,3.475135027667375,rolling_conformal,60.0,154,2023-04-01,2.830141361108562,4.120128694226188,True,1.289987333117626,2.467727312052944,4.482542743281806,True,2.0148154312288624,2.144389124445249,4.805880930889501,True,2.6614918064442517,0.25868272606155834,opened_diagnostic
2023-04-01,2024-04-01,12,2.786955114237992,3.5193663062825644,rolling_conformal,60.0,148,2023-04-01,2.533910246536598,4.504822366028531,True,1.970912119491933,0.939737784662416,6.098994827902713,True,5.159257043240297,0.5775400443410805,6.461192568224048,True,5.883652523882967,0.4768691304038421,opened_diagnostic
2023-05-01,2023-06-01,1,3.231733708559348,3.098953678736956,rolling_conformal,60.0,160,2023-05-01,2.9898446245595225,3.208062732914389,False,0.3129020109347014,2.8630083872765915,3.33489897019732,True,0.4718905829207287,2.751796126152915,3.4461112313209967,True,0.6943151051680818,0.06472009462724236,opened_diagnostic
2023-05-01,2023-08-01,3,3.374478528151472,3.380328785507212,rolling_conformal,60.0,158,2023-05-01,3.112438617498276,3.648218953516148,True,0.5357803360178721,2.7851862427258474,3.975471328288577,True,1.1902850855627296,2.6545639274635207,4.106093643550904,True,1.451529716087383,0.09385005915513715,opened_diagnostic
2023-05-01,2023-11-01,6,2.727551790588455,3.0576160198372575,rolling_conformal,60.0,155,2023-05-01,2.382433538866594,3.732798500807921,True,1.3503649619413274,2.0502083042228265,4.065023735451689,True,2.0148154312288624,1.7268701166151317,4.388361923059383,True,2.6614918064442517,0.23919413958709476,opened_diagnostic
2023-05-01,2024-05-01,12,2.626866663630733,2.92866391046766,rolling_conformal,60.0,149,2023-05-01,1.9400647721829334,3.917263048752387,True,1.9771982765694538,0.34903538884751173,5.508292432087808,True,5.159257043240297,-0.013162351473823719,5.870490172409144,True,5.883652523882968,0.41580186373685857,opened_diagnostic
2023-06-01,2023-07-01,1,3.3522220936896265,3.5584223172887333,rolling_conformal,60.0,161,2023-06-01,3.4493132631113,3.6675313714661666,False,0.6065827860415602,3.322477025828369,3.7943676087490976,True,0.4718905829207287,3.2112647647046924,3.905579869872774,True,0.6943151051680818,0.0961858919601201,opened_diagnostic
2023-06-01,2023-09-01,3,3.390751565240984,3.5262304518812475,rolling_conformal,60.0,159,2023-06-01,3.2583402838723114,3.7941206198901836,True,0.5357803360178721,2.9310879090998827,4.121372994662613,True,1.19028508556273,2.800465593837556,4.251995309924939,True,1.451529716087383,0.11236843476721195,opened_diagnostic
2023-06-01,2023-12-01,6,2.729669070936404,3.511810036526782,rolling_conformal,60.0,156,2023-06-01,2.8366275555561185,4.186992517497446,False,1.7781989004201844,2.504402320912351,4.519217752141213,True,2.0148154312288615,2.1810641333046563,4.842555939748908,True,2.6614918064442517,0.3343360975272382,opened_diagnostic
2023-06-01,2024-06-01,12,2.516443726818695,3.423867563153536,rolling_conformal,60.0,150,2023-06-01,2.4095162500979956,4.438218876209076,True,2.0287026261110803,0.8207591472458571,6.0269759790612145,True,5.206216831815357,0.22913548389133798,6.618599642415734,True,6.389464158524396,0.5145664188008416,opened_diagnostic
2023-07-01,2023-08-01,1,3.374478528151472,3.3002768018255453,rolling_conformal,60.0,162,2023-07-01,3.187783413758084,3.4127701898930067,True,0.2249867761349229,3.064331510365181,3.5362220932859096,True,0.4718905829207287,2.9531192492415044,3.647434354409586,True,0.6943151051680818,0.05007210592776318,opened_diagnostic
2023-07-01,2023-10-01,3,2.978461878685477,2.946293075779017,rolling_conformal,60.0,160,2023-07-01,2.678402907770081,3.214183243787953,True,0.5357803360178721,2.3511505329976523,3.541435618560382,True,1.1902850855627296,2.2205282177353256,3.6720579338227086,True,1.451529716087383,0.09760985137666858,opened_diagnostic
2023-07-01,2024-01-01,6,2.6629773612156957,2.752122264851313,rolling_conformal,60.0,157,2023-07-01,2.0731320059899345,3.431112523712691,True,1.3579805177227566,1.7447145492368819,3.759529980465744,True,2.014815431228862,1.421376361629187,4.082868168073439,True,2.661491806444252,0.20532106134102754,opened_diagnostic
2023-07-01,2024-07-01,12,2.5612938009445685,2.821651581262079,rolling_conformal,60.0,151,2023-07-01,1.6606780304216537,3.9826251321025046,True,2.321947101680851,0.21854316535440033,5.424759997169758,True,5.206216831815357,-0.3730804980001188,6.016383660524276,True,6.389464158524396,0.4430744447676353,opened_diagnostic
2023-08-01,2023-09-01,1,3.390751565240984,3.287766784771487,rolling_conformal,60.0,163,2023-08-01,3.1752733967040254,3.4002601728389483,True,0.2249867761349229,3.0518214933111225,3.5237120762318512,True,0.4718905829207287,2.940609232187446,3.634924337355528,True,0.6943151051680818,0.05418397080541608,opened_diagnostic
2023-08-01,2023-11-01,3,2.727551790588455,3.0672597619972968,rolling_conformal,60.0,161,2023-08-01,2.8096801537027445,3.324839370291849,False,0.8436726690462617,2.472117219215932,3.6624023047786616,True,1.1902850855627296,2.3414949039536053,3.7930246200409883,True,1.451529716087383,0.16353632780760807,opened_diagnostic
2023-08-01,2024-02-01,6,2.669117439772207,2.8514043074024227,rolling_conformal,60.0,158,2023-08-01,2.1724140485410444,3.530394566263801,True,1.3579805177227566,1.8439965917879917,3.8588120230168537,True,2.014815431228862,1.5206584041802969,4.182150210624549,True,2.661491806444252,0.21862705619739878,opened_diagnostic
2023-08-01,2024-08-01,12,2.3843422446827254,3.041211364820898,rolling_conformal,60.0,152,2023-08-01,1.8022337584710886,4.280188971170707,True,2.4779552126996185,0.4381029489132193,5.644319780728576,True,5.206216831815357,-0.15352071444129978,6.235943444083096,True,6.389464158524396,0.5108623583862133,opened_diagnostic
2023-09-01,2023-10-01,1,2.978461878685477,3.221140631070286,rolling_conformal,60.0,164,2023-09-01,3.1086472430028245,3.3336340191377474,False,0.7457282334043125,2.9851953396099216,3.4570859225306503,False,0.5392251921651736,2.873983078486245,3.568298183654327,True,0.6943151051680818,0.11325991686240114,opened_diagnostic
2023-09-01,2023-12-01,3,2.729669070936404,3.399410910796561,rolling_conformal,60.0,162,2023-09-01,3.1418313025020086,3.656990519091113,False,2.163808142851522,2.804268368015196,3.9945534535779257,False,1.9362780563506483,2.6736460527528694,4.125175768840252,True,1.451529716087383,0.326293499166398,opened_diagnostic
2023-09-01,2024-03-01,6,2.8858938294017724,3.221707429902016,rolling_conformal,60.0,159,2023-09-01,2.5427171710406378,3.9006976887633944,True,1.3579805177227566,2.214299714287585,4.229115145516447,True,2.014815431228862,1.8909615266798903,4.5524533331241415,True,2.661491806444251,0.24055944660740278,opened_diagnostic
2023-09-01,2024-09-01,12,2.2355898617914387,3.3105103679805667,rolling_conformal,60.0,153,2023-09-01,2.051040265905538,4.5699804700555955,True,2.5189402041500575,0.707401952072888,5.9136187838882455,True,5.206216831815357,0.11577828871836893,6.505242447242765,True,6.389464158524396,0.5735114843542382,opened_diagnostic
2023-10-01,2023-11-01,1,2.727551790588455,2.886649737960592,rolling_conformal,60.0,165,2023-10-01,2.769946875914985,3.003352600006199,False,0.40298606539733317,2.643970985575783,3.129328490345401,True,0.4853575047696177,2.539492185376551,3.233807290544633,True,0.6943151051680818,0.07529914164879072,opened_diagnostic
2023-10-01,2024-01-01,3,2.6629773612156957,2.6756954925479857,rolling_conformal,60.0,163,2023-10-01,2.4181158842534334,2.933275100842538,True,0.5151592165891046,2.080552949766621,3.2708380353293505,True,1.1902850855627296,1.9499306345042942,3.401460350591677,True,1.451529716087383,0.09335824690687519,opened_diagnostic
2023-10-01,2024-04-01,6,2.786955114237992,2.5547171692032897,rolling_conformal,60.0,160,2023-10-01,1.8757269103419114,3.233707428064668,True,1.3579805177227566,1.5473094535888587,3.5621248848177207,True,2.014815431228862,1.223971265981164,3.8854630724254156,True,2.6614918064442517,0.2257629243980397,opened_diagnostic
2023-10-01,2024-10-01,12,2.44749551060906,2.62399482269254,rolling_conformal,60.0,154,2023-10-01,1.3243370862059876,3.9236525591790925,True,2.599315472973105,0.02088640678486131,5.227103238600218,True,5.206216831815357,-0.5707372565696578,5.818726901954738,True,6.389464158524396,0.45090669011222045,opened_diagnostic
2023-11-01,2023-12-01,1,2.729669070936404,2.760649361491962,rolling_conformal,60.0,166,2023-11-01,2.643946499446355,2.877352223537569,True,0.23340572409121396,2.517970609107153,3.003328113876771,True,0.4853575047696177,2.413491808907921,3.107806914076003,True,0.6943151051680818,0.04488373772455664,opened_diagnostic
2023-11-01,2024-02-01,3,2.669117439772207,2.2904454638094798,rolling_conformal,60.0,164,2023-11-01,2.0225552958005437,2.558335631818416,False,0.978907567833037,1.695302921028115,2.8855880065908446,True,1.1902850855627296,1.5646806057657883,3.0162103218531713,True,1.451529716087383,0.17876224980007568,opened_diagnostic
2023-11-01,2024-05-01,6,2.626866663630733,2.222714824286254,rolling_conformal,60.0,161,2023-11-01,1.543724565424876,2.9017050831476325,True,1.3579805177227566,1.2153071086718232,3.230122539900685,True,2.014815431228862,0.8919689210641284,3.55346072750838,True,2.6614918064442517,0.25032205215657927,opened_diagnostic
2023-11-01,2024-11-01,12,2.5548864560950464,2.2580431108573076,rolling_conformal,60.0,155,2023-11-01,0.9573463929393831,3.558739828775232,True,2.601393435835849,-0.34506530505037114,4.861151526764987,True,5.206216831815357,-0.9366889684048902,5.452775190119505,True,6.389464158524396,0.46824712076731057,opened_diagnostic
2023-12-01,2024-01-01,1,2.6629773612156957,2.36360638650962,rolling_conformal,60.0,167,2023-12-01,2.246903524464013,2.480309248555227,False,0.9640781747330882,2.1209276341248113,2.606285138894429,False,1.0522797279822846,2.0164488339255793,2.710763939093661,True,0.6943151051680818,0.15161393116941208,opened_diagnostic
2023-12-01,2024-03-01,3,2.8858938294017724,2.30621453318604,rolling_conformal,60.0,165,2023-12-01,2.038324365177104,2.574104701194976,False,1.7829368488450577,1.6706801275741894,2.9417489387978906,True,1.2710688112237012,1.5804496751423485,3.0319793912297315,True,1.451529716087383,0.2672163506416771,opened_diagnostic
2023-12-01,2024-06-01,6,2.516443726818695,2.0713175488081994,rolling_conformal,60.0,162,2023-12-01,1.3825637283244712,2.7600713692919276,True,1.3775076409674565,1.0639098331937684,3.0787252644226304,True,2.014815431228862,0.7405716455860736,3.4020634520303252,True,2.6614918064442517,0.2575703236263459,opened_diagnostic
2023-12-01,2024-12-01,12,2.6915454296161117,2.2124779938724473,rolling_conformal,60.0,156,2023-12-01,0.9117812759545227,3.5131747117903718,True,2.601393435835849,-0.39063042203523146,4.815586409780126,True,5.206216831815357,-0.9822540853897506,5.407210073134645,True,6.389464158524396,0.4942791336967285,opened_diagnostic
2024-01-01,2024-02-01,1,2.669117439772207,2.676435912847884,rolling_conformal,60.0,168,2024-01-01,2.559733050802277,2.793138774893491,True,0.23340572409121396,2.409703567285356,2.943168258410412,True,0.5334646911250562,2.329278360263843,3.023593465431925,True,0.6943151051680818,0.04287796912330048,opened_diagnostic
2024-01-01,2024-04-01,3,2.786955114237992,2.6957374875652844,rolling_conformal,60.0,166,2024-01-01,2.438157879270732,2.9533170958598367,True,0.5151592165891046,2.060203081953434,3.331271893177135,True,1.2710688112237012,1.969972629521593,3.421502345608976,True,1.451529716087383,0.10688056697439116,opened_diagnostic
2024-01-01,2024-07-01,6,2.5612938009445685,2.88136315925817,rolling_conformal,60.0,163,2024-01-01,2.192609338774442,3.5701169797418983,True,1.3775076409674565,1.8739554436437391,3.888770874872601,True,2.014815431228862,1.5506172560360443,4.212109062480296,True,2.661491806444252,0.23970506366964675,opened_diagnostic
2024-01-01,2025-01-01,12,2.5739669409581363,3.0658213556167127,rolling_conformal,60.0,157,2024-01-01,1.6544347574158527,4.477207953817572,True,2.8227731964017195,0.46271293970903393,5.668929771524391,True,5.206216831815357,-0.12891072364548517,6.2605534348789105,True,6.389464158524396,0.5119186850107067,opened_diagnostic
2024-02-01,2024-03-01,1,2.8858938294017724,2.799669827376047,rolling_conformal,60.0,169,2024-02-01,2.6871764393085855,2.9121632154435084,True,0.2249867761349229,2.532937481813519,3.066402172938575,True,0.5334646911250562,2.452512274792006,3.146827379960088,True,0.6943151051680818,0.05354883411928661,opened_diagnostic
2024-02-01,2024-05-01,3,2.626866663630733,2.749725555291054,rolling_conformal,60.0,167,2024-02-01,2.4818353872821177,3.01761572329999,True,0.5357803360178721,2.114191149679203,3.3852599609029044,True,1.2710688112237012,2.0239606972473623,3.4754904133347453,True,1.451529716087383,0.11287368478896216,opened_diagnostic
2024-02-01,2024-08-01,6,2.3843422446827254,2.8187952310735347,rolling_conformal,60.0,164,2024-02-01,2.1300414105898064,3.507549051557263,True,1.3775076409674565,1.8113875154591037,3.8262029466879657,True,2.014815431228862,1.4880493278514089,4.14954113429566,True,2.661491806444251,0.2560455819663907,opened_diagnostic
2024-02-01,2025-02-01,12,2.674401603240386,2.988720011008134,rolling_conformal,60.0,158,2024-02-01,1.5773334128072738,4.4001066092089935,True,2.8227731964017195,0.38561159510045506,5.5918284269158125,True,5.206216831815357,-0.20601206825406404,6.183452090270332,True,6.389464158524396,0.48655639831201686,opened_diagnostic
2024-03-01,2024-04-01,1,2.786955114237992,2.8094896406876724,rolling_conformal,60.0,170,2024-03-01,2.696996252620211,2.921983028755134,True,0.2249867761349229,2.5427572951251443,3.0762219862502005,True,0.5334646911250562,2.4623320881036315,3.1566471932717133,True,0.6943151051680818,0.044450337608423054,opened_diagnostic
2024-03-01,2024-06-01,3,2.516443726818695,2.8772433400615625,rolling_conformal,60.0,168,2024-03-01,2.5556396439992723,3.1988470361238526,False,0.7999910608468888,2.241708934449712,3.512777745673413,True,1.2710688112237012,2.151478482017871,3.603008198105254,True,1.451529716087383,0.16573741107425574,opened_diagnostic
2024-03-01,2024-09-01,6,2.2355898617914387,2.863301867791052,rolling_conformal,60.0,165,2024-03-01,2.1745480473073235,3.55205568827478,True,1.3775076409674565,1.8558941521766208,3.8707095834054828,True,2.014815431228862,1.532555964568926,4.194047771013178,True,2.661491806444252,0.28365401333907697,opened_diagnostic
2024-03-01,2025-03-01,12,2.332029256934039,3.198647871180664,rolling_conformal,60.0,159,2024-03-01,1.7872612729798039,4.610034469381524,True,2.8227731964017195,0.5955394552729851,5.801756287088343,True,5.206216831815357,0.003915791918466027,6.393379950442862,True,6.389464158524396,0.5654564278089993,opened_diagnostic
2024-04-01,2024-05-01,1,2.626866663630733,2.861839675481793,rolling_conformal,60.0,171,2024-04-01,2.7493462874143315,2.9743330635492544,False,0.7149052712693162,2.595107329919265,3.128572021044321,True,0.5334646911250562,2.514682122897752,3.208997228065834,True,0.6943151051680818,0.10979287088964819,opened_diagnostic
2024-04-01,2024-07-01,3,2.5612938009445685,2.998284233571539,rolling_conformal,60.0,169,2024-04-01,2.730394065562603,3.266174401580475,False,1.2121813944900097,2.3627498279596884,3.6338186391833895,True,1.2710688112237012,2.2725193755278474,3.7240490916152305,True,1.451529716087383,0.2060639805322077,opened_diagnostic
2024-04-01,2024-10-01,6,2.44749551060906,3.013299169706179,rolling_conformal,60.0,166,2024-04-01,2.3245453492224506,3.702052990189907,True,1.3775076409674565,2.005891454091748,4.02070688532061,True,2.0148154312288624,1.682553266484053,4.344045072928305,True,2.6614918064442517,0.2748099637815778,opened_diagnostic
2024-04-01,2025-04-01,12,2.251879788673148,3.133563239070912,rolling_conformal,60.0,160,2024-04-01,1.722176640870052,4.544949837271772,True,2.8227731964017195,0.5304548231632333,5.736671654978591,True,5.206216831815357,-0.06116884019128577,6.32829531833311,True,6.389464158524396,0.5676085472591621,opened_diagnostic
2024-05-01,2024-06-01,1,2.516443726818695,2.4954148269133496,rolling_conformal,60.0,172,2024-05-01,2.3787119648677426,2.6121176889589566,True,0.23340572409121396,2.2286824813508215,2.7621471724758777,True,0.5334646911250562,2.1482572743293087,2.8425723794973905,True,0.6943151051680818,0.04483660152753886,opened_diagnostic
2024-05-01,2024-08-01,3,2.3843422446827254,2.528452787387188,rolling_conformal,60.0,170,2024-05-01,2.260562619378252,2.796342955396124,True,0.5357803360178721,1.8929183817753374,3.1639871929990386,True,1.2710688112237012,1.8026879293434965,3.2542176454308795,True,1.451529716087383,0.11590963493812531,opened_diagnostic
2024-05-01,2024-11-01,6,2.5548864560950464,2.722609929905662,rolling_conformal,60.0,167,2024-05-01,2.033856109421934,3.4113637503893903,True,1.3775076409674565,1.715202214291231,3.730017645520093,True,2.014815431228862,1.3918640266835363,4.053355833127788,True,2.6614918064442517,0.2179413658835059,opened_diagnostic
2024-05-01,2025-05-01,12,2.4283612526523974,2.5206682516144325,rolling_conformal,60.0,161,2024-05-01,1.1092816534135725,3.9320548498152927,True,2.8227731964017204,-0.08244016429324619,5.123776667522112,True,5.206216831815357,-0.6740638276477653,5.71540033087663,True,6.389464158524396,0.45484048276834377,opened_diagnostic
2024-06-01,2024-07-01,1,2.5612938009445685,2.633440262651567,rolling_conformal,60.0,173,2024-06-01,2.51673740060596,2.750143124697174,True,0.23340572409121396,2.366707917089039,2.900172608214095,True,0.5334646911250562,2.286282710067526,2.980597815235608,True,0.6943151051680818,0.0521391103563464,opened_diagnostic
2024-06-01,2024-09-01,3,2.2355898617914387,2.376996227864471,rolling_conformal,60.0,171,2024-06-01,2.055392531802181,2.698599923926761,True,0.6432073921245802,1.7414618222526204,3.0125306334763216,True,1.2710688112237012,1.6512313698207794,3.1027610859081625,True,1.451529716087383,0.12319668514125726,opened_diagnostic
2024-06-01,2024-12-01,6,2.6915454296161117,2.8856548348167195,rolling_conformal,60.0,168,2024-06-01,2.1969010143329912,3.5744086553004477,True,1.3775076409674565,1.8782471192022885,3.8930625504311505,True,2.014815431228862,1.5549089315945936,4.216400738038845,True,2.6614918064442517,0.22171078465350477,opened_diagnostic
2024-06-01,2025-06-01,12,2.56045184310627,2.6782454956023507,rolling_conformal,60.0,162,2024-06-01,1.2668588974014907,4.0896320938032105,True,2.8227731964017195,0.07513707969467198,5.281353911510029,True,5.206216831815357,-0.5164865836598471,5.8729775748645485,True,6.389464158524396,0.4584814332732073,opened_diagnostic
2024-07-01,2024-08-01,1,2.3843422446827254,2.4581957901682334,rolling_conformal,60.0,174,2024-07-01,2.3414929281226264,2.5748986522138404,True,0.23340572409121396,2.1914634446057053,2.7249281357307615,True,0.5334646911250562,2.1110382375841925,2.8053533427522743,True,0.6943151051680818,0.052382979467562055,opened_diagnostic
2024-07-01,2024-10-01,3,2.44749551060906,2.4067293835326264,rolling_conformal,60.0,172,2024-07-01,2.0785544434728096,2.7349043235924433,True,0.6563498801196337,1.7711949779207758,3.042263789144477,True,1.2710688112237012,1.680964525488935,3.132494241576318,True,1.451529716087383,0.10975825728424696,opened_diagnostic
2024-07-01,2025-01-01,6,2.5739669409581363,2.478533712459455,rolling_conformal,60.0,169,2024-07-01,1.7897798919757268,3.1672875329431833,True,1.3775076409674565,1.471125996845024,3.485941428073886,True,2.014815431228862,1.1477878092373293,3.809279615681581,True,2.6614918064442517,0.20761418798180098,opened_diagnostic
2024-07-01,2025-07-01,12,2.5721812482314883,2.483287027117713,rolling_conformal,60.0,163,2024-07-01,1.0719004289168532,3.894673625318573,True,2.8227731964017195,-0.11982138878996551,5.086395443025392,True,5.206216831815357,-0.7114450521444846,5.678019106379911,True,6.389464158524396,0.45435294307573504,opened_diagnostic
2024-08-01,2024-09-01,1,2.2355898617914387,2.147353155700311,rolling_conformal,60.0,175,2024-08-01,2.030650293654704,2.264056017745918,True,0.23340572409121396,1.880620810137783,2.4140855012628393,True,0.5334646911250562,1.8001956031162702,2.494510708284352,True,0.6943151051680818,0.05443771669693627,opened_diagnostic
2024-08-01,2024-11-01,3,2.5548864560950464,2.486092566168928,rolling_conformal,60.0,173,2024-08-01,2.157917626109111,2.8142675062287448,True,0.6563498801196337,1.8505581605570773,3.1216269717807785,True,1.2710688112237012,1.7603277081252364,3.2118574242126194,True,1.451529716087383,0.11376222340563054,opened_diagnostic
2024-08-01,2025-02-01,6,2.674401603240386,2.2082883805577778,rolling_conformal,60.0,170,2024-08-01,1.5195345600740495,2.897042201041506,True,1.3775076409674565,1.2008806649433468,3.2156960961722088,True,2.014815431228862,0.8775424773356519,3.5390342837799036,True,2.6614918064442517,0.26056847286521917,opened_diagnostic
2024-08-01,2025-08-01,12,2.7105512416058613,2.301477569157929,rolling_conformal,60.0,164,2024-08-01,0.890090970957069,3.7128641673587888,True,2.8227731964017195,-0.3016308467497497,4.904585985065608,True,5.206216831815357,-0.8932545101042688,5.496209648420127,True,6.389464158524396,0.5000928646949003,opened_diagnostic
2024-09-01,2024-10-01,1,2.44749551060906,2.4114016226795894,rolling_conformal,60.0,176,2024-09-01,2.2946987606339824,2.5281044847251963,True,0.23340572409121396,2.1446692771170612,2.6781339682421175,True,0.5334646911250562,2.0642440700955484,2.7585591752636303,True,0.6943151051680818,0.04698874267384241,opened_diagnostic
2024-09-01,2024-12-01,3,2.6915454296161117,2.7414878892589973,rolling_conformal,60.0,174,2024-09-01,2.4133129491991805,3.069662829318814,True,0.6563498801196337,2.1059534836471467,3.377022294870848,True,1.2710688112237012,2.015723031215306,3.467252747302689,True,1.451529716087383,0.11106916193659729,opened_diagnostic
2024-09-01,2025-03-01,6,2.332029256934039,2.2354515754598,rolling_conformal,60.0,171,2024-09-01,1.5466977549760719,2.9242053959435284,True,1.3775076409674565,1.2280438598453691,3.242859291074231,True,2.014815431228862,0.9047056722376743,3.566197478681926,True,2.6614918064442517,0.2077776812640235,opened_diagnostic
2024-09-01,2025-09-01,12,2.7493004074015777,2.6202137610716036,rolling_conformal,60.0,165,2024-09-01,1.2088271628707437,4.031600359272463,True,2.8227731964017195,0.017105345163924923,5.223322176979282,True,5.206216831815357,-0.5745183181905942,5.8149458403338015,True,6.389464158524396,0.4600947181066206,opened_diagnostic
2024-10-01,2024-11-01,1,2.5548864560950464,2.687697342674068,rolling_conformal,60.0,177,2024-10-01,2.570994480628461,2.8044002047196748,False,0.29783782222487165,2.4209649971115397,2.954429688236596,True,0.5334646911250562,2.340539790090027,3.0348548952581087,True,0.6943151051680818,0.06540774949046808,opened_diagnostic
2024-10-01,2025-01-01,3,2.5739669409581363,2.562181026415745,rolling_conformal,60.0,175,2024-10-01,2.234006086355928,2.890355966475562,True,0.6563498801196337,1.9266466208038944,3.1977154320275956,True,1.2710688112237012,1.8364161683720535,3.2879458844594365,True,1.451529716087383,0.10561822692224095,opened_diagnostic
2024-10-01,2025-04-01,6,2.251879788673148,2.2636093849900965,rolling_conformal,60.0,172,2024-10-01,1.5748555645063682,2.9523632054738247,True,1.3775076409674565,1.2562016693756655,3.2710171006045274,True,2.014815431228862,0.9328634817679706,3.5943552882122223,True,2.6614918064442517,0.19565652624155347,opened_diagnostic
2024-10-01,2025-10-01,12,2.676442126276537,2.715111721592476,rolling_conformal,60.0,166,2024-10-01,1.3037251233916158,4.126498319793336,True,2.8227731964017195,0.1120033056847971,5.3182201375001545,True,5.206216831815357,-0.479620357669722,5.909843800854674,True,6.389464158524396,0.447177996533187,opened_diagnostic
2024-11-01,2024-12-01,1,2.6915454296161117,2.6079515687214094,rolling_conformal,60.0,178,2024-11-01,2.487543299920782,2.728359837522037,True,0.24081653760125477,2.3412192231588813,2.8746839142839375,True,0.5334646911250562,2.2607940161373685,2.9551091213054503,True,0.6943151051680818,0.05430379691959271,opened_diagnostic
2024-11-01,2025-02-01,3,2.674401603240386,2.228494370536713,rolling_conformal,60.0,176,2024-11-01,1.900319430476896,2.5566693105965297,False,1.1272790506950594,1.5929599649248622,2.8640287761485634,True,1.2710688112237012,1.5027295124930213,2.9542592285804044,True,1.451529716087383,0.20127335598638307,opened_diagnostic
2024-11-01,2025-05-01,6,2.4283612526523974,2.162430118069335,rolling_conformal,60.0,173,2024-11-01,1.4736762975856066,2.851183938553063,True,1.3775076409674565,1.1550224024549038,3.169837833683766,True,2.014815431228862,0.831684214847209,3.4931760212914607,True,2.6614918064442517,0.23197103170814118,opened_diagnostic
2024-11-01,2025-11-01,12,2.781154688605535,2.3379693874819196,rolling_conformal,60.0,167,2024-11-01,0.9265827892810596,3.7493559856827794,True,2.8227731964017195,-0.2651390284257591,4.941077803389598,True,5.206216831815357,-0.8567626917802782,5.5327014667441174,True,6.389464158524396,0.5049659545057122,opened_diagnostic
2024-12-01,2025-01-01,1,2.5739669409581363,2.460520097641293,rolling_conformal,60.0,179,2024-12-01,2.343817235595686,2.5772229596869,True,0.23340572409121396,2.193787752078765,2.727252443203821,True,0.5334646911250562,2.113362545057252,2.807677650225334,True,0.6943151051680818,0.05803916487203851,opened_diagnostic
2024-12-01,2025-03-01,3,2.332029256934039,2.2006283600364944,rolling_conformal,60.0,177,2024-12-01,1.8724534199766776,2.5288033000963113,True,0.6563498801196337,1.5650939544246438,2.836162765648345,True,1.2710688112237012,1.474863501992803,2.926393218080186,True,1.451529716087383,0.12270608154440567,opened_diagnostic
2024-12-01,2025-06-01,6,2.56045184310627,2.4018768333461153,rolling_conformal,60.0,174,2024-12-01,1.713123012862387,3.0906306538298436,True,1.3775076409674565,1.3944691177316844,3.4092845489605463,True,2.014815431228862,1.0711309301239895,3.732622736568241,True,2.6614918064442517,0.21663444244772578,opened_diagnostic
2024-12-01,2025-12-01,12,2.837444600374882,2.5848839848964036,rolling_conformal,60.0,168,2024-12-01,1.1734973866955436,3.996270583097264,True,2.8227731964017204,-0.018224431011275133,5.187992400804083,True,5.206216831815357,-0.6098480943657942,5.779616064158601,True,6.389464158524396,0.47773385655640704,opened_diagnostic
2025-01-01,2025-02-01,1,2.674401603240386,2.535317176852423,rolling_conformal,60.0,180,2025-01-01,2.418614314806816,2.65202003889803,False,0.3229319814606386,2.268584831289895,2.802049522414951,True,0.5334646911250562,2.188159624268382,2.882474729436464,True,0.6943151051680818,0.06809640940858598,opened_diagnostic
2025-01-01,2025-04-01,3,2.251879788673148,2.352816139720266,rolling_conformal,60.0,178,2025-01-01,2.024641199660449,2.6809910797800827,True,0.6563498801196337,1.7172817341084152,2.9883505453321164,True,1.2710688112237012,1.6270512816765743,3.0785809977639573,True,1.451529716087383,0.11835400356577332,opened_diagnostic
2025-01-01,2025-07-01,6,2.5721812482314883,2.736584596734041,rolling_conformal,60.0,175,2025-01-01,2.0478307762503127,3.425338417217769,True,1.3775076409674565,1.72917688111961,3.743992312348472,True,2.014815431228862,1.4058386935119151,4.067330499956167,True,2.661491806444252,0.21746706226806833,opened_diagnostic
2025-01-01,2026-01-01,12,2.83464978439742,2.878478083624583,rolling_conformal,60.0,169,2025-01-01,1.4670914854237231,4.289864681825443,True,2.8227731964017195,0.2753696677169044,5.481586499532262,True,5.206216831815357,-0.3162539956376147,6.073210162886781,True,6.389464158524396,0.4479149542347905,opened_diagnostic
2025-02-01,2025-03-01,1,2.332029256934039,2.5956668024167526,rolling_conformal,60.0,181,2025-02-01,2.475258533616125,2.7160750712173805,False,0.8137336443295995,2.3289344568542245,2.8623991479792807,True,0.5334646911250562,2.2485092498327117,2.9428243550007935,True,0.6943151051680818,0.12094697376990471,opened_diagnostic
2025-02-01,2025-05-01,3,2.4283612526523974,2.8348494110527733,rolling_conformal,60.0,179,2025-02-01,2.4951414396439318,3.174557382461615,False,0.9465366907838204,2.1993150054409227,3.470383816664624,True,1.2710688112237012,2.109084553009082,3.560614269096465,True,1.451529716087383,0.1827318910922521,opened_diagnostic
2025-02-01,2025-08-01,6,2.7105512416058613,3.1956931989156683,rolling_conformal,60.0,176,2025-02-01,2.50693937843194,3.8844470193993965,True,1.3775076409674565,2.1882854833012373,4.203100914530099,True,2.0148154312288615,1.8649472956935425,4.526439102137794,True,2.6614918064442517,0.26328686352624747,opened_diagnostic
2025-02-01,2026-02-01,12,2.8327267913942364,3.2351759036654495,rolling_conformal,60.0,170,2025-02-01,1.8237893054645895,4.64656250186631,True,2.8227731964017204,0.6320674877577708,5.838284319573129,True,5.206216831815357,0.04044382440325167,6.429907982927647,True,6.389464158524396,0.49914649895536917,opened_diagnostic
2025-03-01,2025-04-01,1,2.251879788673148,2.201592964518898,rolling_conformal,60.0,182,2025-03-01,2.08118469571827,2.3220012333195257,True,0.24081653760125565,1.937955419036184,2.4652305100016116,True,0.5272750909654276,1.8901804859827185,2.5130054430550772,True,0.6228249570723587,0.04834751526502845,opened_diagnostic
2025-03-01,2025-06-01,3,2.56045184310627,2.4459519790892394,rolling_conformal,60.0,180,2025-03-01,2.1177770390294226,2.7741269191490563,True,0.6563498801196337,1.8508094363078746,3.0410945218706043,True,1.1902850855627296,1.720187121045548,3.171716837132931,True,1.451529716087383,0.11798354182830452,opened_diagnostic
2025-03-01,2025-09-01,6,2.7493004074015777,2.619518513907872,rolling_conformal,60.0,177,2025-03-01,1.9307646934241438,3.3082723343916003,True,1.3775076409674565,1.612110798293441,3.626926229522303,True,2.014815431228862,1.2887726106857462,3.950264417129998,True,2.6614918064442517,0.21252114012394732,opened_diagnostic
2025-03-01,2026-03-01,12,3.4816112044785443,2.506445001817526,rolling_conformal,60.0,171,2025-03-01,1.095058403616666,3.9178316000183857,True,2.8227731964017195,-0.09666341409015278,5.109553417725205,True,5.206216831815357,-0.6882870774446719,5.701177081079724,True,6.389464158524396,0.5809632261539127,opened_diagnostic
2025-04-01,2025-05-01,1,2.4283612526523974,2.464382205478345,rolling_conformal,60.0,183,2025-04-01,2.347679343432738,2.581085067523952,True,0.23340572409121396,2.2217034530935362,2.707060957863154,True,0.4853575047696177,2.1650112307722695,2.7637531801844206,True,0.5987419494121511,0.04423850153809904,opened_diagnostic
2025-04-01,2025-07-01,3,2.5721812482314883,2.6007604693201083,rolling_conformal,60.0,181,2025-04-01,2.279156773257818,2.9223641653823984,True,0.6432073921245802,2.021081173104376,3.1804397655358407,True,1.1593585924314649,1.8780482871553712,3.3234726514848454,True,1.4454243643294742,0.10379958172430721,opened_diagnostic
2025-04-01,2025-10-01,6,2.676442126276537,2.676669774782924,rolling_conformal,60.0,178,2025-04-01,1.9976795159215457,3.3556600336443023,True,1.3579805177227566,1.7401264440449684,3.6132131055208796,True,1.8730866614759112,1.3459238715607982,4.007415678005049,True,2.661491806444251,0.18856920290105322,opened_diagnostic
2025-04-01,2026-04-01,12,3.7313349390187875,2.7584885896041733,rolling_conformal,60.0,172,2025-04-01,1.4990184875291446,4.017958691679202,True,2.5189402041500575,0.1553801736964946,5.361597005511852,True,5.206216831815357,-0.4362434896580245,5.953220668866371,True,6.389464158524396,0.5589294619578791,opened_diagnostic
2025-05-01,2025-06-01,1,2.56045184310627,2.477788957551284,rolling_conformal,60.0,184,2025-05-01,2.3643421142344407,2.591235800868127,True,0.22689368663368636,2.235110205166475,2.7204677099360928,True,0.4853575047696177,2.1784179828452084,2.7771599322573595,True,0.5987419494121511,0.050436489252424006,opened_diagnostic
2025-05-01,2025-08-01,3,2.7105512416058613,2.6519666376844118,rolling_conformal,60.0,182,2025-05-01,2.3303629416221217,2.973570333746702,True,0.6432073921245802,2.157492346608997,3.1464409287598265,True,0.9889485821508295,1.9451465074334156,3.358786767935408,True,1.4136402605019924,0.10276314892344351,opened_diagnostic
2025-05-01,2025-11-01,6,2.781154688605535,2.730594240669576,rolling_conformal,60.0,179,2025-05-01,2.055411759698912,3.4057767216402395,True,1.3503649619413274,1.7940509099316202,3.6671375714075314,True,1.8730866614759112,1.39984833744745,4.061340143891702,True,2.6614918064442517,0.1952156345494615,opened_diagnostic
2025-05-01,2026-05-01,12,4.0291390093658634,2.6820078652076296,rolling_conformal,60.0,173,2025-05-01,1.5424413538157555,3.8215743765995036,False,3.1093915538491874,0.07889944929995085,5.285116281115308,True,5.206216831815357,-0.5127242140545683,5.876739944469827,True,6.389464158524396,0.6545738147569055,opened_diagnostic
2025-06-01,2025-07-01,1,2.5721812482314883,2.660929962898993,rolling_conformal,60.0,185,2025-06-01,2.55321116381503,2.7686487619829556,True,0.21543759816792551,2.418251210514184,2.9036087152838017,True,0.4853575047696177,2.3615589881929173,2.9603009376050684,True,0.5987419494121511,0.05048760137808656,opened_diagnostic
2025-06-01,2025-09-01,3,2.7493004074015777,2.809236985986011,rolling_conformal,60.0,183,2025-06-01,2.487633289923721,3.130840682048301,True,0.6432073921245802,2.314762694910596,3.3037112770614256,True,0.9889485821508295,2.1024168557350147,3.516057116237007,True,1.4136402605019924,0.10295628816101263,opened_diagnostic
2025-06-01,2025-12-01,6,2.837444600374882,2.89009928695215,rolling_conformal,60.0,180,2025-06-01,2.245105620393337,3.5350929535109628,True,1.289987333117626,1.9728587406255298,3.80733983327877,True,1.83448109265324,1.559353383730024,4.220845190174275,True,2.661491806444251,0.190099107473022,opened_diagnostic
2025-06-01,2026-06-01,12,3.6495566412359834,2.9374872050352843,rolling_conformal,60.0,174,2025-06-01,1.7979206936434102,4.077053716427159,True,2.2791330227837485,0.33437878912760555,5.5405956209429625,True,5.206216831815357,-0.25724487422691356,6.1322192842974825,True,6.389464158524396,0.5045465328297263,opened_diagnostic
2025-07-01,2025-08-01,1,2.7105512416058613,2.6613295456526327,rolling_conformal,60.0,186,2025-07-01,2.554706408871459,2.7679526824338065,True,0.2132462735623477,2.418650793267824,2.9040082980374415,True,0.4853575047696177,2.361958570946557,2.9607005203587082,True,0.5987419494121511,0.044684361232791577,opened_diagnostic
2025-07-01,2025-10-01,3,2.676442126276537,2.6012197761941582,rolling_conformal,60.0,184,2025-07-01,2.333329608185222,2.8691099442030943,True,0.5357803360178721,2.1350542525172425,3.067385299871074,True,0.9323310473538315,1.9314779363340016,3.270961616054315,True,1.3394836797203133,0.09478958507630177,opened_diagnostic
2025-07-01,2026-01-01,6,2.83464978439742,2.571010183704626,rolling_conformal,60.0,181,2025-07-01,1.943298177705013,3.198722189704239,True,1.2554240119992262,1.653769637378006,3.488250730031246,True,1.83448109265324,1.2402642804825001,3.901756086926752,True,2.6614918064442517,0.21777100083821146,opened_diagnostic
2025-07-01,2026-07-01,12,3.6343170471450366,2.684348098385742,rolling_conformal,60.0,175,2025-07-01,1.5447815869938681,3.823914609777616,True,2.279133022783748,0.08123968247806346,5.287456514293421,True,5.206216831815357,-0.5103839808764556,5.87908017764794,True,6.389464158524396,0.5385321774809542,opened_diagnostic
2023-01-01,2023-02-01,1,5.067223809147062,5.224833225863565,ew_conformal,0.98,156,2023-01-01,5.117041397518118,5.332625054209011,False,0.41485401017511947,4.9949097265233755,5.454756725203754,True,0.45984699868037815,4.877675673279524,5.5719907784476055,True,0.6943151051680818,0.07520533315099234,opened_diagnostic
2023-01-01,2023-04-01,3,4.37873180186045,4.823639791385504,ew_conformal,0.98,154,2023-01-01,4.5660601830909515,5.081219399680056,False,1.2644727415111099,4.329165500310089,5.3181140824609185,True,0.9889485821508295,4.100927609220767,5.546351973550241,True,1.4454243643294742,0.20278235902053168,opened_diagnostic
2023-01-01,2023-07-01,6,3.3522220936896265,4.253206965839816,ew_conformal,0.98,151,2023-01-01,3.640909977555454,4.865503954124177,False,2.3793455120320335,3.2457992502253847,5.260614681454246,True,2.0148154312288615,2.92246106261769,5.5839528690619415,True,2.6614918064442517,0.3942528421509147,opened_diagnostic
2023-01-01,2024-01-01,12,2.6629773612156957,4.3449228489472675,ew_conformal,0.98,145,2023-01-01,3.427530757661973,5.262314940232562,False,4.892997768355698,2.2465320115954066,6.4433136862991285,True,4.196781674703722,1.4198916029743462,7.269954094920189,True,5.8500624919458435,0.7932581365778214,opened_diagnostic
2023-02-01,2023-03-01,1,4.3330268475854385,4.50990601064375,ew_conformal,0.98,157,2023-02-01,4.397412622576288,4.622399398711211,False,0.4825298760983223,4.280726147017365,4.739085874270135,True,0.45835972725276974,4.1984935321075705,4.821318489179929,True,0.6228249570723587,0.08172836318075175,opened_diagnostic
2023-02-01,2023-05-01,3,3.925400542614785,4.302701761242545,ew_conformal,0.98,155,2023-02-01,4.052796166371945,4.552607356113145,False,1.009393684769842,3.8117932988362515,4.793610223648839,True,0.9818169248125876,3.595881630991549,5.0095218914935415,True,1.4136402605019924,0.1742464960036283,opened_diagnostic
2023-02-01,2023-08-01,6,3.374478528151472,3.9717054895236767,ew_conformal,0.98,152,2023-02-01,3.359408501239315,4.584002477808038,True,1.2245939765687233,3.035162158785721,4.908248820261632,True,1.8730866614759112,2.640959586301551,5.302451392745803,True,2.6614918064442517,0.2643272089423105,opened_diagnostic
2023-02-01,2024-02-01,12,2.669117439772207,3.808683951164081,ew_conformal,0.98,146,2023-02-01,2.8943051094038026,4.72306279292436,False,2.729508362046939,1.7102931138122202,5.907074788515942,True,4.196781674703722,0.8836527051911598,6.733715197137002,True,5.850062491945842,0.5612404680786673,opened_diagnostic
2023-03-01,2023-04-01,1,4.37873180186045,4.306978568498958,ew_conformal,0.98,158,2023-03-01,4.193077938474824,4.420879198523092,True,0.22780126004826862,4.078357607971316,4.5355995290266,True,0.4572419210552834,3.9955660899627787,4.6183910470351375,True,0.6228249570723587,0.048483534757702694,opened_diagnostic
2023-03-01,2023-06-01,3,3.231733708559348,3.2541818008254118,ew_conformal,0.98,156,2023-03-01,3.009552292557028,3.4988113090937953,True,0.4892590165367672,2.7649312013610645,3.743432400289759,True,0.9785011989286945,2.5473616705744155,3.961001931076408,True,1.4136402605019924,0.08630598091005508,opened_diagnostic
2023-03-01,2023-09-01,6,3.390751565240984,3.507635428117038,ew_conformal,0.98,153,2023-03-01,2.89359143193576,4.121679424298316,True,1.228087992362556,2.5710920973790823,4.444178758854994,True,1.8730866614759116,2.2040565705498243,4.811214285684251,True,2.6071577151344267,0.19518013755227953,opened_diagnostic
2023-03-01,2024-03-01,12,2.8858938294017724,3.3180107680706517,ew_conformal,0.98,147,2023-03-01,2.4006186767853572,4.235402859355946,True,1.8347841825705888,1.181407630406369,5.454613905734934,True,4.273206275328565,0.39297952209773035,6.2430420140435725,True,5.850062491945842,0.39845093345921007,opened_diagnostic
2023-04-01,2023-05-01,1,3.925400542614785,4.114339454871888,ew_conformal,0.98,159,2023-04-01,4.0018460668044264,4.226832842939349,False,0.5307688728934892,3.887366501175526,4.34131240856825,True,0.45394590739272367,3.8029269763357085,4.425751933408067,True,0.6228249570723587,0.0867707179842326,opened_diagnostic
2023-04-01,2023-07-01,3,3.3522220936896265,3.6803970337494434,ew_conformal,0.98,157,2023-04-01,3.4304914388788434,3.9303026286200433,False,0.8128885704980675,3.1911464342850966,4.16964763321379,True,0.9785011989286936,2.973576903498447,4.38721716400044,True,1.4136402605019924,0.15309764159211264,opened_diagnostic
2023-04-01,2023-10-01,6,2.978461878685477,3.475135027667375,ew_conformal,0.98,154,2023-04-01,2.8351067991183214,4.115163256216428,True,1.280056457098107,2.5385916969294193,4.4116783584053305,True,1.8730866614759112,2.1715561701001613,4.7787138852345885,True,2.607157715134427,0.2531477830485109,opened_diagnostic
2023-04-01,2024-04-01,12,2.786955114237992,3.5193663062825644,ew_conformal,0.98,148,2023-04-01,2.5871743254718678,4.4515582870932615,True,1.8643839616213937,1.4209754689307035,5.617757143634425,True,4.196781674703722,0.5943350603096431,6.444397552255486,True,5.8500624919458435,0.44128082242722827,opened_diagnostic
2023-05-01,2023-06-01,1,3.231733708559348,3.098953678736956,ew_conformal,0.98,160,2023-05-01,2.985053048712822,3.2128543087610897,False,0.3033188592413003,2.8719807250405935,3.325926632433318,True,0.45394590739272456,2.7875412002007764,3.410366157273135,True,0.6228249570723587,0.0625015909469747,opened_diagnostic
2023-05-01,2023-08-01,3,3.374478528151472,3.380328785507212,ew_conformal,0.98,158,2023-05-01,3.12274917721266,3.6379083938017645,True,0.5151592165891046,2.899449275271101,3.861208295743323,True,0.961759020472222,2.673508655256216,4.087148915758208,True,1.413640260501992,0.0853065279707051,opened_diagnostic
2023-05-01,2023-11-01,6,2.727551790588455,3.0576160198372575,ew_conformal,0.98,155,2023-05-01,2.4126223532784445,3.7026096863960705,True,1.289987333117626,2.121072689099302,3.994159350575213,True,1.8730866614759112,1.754037162270044,4.361194877404471,True,2.607157715134427,0.2300558570880343,opened_diagnostic
2023-05-01,2024-05-01,12,2.626866663630733,2.92866391046766,ew_conformal,0.98,149,2023-05-01,1.9432078507216937,3.9141199702136267,True,1.970912119491933,0.5713555754859114,5.285972245449409,True,4.7146166699634975,0.0036326644947388687,5.8536951564405815,True,5.850062491945843,0.40216898425288244,opened_diagnostic
2023-06-01,2023-07-01,1,3.3522220936896265,3.5584223172887333,ew_conformal,0.98,161,2023-06-01,3.4417194552431263,3.6751251793343402,False,0.5913951703052129,3.335962330088612,3.7808823044888547,True,0.4449199744002428,3.247009838752554,3.8698347958249126,True,0.6228249570723587,0.0933091856198568,opened_diagnostic
2023-06-01,2023-09-01,3,3.390751565240984,3.5262304518812475,ew_conformal,0.98,159,2023-06-01,3.276324857010647,3.776136046751848,True,0.49981118974120076,3.052504281911754,3.999956621850741,True,0.9474523399389874,2.8194103216302513,4.233050582132243,True,1.413640260501992,0.1023198536498372,opened_diagnostic
2023-06-01,2023-12-01,6,2.729669070936404,3.511810036526782,ew_conformal,0.98,156,2023-06-01,2.8717818079777286,4.151838265075836,False,1.8485074052634047,2.5752667057888265,4.448353367264738,True,1.8730866614759112,2.2082311789595686,4.815388894093996,True,2.607157715134427,0.33453253886152934,opened_diagnostic
2023-06-01,2024-06-01,12,2.516443726818695,3.423867563153536,ew_conformal,0.98,150,2023-06-01,2.4352684248688092,4.412466701438262,True,1.9771982765694531,0.9099323387613829,5.937802787545689,True,5.027870448784306,0.4820413012120519,6.36569382509502,True,5.883652523882969,0.4985660452521036,opened_diagnostic
2023-07-01,2023-08-01,1,3.374478528151472,3.3002768018255453,ew_conformal,0.98,162,2023-07-01,3.1801075473419997,3.420446056309091,True,0.24033850896709108,3.082526375445456,3.5180272282056344,True,0.43550085276017825,3.004512503259912,3.5960411003911785,True,0.5915285971312665,0.04866057301066211,opened_diagnostic
2023-07-01,2023-10-01,3,2.978461878685477,2.946293075779017,ew_conformal,0.98,160,2023-07-01,2.688713467484465,3.2038726840735694,True,0.5151592165891046,2.473123066668443,3.4194630848895913,True,0.9463400182211483,2.239472945528021,3.6531132060300133,True,1.4136402605019924,0.08862577727077729,opened_diagnostic
2023-07-01,2024-01-01,6,2.6629773612156957,2.752122264851313,ew_conformal,0.98,157,2023-07-01,2.1071285982925,3.397115931410126,True,1.289987333117626,1.8348817185246928,3.669362811177933,True,1.83448109265324,1.4485434072840992,4.055701122418526,True,2.6071577151344267,0.19453579431978868,opened_diagnostic
2023-07-01,2024-07-01,12,2.5612938009445685,2.821651581262079,ew_conformal,0.98,151,2023-07-01,1.771349304808191,3.871953857715967,True,2.100604552907776,0.30771635686992616,5.335586805654232,True,5.027870448784306,-0.12017468067940484,5.763477843203563,True,5.883652523882968,0.41494277127379375,opened_diagnostic
2023-08-01,2023-09-01,1,3.390751565240984,3.287766784771487,ew_conformal,0.98,163,2023-08-01,3.17106392272588,3.404469646817094,True,0.23340572409121396,3.0753725351990635,3.5001610343439102,True,0.42478849914484673,3.0063216678577107,3.569211901685263,True,0.5628902338275523,0.05156205224668982,opened_diagnostic
2023-08-01,2023-11-01,3,2.727551790588455,3.0672597619972968,ew_conformal,0.98,161,2023-08-01,2.8173541671266964,3.317165356867897,False,0.8590206958941655,2.601094238320381,3.5334252856742125,True,0.9323310473538315,2.3604396317463006,3.774079892248293,True,1.4136402605019924,0.15672122212526998,opened_diagnostic
2023-08-01,2024-02-01,6,2.669117439772207,2.8514043074024227,ew_conformal,0.98,158,2023-08-01,2.2113760788533696,3.4914325359514757,True,1.2800564570981061,1.9341637610758027,3.7686448537290427,True,1.83448109265324,1.547825449835209,4.154983164969636,True,2.6071577151344267,0.20713244088905133,opened_diagnostic
2023-08-01,2024-08-01,12,2.3843422446827254,3.041211364820898,ew_conformal,0.98,152,2023-08-01,1.9877703603689911,4.094652369272805,True,2.1068820089038143,0.6839030298391493,5.398519699802646,True,4.7146166699634975,0.11618011884797674,5.966242610793819,True,5.850062491945843,0.4626056725396233,opened_diagnostic
2023-09-01,2023-10-01,1,2.978461878685477,3.221140631070286,ew_conformal,0.98,164,2023-09-01,3.107240001046152,3.33504126109442,False,0.7429137494909677,3.009666084045638,3.4326151780949337,False,0.7349911476509066,2.9396955141565098,3.502585747984062,True,0.5628902338275523,0.11677469714903274,opened_diagnostic
2023-09-01,2023-12-01,3,2.729669070936404,3.399410910796561,ew_conformal,0.98,162,2023-09-01,3.1547814025281773,3.6440404190649445,False,2.1897083429038595,2.933245387119645,3.8655764344734767,False,2.968094209186241,2.718280872636629,4.080540948956493,True,1.3622600763198638,0.3563486943973316,opened_diagnostic
2023-09-01,2024-03-01,6,2.8858938294017724,3.221707429902016,ew_conformal,0.98,159,2023-09-01,2.607663433720738,3.835751426083294,True,1.228087992362556,2.304466883575396,4.138947976228636,True,1.8344810926532396,1.9482643099891983,4.495150549814834,True,2.546886239825636,0.224491777027819,opened_diagnostic
2023-09-01,2024-09-01,12,2.2355898617914387,3.3105103679805667,ew_conformal,0.98,153,2023-09-01,2.1495368171401417,4.471483918820992,True,2.32194710168085,0.953202032998818,5.6678187029623155,True,4.7146166699634975,0.38547912200764545,6.2355416139534885,True,5.8500624919458435,0.5376890914595481,opened_diagnostic
2023-10-01,2023-11-01,1,2.727551790588455,2.886649737960592,ew_conformal,0.98,165,2023-10-01,2.769946875914985,3.003352600006199,False,0.40298606539733317,2.6596767842642297,3.1136226916569543,True,0.45394590739272456,2.605204621046816,3.168094854874368,True,0.5628902338275523,0.0725241692760148,opened_diagnostic
2023-10-01,2024-01-01,3,2.6629773612156957,2.6756954925479857,ew_conformal,0.98,163,2023-10-01,2.431937196079706,2.9194537890162655,True,0.4875165929365597,2.20952996887107,3.1418610162249014,True,0.9323310473538315,2.0130024855036455,3.338388499592326,True,1.3253860140886804,0.08221160552574344,opened_diagnostic
2023-10-01,2024-04-01,6,2.786955114237992,2.5547171692032897,ew_conformal,0.98,160,2023-10-01,1.942420180918928,3.1670141574876514,True,1.2245939765687233,1.6374766228766697,3.4719577155299097,True,1.83448109265324,1.281274049290472,3.8281602891161075,True,2.5468862398256356,0.20944568226175359,opened_diagnostic
2023-10-01,2024-10-01,12,2.44749551060906,2.62399482269254,ew_conformal,0.98,154,2023-10-01,1.3850172163427306,3.8629724290423493,True,2.4779552126996185,0.2666864877107913,4.981303157674288,True,4.7146166699634975,-0.30103642328038127,5.549026068665461,True,5.850062491945843,0.42048664308865324,opened_diagnostic
2023-11-01,2023-12-01,1,2.729669070936404,2.760649361491962,ew_conformal,0.98,166,2023-11-01,2.6404801070084165,2.8808186159755076,True,0.24033850896709108,2.53818937429184,2.983109348692084,True,0.44491997440024367,2.479204244578186,3.042094478405738,True,0.5628902338275523,0.04234608047170104,opened_diagnostic
2023-11-01,2024-02-01,3,2.669117439772207,2.2904454638094798,ew_conformal,0.98,164,2023-11-01,2.045815955541096,2.5350749720778634,False,1.025428887314142,1.8297707810054409,2.751120146613519,True,0.921349365608078,1.6352420081068764,2.945648919512083,True,1.3104069114052068,0.17238528341170495,opened_diagnostic
2023-11-01,2024-05-01,6,2.626866663630733,2.222714824286254,ew_conformal,0.98,161,2023-11-01,1.6168876596347133,2.828541988937795,True,1.211654329303082,1.3155393529860377,3.1298902955864705,True,1.8143509426004327,0.9492717043734364,3.496157944199072,True,2.5468862398256356,0.23250540235695283,opened_diagnostic
2023-11-01,2024-11-01,12,2.5548864560950464,2.2580431108573076,ew_conformal,0.98,155,2023-11-01,0.9985730087822788,3.5175132129323363,True,2.5189402041500575,-0.09926522412444116,4.615351445839057,True,4.7146166699634975,-0.6669881351156137,5.183074356830229,True,5.850062491945843,0.44060614721429303,opened_diagnostic
2023-12-01,2024-01-01,1,2.6629773612156957,2.36360638650962,ew_conformal,0.98,167,2023-12-01,2.246903524464013,2.480309248555227,False,0.9640781747330882,2.145855960129531,2.5813568128897093,False,1.2517063360200424,2.082161269595844,2.6450515034233963,False,0.92140738967354,0.1605560097491403,opened_diagnostic
2023-12-01,2024-03-01,3,2.8858938294017724,2.30621453318604,ew_conformal,0.98,165,2023-12-01,2.05630893831544,2.55612012805664,False,1.81890599512173,1.8330445240754658,2.779384542296614,False,2.011432889272731,1.6364726933258833,2.9759563730461966,True,1.3394836797203133,0.2893381770861678,opened_diagnostic
2023-12-01,2024-06-01,6,2.516443726818695,2.0713175488081994,ew_conformal,0.98,162,2023-12-01,1.4590205605238378,2.683614537092561,True,1.2245939765687233,1.164142077507983,2.9784930201084157,True,1.8143509426004327,0.7978744288953816,3.344760668721017,True,2.5468862398256356,0.23928313982821534,opened_diagnostic
2023-12-01,2024-12-01,12,2.6915454296161117,2.2124779938724473,ew_conformal,0.98,156,2023-12-01,0.9735003875226378,3.451455600222257,True,2.4779552126996194,-0.14483034110930149,4.569786328854196,True,4.7146166699634975,-0.712553252100474,5.137509239845368,True,5.850062491945842,0.4637106607543939,opened_diagnostic
2024-01-01,2024-02-01,1,2.669117439772207,2.676435912847884,ew_conformal,0.98,168,2024-01-01,2.5560276440472567,2.7968441816485115,True,0.24081653760125477,2.447256049221499,2.905615776474269,True,0.45835972725276974,2.3770649381418085,2.9758068875539596,True,0.5987419494121511,0.03989612603829621,opened_diagnostic
2024-01-01,2024-04-01,3,2.786955114237992,2.6957374875652844,ew_conformal,0.98,166,2024-01-01,2.451107979296901,2.940366995833668,True,0.4892590165367672,2.2295719638883686,3.1619030112422,True,0.9323310473538315,2.0259956477051277,3.365479327425441,True,1.3394836797203133,0.09375167319769837,opened_diagnostic
2024-01-01,2024-07-01,6,2.5612938009445685,2.88136315925817,ew_conformal,0.98,163,2024-01-01,2.275535994606629,3.487190323909711,True,1.211654329303082,1.980378287107981,3.7823480314083593,True,1.8019697443003784,1.6079200393453523,4.154806279170987,True,2.546886239825635,0.2201398708296831,opened_diagnostic
2024-01-01,2025-01-01,12,2.5739669409581363,3.0658213556167127,ew_conformal,0.98,157,2024-01-01,1.806351253541684,4.325291457691741,True,2.5189402041500575,0.9674305182648517,5.164212192968574,True,4.196781674703722,0.14079010964379135,5.9908526015896335,True,5.850062491945842,0.45366958583841904,opened_diagnostic
2024-02-01,2024-03-01,1,2.8858938294017724,2.799669827376047,ew_conformal,0.98,169,2024-02-01,2.68296696533044,2.916372689421654,True,0.23340572409121396,2.5719434523601405,3.0273962023919534,True,0.45545275003181285,2.5002988526699714,3.0990408020821225,True,0.5987419494121511,0.050555944145558585,opened_diagnostic
2024-02-01,2024-05-01,3,2.626866663630733,2.749725555291054,ew_conformal,0.98,167,2024-02-01,2.499819960420454,2.9996311501616537,True,0.49981118974119987,2.283560031614138,3.2158910789679696,True,0.9323310473538315,2.079983715430897,3.4194673951512105,True,1.3394836797203133,0.09902558056767401,opened_diagnostic
2024-02-01,2024-08-01,6,2.3843422446827254,2.8187952310735347,ew_conformal,0.98,164,2024-02-01,2.22156826970133,3.4160221924457392,True,1.194453922744409,1.9178103589233455,3.719780103223724,True,1.8019697443003784,1.6217178888823822,4.015872573264687,True,2.394154684382305,0.23306990929447427,opened_diagnostic
2024-02-01,2025-02-01,12,2.674401603240386,2.988720011008134,ew_conformal,0.98,158,2024-02-01,1.7497424046583243,4.2276976173579435,True,2.4779552126996194,0.8903291736562728,5.087110848359995,True,4.196781674703722,0.06368876503521248,5.913751256981055,True,5.850062491945842,0.4253797997504122,opened_diagnostic
2024-03-01,2024-04-01,1,2.786955114237992,2.8094896406876724,ew_conformal,0.98,170,2024-03-01,2.696996252620211,2.921983028755134,True,0.2249867761349229,2.58251668699131,3.0364625943840347,True,0.45394590739272456,2.510118665981597,3.108860615393748,True,0.5987419494121511,0.040813041562414575,opened_diagnostic
2024-03-01,2024-06-01,3,2.516443726818695,2.8772433400615625,ew_conformal,0.98,168,2024-03-01,2.6093531720526264,3.1451335080704985,False,0.9074181169535969,2.3879927405972152,3.3664939395259097,True,0.9785011989286945,2.207501500201406,3.546985179921719,True,1.3394836797203133,0.16345103992534796,opened_diagnostic
2024-03-01,2024-09-01,6,2.2355898617914387,2.863301867791052,ew_conformal,0.98,165,2024-03-01,2.2660749064188472,3.4605288291632563,False,1.3163941012540432,1.9623169956408626,3.764286739941241,True,1.8019697443003784,1.6973738590113974,4.029229876570707,True,2.3318560175593093,0.26849837246323444,opened_diagnostic
2024-03-01,2025-03-01,12,2.332029256934039,3.198647871180664,ew_conformal,0.98,159,2024-03-01,2.0376743203402388,4.359621422021089,True,2.32194710168085,1.100257033828803,5.297038708532525,True,4.196781674703722,0.31036084838514233,6.086934893976185,True,5.776574045591042,0.4920865577981283,opened_diagnostic
2024-04-01,2024-05-01,1,2.626866663630733,2.861839675481793,ew_conformal,0.98,171,2024-04-01,2.7527306213043596,2.9709487296592263,False,0.7216739390493725,2.6393796882816716,3.0842996626819144,False,0.5700502209096268,2.5624687007757174,3.1612106501878685,True,0.5987419494121511,0.10995631721412664,opened_diagnostic
2024-04-01,2024-07-01,3,2.5612938009445685,2.998284233571539,ew_conformal,0.98,169,2024-04-01,2.748378638700939,3.248189828442139,False,1.248150540766682,2.5245580636020453,3.4720104035410326,True,0.9474523399389874,2.3285423937113823,3.6680260734316956,True,1.3394836797203133,0.19778636271002004,opened_diagnostic
2024-04-01,2024-10-01,6,2.44749551060906,3.013299169706179,ew_conformal,0.98,166,2024-04-01,2.4299482597309288,3.596650079681429,True,1.1667018199505002,2.1123142975559897,3.914284041856368,True,1.8019697443003784,1.8473711609265244,4.179227178485833,True,2.331856017559309,0.24896201709833934,opened_diagnostic
2024-04-01,2025-04-01,12,2.251879788673148,3.133563239070912,ew_conformal,0.98,160,2024-04-01,1.993996727679038,4.273129750462786,True,2.279133022783748,1.0608207745602578,5.206305703581567,True,4.145484929021309,0.24527621627539054,6.021850261866433,True,5.776574045591042,0.48971490745042917,opened_diagnostic
2024-05-01,2024-06-01,1,2.516443726818695,2.4954148269133496,ew_conformal,0.98,172,2024-05-01,2.382921438845888,2.607908214980811,True,0.2249867761349229,2.2654913275731605,2.7253383262535387,True,0.45984699868037815,2.1996505283477163,2.791179125478983,True,0.5915285971312665,0.04066350677457276,opened_diagnostic
2024-05-01,2024-08-01,3,2.3843422446827254,2.528452787387188,ew_conformal,0.98,170,2024-05-01,2.2838232791188045,2.7730822956555716,True,0.4892590165367672,2.055282778276614,3.001622796497762,True,0.9463400182211483,1.8587109475270314,3.1981946272473447,True,1.3394836797203133,0.10170806036987246,opened_diagnostic
2024-05-01,2024-11-01,6,2.5548864560950464,2.722609929905662,ew_conformal,0.98,167,2024-05-01,2.15032427307049,3.294895586740834,True,1.144571313670344,1.8235178840633406,3.6217019757479836,True,1.798184091684643,1.5566819211260077,3.8885379386853165,True,2.331856017559309,0.19040450724837815,opened_diagnostic
2024-05-01,2025-05-01,12,2.4283612526523974,2.5206682516144325,ew_conformal,0.98,161,2024-05-01,1.3811017402225585,3.6602347630063066,True,2.279133022783748,0.45842521421346527,4.582911289015399,True,4.1244860748019345,-0.367618771181089,5.408955274409954,True,5.776574045591043,0.3763468756962,opened_diagnostic
2024-06-01,2024-07-01,1,2.5612938009445685,2.633440262651567,ew_conformal,0.98,173,2024-06-01,2.5243312084741336,2.7425493168290003,True,0.21821810835486666,2.404260399025182,2.862620126277952,True,0.45835972725276974,2.351995145737791,2.914885379565343,True,0.5628902338275523,0.047030926388248705,opened_diagnostic
2024-06-01,2024-09-01,3,2.2355898617914387,2.376996227864471,ew_conformal,0.98,171,2024-06-01,2.1270906329938706,2.6269018227350713,True,0.49981118974120076,1.9108307041875552,2.8431617515413867,True,0.9323310473538315,1.7072543880043143,3.0467380677246276,True,1.3394836797203133,0.10167521976949002,opened_diagnostic
2024-06-01,2024-12-01,6,2.6915454296161117,2.8856548348167195,ew_conformal,0.98,168,2024-06-01,2.3450628273146537,3.4262468423187853,True,1.0811840150041316,1.986562788974398,3.784746880659041,True,1.798184091684643,1.719726826037065,4.051582843596374,True,2.331856017559309,0.1896462618279333,opened_diagnostic
2024-06-01,2025-06-01,12,2.56045184310627,2.6782454956023507,ew_conformal,0.98,162,2024-06-01,1.6248044911504438,3.7316865000542574,True,2.1068820089038134,0.6160024582013834,4.740488533003318,True,4.1244860748019345,-0.21004152719317082,5.566532518397873,True,5.776574045591044,0.3676841823524969,opened_diagnostic
2024-07-01,2024-08-01,1,2.3843422446827254,2.4581957901682334,ew_conformal,0.98,174,2024-07-01,2.3504769910842707,2.565914589252196,True,0.21543759816792551,2.230469415152327,2.68592216518414,True,0.45545275003181285,2.1767506732544573,2.7396409070820096,True,0.5628902338275523,0.04699313113694122,opened_diagnostic
2024-07-01,2024-10-01,3,2.44749551060906,2.4067293835326264,ew_conformal,0.98,172,2024-07-01,2.1388392155236904,2.6746195515415625,True,0.5357803360178721,1.9405638598557107,2.872894907209542,True,0.9323310473538315,1.7369875436724698,3.076471223392783,True,1.3394836797203133,0.08986726750402386,opened_diagnostic
2024-07-01,2025-01-01,6,2.5739669409581363,2.478533712459455,ew_conformal,0.98,169,2024-07-01,1.953347604057114,3.003719820861796,True,1.050372216804682,1.5794416666171336,3.3776257583017766,True,1.798184091684643,1.3126057036798007,3.6444617212391095,True,2.331856017559309,0.17334882242769736,opened_diagnostic
2024-07-01,2025-07-01,12,2.5721812482314883,2.483287027117713,ew_conformal,0.98,163,2024-07-01,1.468935714062173,3.4976383401732534,True,2.0287026261110803,0.42104398971674595,4.5455300645186805,True,4.1244860748019345,-0.4049999956778083,5.371574049913235,True,5.776574045591044,0.3579714505269723,opened_diagnostic
2024-08-01,2024-09-01,1,2.2355898617914387,2.147353155700311,ew_conformal,0.98,175,2024-08-01,2.040283330560941,2.2544229808396814,True,0.2141396502787405,1.920380202003949,2.374326109396673,True,0.4539459073927239,1.865908038786535,2.4287982726140873,True,0.5628902338275523,0.04891210515597111,opened_diagnostic
2024-08-01,2024-11-01,3,2.5548864560950464,2.486092566168928,ew_conformal,0.98,173,2024-08-01,2.236186971298328,2.735998161039528,True,0.49981118974119987,2.025417883364889,2.946767248972967,True,0.9213493656080782,1.8308891104663245,3.1412960218715313,True,1.3104069114052068,0.09057286415126496,opened_diagnostic
2024-08-01,2025-02-01,6,2.674401603240386,2.2082883805577778,ew_conformal,0.98,170,2024-08-01,1.7058105295134975,2.710766231602058,True,1.0049557020885604,1.3091963347154563,3.1073804264000993,True,1.798184091684643,1.0786624839057006,3.3379142772098547,True,2.259251793304154,0.2220218673420332,opened_diagnostic
2024-08-01,2025-08-01,12,2.7105512416058613,2.301477569157929,ew_conformal,0.98,164,2024-08-01,1.3160215094119625,3.2869336289038955,True,1.970912119491933,0.33178513663762565,4.271170001678232,True,3.9393848650406067,-0.49124917892443687,5.094204317240295,True,5.585453496164732,0.3915645792597847,opened_diagnostic
2024-09-01,2024-10-01,1,2.44749551060906,2.4114016226795894,ew_conformal,0.98,176,2024-09-01,2.3047784858984155,2.518024759460763,True,0.2132462735623477,2.188941635479468,2.6338616098797107,True,0.4449199744002428,2.129956505765813,2.6928467395933655,True,0.5628902338275523,0.04114143471049259,opened_diagnostic
2024-09-01,2024-12-01,3,2.6915454296161117,2.7414878892589973,ew_conformal,0.98,174,2024-09-01,2.4968583809906137,2.986117397527381,True,0.4892590165367672,2.281688563385054,3.2012872151329406,True,0.9195986517478865,2.0967386196594733,3.3862371588585214,True,1.289498539199048,0.08677736459725019,opened_diagnostic
2024-09-01,2025-03-01,6,2.332029256934039,2.2354515754598,ew_conformal,0.98,171,2024-09-01,1.710265467057459,2.760637683862141,True,1.050372216804682,1.3414717369562545,3.1294314139633457,True,1.7879596770070911,1.105825678807723,3.365077472111877,True,2.259251793304154,0.17218298637263046,opened_diagnostic
2024-09-01,2025-09-01,12,2.7493004074015777,2.6202137610716036,ew_conformal,0.98,165,2024-09-01,1.6058624480160635,3.634565074127144,True,2.0287026261110803,0.6505213285513003,4.589906193591907,True,3.9393848650406067,-0.17251298701076223,5.4129405091539695,True,5.585453496164732,0.35569432600144407,opened_diagnostic
2024-10-01,2024-11-01,1,2.5548864560950464,2.687697342674068,ew_conformal,0.98,177,2024-10-01,2.5847125622045706,2.790682123143565,False,0.3252739853770912,2.4699469162939787,2.905447769054157,True,0.43550085276017825,2.4062522257602916,2.969142459587844,True,0.5628902338275523,0.06269101045747968,opened_diagnostic
2024-10-01,2025-01-01,3,2.5739669409581363,2.562181026415745,ew_conformal,0.98,175,2024-10-01,2.318422729947465,2.805939322884025,True,0.4875165929365597,2.1023817005418017,3.021980352289688,True,0.9195986517478865,1.917431756816221,3.206930296015269,True,1.289498539199048,0.0812019707543076,opened_diagnostic
2024-10-01,2025-04-01,6,2.251879788673148,2.2636093849900965,ew_conformal,0.98,172,2024-10-01,1.7230173774880306,2.8042013924921623,True,1.0811840150041316,1.402985235533138,3.124233534447055,True,1.7212482989139168,1.1339834883380193,3.3932352816421734,True,2.259251793304154,0.16035663470460187,opened_diagnostic
2024-10-01,2025-10-01,12,2.676442126276537,2.715111721592476,ew_conformal,0.98,166,2024-10-01,1.7296556618465093,3.7005677813384423,True,1.970912119491933,0.7454192890721725,4.684804154112779,True,3.9393848650406067,-0.07761502648989005,5.507838469674842,True,5.585453496164732,0.33864971109807135,opened_diagnostic
2024-11-01,2024-12-01,1,2.6915454296161117,2.6079515687214094,ew_conformal,0.98,178,2024-11-01,2.5013284319402356,2.7145747055025833,True,0.2132462735623477,2.3964770216967617,2.819426115746057,True,0.4229490940492955,2.3265064518076333,2.8893966856351856,True,0.5628902338275523,0.04729940569549862,opened_diagnostic
2024-11-01,2025-02-01,3,2.674401603240386,2.228494370536713,ew_conformal,0.98,176,2024-11-01,1.989183542361003,2.4678051987124228,False,1.3050072744632732,1.7686950446627696,2.688293696410656,True,0.9195986517478865,1.5837451009371888,2.873243640136237,True,1.289498539199048,0.20161149345782745,opened_diagnostic
2024-11-01,2025-05-01,6,2.4283612526523974,2.162430118069335,ew_conformal,0.98,173,2024-11-01,1.6372440096669938,2.687616226471676,True,1.050372216804682,1.3018059686123764,3.0230542675262932,True,1.7212482989139168,1.0328042214172577,3.292056014721412,True,2.2592517933041547,0.19447029744265748,opened_diagnostic
2024-11-01,2025-11-01,12,2.781154688605535,2.3379693874819196,ew_conformal,0.98,167,2024-11-01,1.405777406671223,3.2701613682926163,True,1.8643839616213933,0.38024040065575093,4.295698374308088,True,3.9154579736523374,-0.45475736060044625,5.1306961355642855,True,5.585453496164732,0.38814488946875036,opened_diagnostic
2024-12-01,2025-01-01,1,2.5739669409581363,2.460520097641293,ew_conformal,0.98,179,2024-12-01,2.357535317171796,2.5635048781107903,False,0.2478178123283783,2.2490455506166454,2.671994644665941,True,0.4229490940492955,2.1849226420688863,2.7361175532137,True,0.5511949111448136,0.053866437057910395,opened_diagnostic
2024-12-01,2025-03-01,3,2.332029256934039,2.2006283600364944,ew_conformal,0.98,177,2024-12-01,1.9685002847152078,2.4327564353577813,True,0.46425615064257353,1.7446320851654602,2.6566246349075286,True,0.9119925497420684,1.5558790904369704,2.8453776296360185,True,1.289498539199048,0.09641104801244994,opened_diagnostic
2024-12-01,2025-06-01,6,2.56045184310627,2.4018768333461153,ew_conformal,0.98,174,2024-12-01,1.8993989823018351,2.9043546843903956,True,1.0049557020885604,1.541252683889157,3.2625009828030738,True,1.7212482989139168,1.2783379633581933,3.5254157033340374,True,2.247077739975844,0.17571575636925751,opened_diagnostic
2024-12-01,2025-12-01,12,2.837444600374882,2.5848839848964036,ew_conformal,0.98,168,2024-12-01,1.670505143136125,3.499262826656682,True,1.828757683520557,0.6339076616279611,4.535860308164846,True,3.901952646536885,-0.20625306588105596,5.376021035673864,True,5.582274101554919,0.35793677095737503,opened_diagnostic
2025-01-01,2025-02-01,1,2.674401603240386,2.535317176852423,ew_conformal,0.98,180,2025-01-01,2.428694040071249,2.641940313633597,False,0.34309143198950487,2.3238426298277752,2.7467917238770707,True,0.4229490940492955,2.259719721280016,2.8109146324248298,True,0.5511949111448136,0.06433420747243658,opened_diagnostic
2025-01-01,2025-04-01,3,2.251879788673148,2.352816139720266,ew_conformal,0.98,178,2025-01-01,2.120960713816935,2.5846715656235966,True,0.4637108518066615,1.9079081501952122,2.7977241292453194,True,0.8898159790501072,1.7142598382436498,2.991372441196882,True,1.277112602953232,0.09120946186511333,opened_diagnostic
2025-01-01,2025-07-01,6,2.5721812482314883,2.736584596734041,ew_conformal,0.98,175,2025-01-01,2.239911447752143,3.233257745715939,True,0.9933462979637957,1.8816950902837153,3.5914741031843667,True,1.7097790129006514,1.6829289980405284,3.7902401954275535,True,2.107311197387025,0.17339477425761188,opened_diagnostic
2025-01-01,2026-01-01,12,2.83464978439742,2.878478083624583,ew_conformal,0.98,169,2025-01-01,1.9640992418643046,3.7928569253848616,True,1.828757683520557,0.9275017603561406,4.829454406893026,True,3.9019526465368854,0.08734103284712358,5.669615134402043,True,5.582274101554919,0.3281178686357586,opened_diagnostic
2025-02-01,2025-03-01,1,2.332029256934039,2.5956668024167526,ew_conformal,0.98,181,2025-02-01,2.4881630816717824,2.703170523161723,False,0.8395427404409146,2.389466578817646,2.8018670260158594,False,0.9867736660342842,2.320069346844346,2.8712642579891594,True,0.5511949111448136,0.13369759143207274,opened_diagnostic
2025-02-01,2025-05-01,3,2.4283612526523974,2.8348494110527733,ew_conformal,0.98,179,2025-02-01,2.6025765443155113,3.0671222777900353,False,1.1614069001269796,2.3889421783491,3.2807566437564466,True,0.8918144654073465,2.1962931095761573,3.4734057125293893,True,1.277112602953232,0.18475225169152257,opened_diagnostic
2025-02-01,2025-08-01,6,2.7105512416058613,3.1956931989156683,ew_conformal,0.98,176,2025-02-01,2.717392780456325,3.6739936173750114,False,0.9839669923205419,2.3408036924653426,4.0505827053659935,True,1.709779012900651,2.1420376002221557,4.249348797609181,True,2.107311197387025,0.21854462511270148,opened_diagnostic
2025-02-01,2026-02-01,12,2.8327267913942364,3.2351759036654495,ew_conformal,0.98,170,2025-02-01,2.327752067330609,4.14259974000029,True,1.8148476726696812,1.284199580397007,5.186152226933892,True,3.901952646536885,0.44403885288798994,6.0263129544429095,True,5.582274101554919,0.37835584115270315,opened_diagnostic
2025-03-01,2025-04-01,1,2.251879788673148,2.201592964518898,ew_conformal,0.98,182,2025-03-01,2.093801136173451,2.3093847928643445,True,0.2155836566908933,1.9838425381388087,2.419343390898987,True,0.43550085276017825,1.925995508946491,2.4771904200913046,True,0.5511949111448136,0.04289975916660194,opened_diagnostic
2025-03-01,2025-06-01,3,2.56045184310627,2.4459519790892394,ew_conformal,0.98,180,2025-03-01,2.2140965531859087,2.67780740499257,True,0.4637108518066615,2.000044746385566,2.8918592117929127,True,0.8918144654073465,1.8073956776126234,3.0845082805658555,True,1.277112602953232,0.0932042061853077,opened_diagnostic
2025-03-01,2025-09-01,6,2.7493004074015777,2.619518513907872,ew_conformal,0.98,177,2025-03-01,2.1534052912252637,3.0856317365904804,True,0.9322264453652167,1.8215157654686702,3.4175212623470737,True,1.5960054968784034,1.5658629152143595,3.6731741126013846,True,2.107311197387025,0.1608324764700996,opened_diagnostic
2025-03-01,2026-03-01,12,3.4816112044785443,2.506445001817526,ew_conformal,0.98,171,2025-03-01,1.624756744299322,3.3881332593357296,False,2.137288295607666,0.5874172402341666,4.425472763400885,True,3.838055523166718,-0.2846920489599336,5.2975820525949855,True,5.582274101554919,0.48137840932195525,opened_diagnostic
2025-04-01,2025-05-01,1,2.4283612526523974,2.464382205478345,ew_conformal,0.98,183,2025-04-01,2.356878484733375,2.5718859262233154,True,0.21500744148994055,2.2529076584536973,2.675856752502993,True,0.4229490940492955,2.1887847499059383,2.739979661050752,True,0.5511949111448136,0.04046199764217976,opened_diagnostic
2025-04-01,2025-07-01,3,2.5721812482314883,2.6007604693201083,ew_conformal,0.98,181,2025-04-01,2.3734235679164737,2.828097370723743,True,0.4546738028072692,2.154853236616435,3.0466677020237816,True,0.8918144654073465,1.9622041678434923,3.2393167707967243,True,1.277112602953232,0.08028432512414958,opened_diagnostic
2025-04-01,2025-10-01,6,2.676442126276537,2.676669774782924,ew_conformal,0.98,178,2025-04-01,2.2105565521003157,3.1427829974655324,True,0.9322264453652167,1.8835388058513982,3.46980074371445,True,1.5862619378630516,1.6230141760894115,3.7303253734764366,True,2.107311197387025,0.14204633978575829,opened_diagnostic
2025-04-01,2026-04-01,12,3.7313349390187875,2.7584885896041733,ew_conformal,0.98,172,2025-04-01,1.8768051392064091,3.6401720400019375,False,2.1280184968629285,0.839460828020814,4.677516351187533,True,3.838055523166719,-0.032648461173286236,5.549625640381633,True,5.582274101554919,0.48038487323355916,opened_diagnostic
2025-05-01,2025-06-01,1,2.56045184310627,2.477788957551284,ew_conformal,0.98,184,2025-05-01,2.37116582077011,2.5844120943324578,True,0.2132462735623477,2.266314410526636,2.6892635045759317,True,0.4229490940492955,2.202191501978877,2.7533864131236907,True,0.5511949111448136,0.0469993331800715,opened_diagnostic
2025-05-01,2025-08-01,3,2.7105512416058613,2.6519666376844118,ew_conformal,0.98,182,2025-05-01,2.420111211781081,2.8838220635877425,True,0.4637108518066615,2.2060594049807385,3.097873870388085,True,0.8918144654073465,2.016432232072561,3.2875010432962624,True,1.2710688112237012,0.08512997200408852,opened_diagnostic
2025-05-01,2025-11-01,6,2.781154688605535,2.730594240669576,ew_conformal,0.98,179,2025-05-01,2.28546806265908,3.1757204186800716,True,0.8902523560209916,1.9484532750791979,3.5127352062599537,True,1.5642819311807559,1.6769386419760632,3.7842498393630883,True,2.107311197387025,0.14561059027447268,opened_diagnostic
2025-05-01,2026-05-01,12,4.0291390093658634,2.6820078652076296,ew_conformal,0.98,173,2025-05-01,1.8003244148098654,3.5636913156053938,False,3.625157675837407,0.7629801036242703,4.601035626790988,True,3.838055523166718,0.07889944929995085,5.285116281115308,True,5.206216831815357,0.6354203956988309,opened_diagnostic
2025-06-01,2025-07-01,1,2.5721812482314883,2.660929962898993,ew_conformal,0.98,185,2025-06-01,2.5579451824294956,2.76391474336849,True,0.20596956093899443,2.449455415874345,2.8724045099236406,True,0.4229490940492955,2.387520538125413,2.9343393876725727,True,0.5468188495471598,0.04728645698593954,opened_diagnostic
2025-06-01,2025-09-01,3,2.7493004074015777,2.809236985986011,ew_conformal,0.98,183,2025-06-01,2.5819000845823763,3.0365738873896455,True,0.4546738028072692,2.3643289964609573,3.2541449755110645,True,0.8898159790501072,2.1737025803741603,3.4447713915978615,True,1.2710688112237012,0.0846205081314942,opened_diagnostic
2025-06-01,2025-12-01,6,2.837444600374882,2.89009928695215,ew_conformal,0.98,180,2025-06-01,2.444973108941654,3.3352254649626456,True,0.8902523560209916,2.107958321361772,3.6722402525425277,True,1.5642819311807559,1.8364436882586372,3.9437548856456623,True,2.107311197387025,0.14590976722323104,opened_diagnostic
2025-06-01,2026-06-01,12,3.6495566412359834,2.9374872050352843,ew_conformal,0.98,174,2025-06-01,2.0708685907886593,3.8041058192819093,True,1.73323722849325,1.018459443451925,4.856514966618644,True,3.8380555231667186,0.33437878912760555,5.5405956209429625,True,5.206216831815357,0.4095601197517434,opened_diagnostic
2025-07-01,2025-08-01,1,2.7105512416058613,2.6613295456526327,ew_conformal,0.98,186,2025-07-01,2.5597007667246645,2.762958324580601,True,0.20325755785593635,2.455129322053526,2.8675297692517394,True,0.41240044719821345,2.387920120879053,2.9347389704262126,True,0.5468188495471598,0.04114463561079362,opened_diagnostic
2025-07-01,2025-10-01,3,2.676442126276537,2.6012197761941582,ew_conformal,0.98,184,2025-07-01,2.373986875209659,2.8284526771786576,True,0.45446580196899866,2.1563117866691046,3.046127765719212,True,0.8898159790501072,1.9953374870361098,3.2071020653522067,True,1.2117645783160969,0.08594212924407274,opened_diagnostic
2025-07-01,2026-01-01,6,2.83464978439742,2.571010183704626,ew_conformal,0.98,181,2025-07-01,2.1365571973138167,3.0054631700954353,True,0.8689059727816186,1.788869218114248,3.353151149295004,True,1.5642819311807559,1.5453564688778347,3.596663898531417,True,2.0513074296535825,0.1737256737550161,opened_diagnostic
2025-07-01,2026-07-01,12,3.6343170471450366,2.684348098385742,ew_conformal,0.98,175,2025-07-01,1.8177294841391172,3.550966712632367,False,2.0666385665439275,0.8354520425422809,4.5332441542292035,True,3.6977921116869226,0.08123968247806346,5.287456514293421,True,5.206216831815357,0.46335261965002544,opened_diagnostic
2023-01-01,2023-02-01,1,5.067223809147062,5.224833225863565,scaled_conformal,60.0,156,2023-01-01,5.000976226627355,5.448690225099774,True,0.44771399847241966,4.739302132140311,5.710364319586819,True,0.971062187446508,4.355086391526511,6.094580060200618,True,1.7394936686741076,0.1070897457584893,opened_diagnostic
2023-01-01,2023-04-01,3,4.37873180186045,4.823639791385504,scaled_conformal,60.0,154,2023-01-01,4.540009025600306,5.107270557170701,False,1.2123704265298194,4.144734599762966,5.5025449830080415,True,1.3578103832450754,3.581192693362773,6.0660868894082345,True,2.4848941960454614,0.2244492427205035,opened_diagnostic
2023-01-01,2023-07-01,6,3.3522220936896265,4.253206965839816,scaled_conformal,60.0,151,2023-01-01,3.392776579454131,5.113637352225501,False,1.8830787158293876,2.787378635951523,5.7190352957281085,True,2.9316566597765856,1.8991927867691558,6.607221144910476,True,4.70802835814132,0.4142369139763331,opened_diagnostic
2023-01-01,2024-01-01,12,2.6629773612156957,4.3449228489472675,scaled_conformal,60.0,145,2023-01-01,2.4439069999095224,6.245938697985013,True,3.8020316980754902,0.5765987499584475,8.113246947936087,True,7.536648197977639,-1.2792323472234024,9.969078045117937,True,11.24831039234134,0.8878745736569967,opened_diagnostic
2023-02-01,2023-03-01,1,4.3330268475854385,4.50990601064375,scaled_conformal,60.0,157,2023-02-01,4.293602338696045,4.726209682591454,True,0.432607343895409,4.021242764765687,4.9985692565218125,True,0.9773264917561253,3.634548455476407,5.385263565811093,True,1.7507151103346863,0.10910280634152991,opened_diagnostic
2023-02-01,2023-05-01,3,3.925400542614785,4.302701761242545,scaled_conformal,60.0,155,2023-02-01,4.013406480608537,4.591997041876554,False,0.9306143132430247,3.6894748320433477,4.915928690441743,True,1.2264538583983953,3.0602546632198147,5.545148859265276,True,2.4848941960454614,0.19091265236192825,opened_diagnostic
2023-02-01,2023-08-01,6,3.374478528151472,3.9717054895236767,scaled_conformal,60.0,152,2023-02-01,3.2082853495178627,4.735125629529491,True,1.526840280011628,2.59500519733151,5.348405781715844,True,2.753400584384334,1.7608244865633549,6.182586492483999,True,4.421762005920645,0.3362147741209928,opened_diagnostic
2023-02-01,2024-02-01,12,2.669117439772207,3.808683951164081,scaled_conformal,60.0,146,2023-02-01,1.9978450776202894,5.619522824707873,True,3.621677747087583,0.2771553536043423,7.3402125487238195,True,7.063057195119477,-1.5189663016716795,9.13633420399984,True,10.65530050567152,0.7755066963609589,opened_diagnostic
2023-03-01,2023-04-01,1,4.37873180186045,4.306978568498958,scaled_conformal,60.0,158,2023-03-01,4.1129930091516,4.500964127846316,True,0.38797111869471657,3.868735369802498,4.745221767195418,True,0.8764863973929202,3.521940000087011,5.092017136910905,True,1.570077136823894,0.08543482655283197,opened_diagnostic
2023-03-01,2023-06-01,3,3.231733708559348,3.2541818008254118,scaled_conformal,60.0,156,2023-03-01,3.0147289562614983,3.493634645389325,True,0.47890568912782694,2.7484895445955546,3.759874057055269,True,1.0113845124597143,2.113341575413992,4.395022026236831,True,2.281680450822839,0.0989065549148863,opened_diagnostic
2023-03-01,2023-09-01,6,3.390751565240984,3.507635428117038,scaled_conformal,60.0,153,2023-03-01,2.7656629923627416,4.249607863871334,True,1.4839448715085921,2.1696124764384326,4.845658379795643,True,2.6760459033572106,1.3588674339731073,5.6564034222609685,True,4.297535988287861,0.26054558259008254,opened_diagnostic
2023-03-01,2024-03-01,12,2.8858938294017724,3.3180107680706517,scaled_conformal,60.0,147,2023-03-01,1.5364517357431025,5.099569800398201,True,3.5631180646550984,-0.21351782948908715,6.84953936563039,True,7.063057195119477,-1.8304394714353887,8.466461007576692,True,10.29690047901208,0.665139636845933,opened_diagnostic
2023-04-01,2023-05-01,1,3.925400542614785,4.114339454871888,scaled_conformal,60.0,159,2023-04-01,3.9359209271327296,4.292757982611046,False,0.39891859355009496,3.715066804438653,4.513612105305123,True,0.7985453008664702,3.3991100324085592,4.829568877335217,True,1.4304588449266578,0.09873616481401574,opened_diagnostic
2023-04-01,2023-07-01,3,3.3522220936896265,3.6803970337494434,scaled_conformal,60.0,157,2023-04-01,3.368563762815943,3.992230304682944,False,0.6890332183722663,3.0727278461429215,4.288066221355965,True,1.2153383752130438,2.449210367362352,4.911583700136535,True,2.462373332774183,0.16599950822371098,opened_diagnostic
2023-04-01,2023-10-01,6,2.978461878685477,3.475135027667375,scaled_conformal,60.0,154,2023-04-01,2.69241899651598,4.25785105881877,True,1.56543206230279,2.1837015019181614,4.7665685534165885,True,2.582867051498427,1.2083727125260166,5.741897342808733,True,4.533524630282717,0.3213307219230357,opened_diagnostic
2023-04-01,2024-04-01,12,2.786955114237992,3.5193663062825644,scaled_conformal,60.0,148,2023-04-01,1.932038587199507,5.106694025365622,True,3.1746554381661145,0.3728563495973609,6.6658762629677675,True,6.293019913370406,-1.0198346169043884,8.058567229469517,True,9.078401846373906,0.6408832969198716,opened_diagnostic
2023-05-01,2023-06-01,1,3.231733708559348,3.098953678736956,scaled_conformal,60.0,160,2023-05-01,2.9222181842517583,3.2756891732221534,True,0.3534709889703951,2.6996810283037203,3.4982263291701914,True,0.7985453008664711,2.383724256273627,3.8141831012002845,True,1.4304588449266573,0.0874672098533642,opened_diagnostic
2023-05-01,2023-08-01,3,3.374478528151472,3.380328785507212,scaled_conformal,60.0,158,2023-05-01,3.003721125930048,3.7569364450843765,True,0.7532153191543287,2.628466881090862,4.132190689923562,True,1.5037238088327003,1.8569960732993085,4.903661497715116,True,3.0466654244158073,0.14112417444871786,opened_diagnostic
2023-05-01,2023-11-01,6,2.727551790588455,3.0576160198372575,scaled_conformal,60.0,155,2023-05-01,2.3010753304536777,3.8141567092208373,True,1.5130813787671595,1.8365512063592644,4.278680833315251,True,2.4421296269559867,0.7870796831357998,5.328152356538715,True,4.541072673402915,0.2898768730519815,opened_diagnostic
2023-05-01,2024-05-01,12,2.626866663630733,2.92866391046766,scaled_conformal,60.0,149,2023-05-01,1.1941334210915038,4.663194399843817,True,3.469060978752313,-0.23499899278721514,6.0923268137225355,True,6.327325806509751,-1.6584856743602576,7.515813495295578,True,9.174299169655836,0.6027461163543738,opened_diagnostic
2023-06-01,2023-07-01,1,3.3522220936896265,3.5584223172887333,scaled_conformal,60.0,161,2023-06-01,3.390050250146255,3.7267943844312117,False,0.48805676011147003,3.1816320682111114,3.935212566366355,True,0.7535804981552436,2.8834663143038393,4.233378320273627,True,1.349912005969788,0.1051337005546956,opened_diagnostic
2023-06-01,2023-09-01,3,3.390751565240984,3.5262304518812475,scaled_conformal,60.0,159,2023-06-01,3.192868365039782,3.859592538722713,True,0.6667241736829306,2.860160537930146,4.192300365832349,True,1.332139827902203,2.002897739673344,5.049563164089151,True,3.0466654244158073,0.14856221164339284,opened_diagnostic
2023-06-01,2023-12-01,6,2.729669070936404,3.511810036526782,scaled_conformal,60.0,156,2023-06-01,2.790041275444977,4.233578797608587,False,1.685026340197901,2.3241487886729035,4.69947128438066,True,2.3753224957077568,1.3033867086417161,5.720233364411849,True,4.416846655770133,0.3630576143439847,opened_diagnostic
2023-06-01,2024-06-01,12,2.516443726818695,3.423867563153536,scaled_conformal,60.0,150,2023-06-01,1.6893370737773794,5.158398052529693,True,3.4690609787523132,0.2773576064683323,6.57037751983874,True,6.293019913370408,-1.3229450714284479,8.17068019773552,True,9.493625269163967,0.6928458336144965,opened_diagnostic
2023-07-01,2023-08-01,1,3.374478528151472,3.3002768018255453,scaled_conformal,60.0,162,2023-07-01,3.133492999038959,3.4670606046121315,True,0.33356760557317244,2.9234865527479235,3.677067050903167,True,0.7535804981552436,2.6253207988406513,3.9752328048104393,True,1.349912005969788,0.07524183276293438,opened_diagnostic
2023-07-01,2023-10-01,3,2.978461878685477,2.946293075779017,scaled_conformal,60.0,160,2023-07-01,2.6181181357192003,3.274468015838834,True,0.6563498801196337,2.284805057773242,3.607781093784792,True,1.32297603601155,1.4229603635711134,4.469625787986921,True,3.0466654244158073,0.13280078465859532,opened_diagnostic
2023-07-01,2024-01-01,6,2.6629773612156957,2.752122264851313,scaled_conformal,60.0,157,2023-07-01,2.0128848699519026,3.491359659750723,True,1.4784747897988204,1.5310574513733197,3.973187078329306,True,2.4421296269559862,0.4815859281498551,5.02265860155277,True,4.541072673402915,0.252987927323788,opened_diagnostic
2023-07-01,2024-07-01,12,2.5612938009445685,2.821651581262079,scaled_conformal,60.0,151,2023-07-01,1.0540367047922885,4.58926645773187,True,3.535229752939581,-0.45612141557767005,6.099424578101829,True,6.555545993679498,-1.7654980035658387,7.408801166089997,True,9.174299169655836,0.6080731103555406,opened_diagnostic
2023-08-01,2023-09-01,1,3.390751565240984,3.287766784771487,scaled_conformal,60.0,163,2023-08-01,3.1261132580188664,3.4494203115241073,True,0.3233070535052409,2.910976535693865,3.6645570338491087,True,0.7535804981552436,2.612810781786593,3.962722787756381,True,1.349912005969788,0.07862080106430645,opened_diagnostic
2023-08-01,2023-11-01,3,2.727551790588455,3.0672597619972968,scaled_conformal,60.0,161,2023-08-01,2.7614914075243924,3.373028116470201,False,0.7472951766895575,2.448556207779959,3.6859633162146346,True,1.2374071084346756,1.6479346403360955,4.486584883658498,True,2.8386502433224026,0.1778145722532565,opened_diagnostic
2023-08-01,2024-02-01,6,2.669117439772207,2.8514043074024227,scaled_conformal,60.0,158,2023-08-01,2.1121669125030125,3.590641702301833,True,1.4784747897988204,1.6303394939244296,4.072469120880416,True,2.4421296269559862,0.580867970700965,5.12194064410388,True,4.541072673402915,0.2662939221801592,opened_diagnostic
2023-08-01,2024-08-01,12,2.3843422446827254,3.041211364820898,scaled_conformal,60.0,152,2023-08-01,1.1761460852708843,4.906276644370912,True,3.730130559100028,-0.2203557203984845,6.302778450040281,True,6.523134170438765,-1.5173836348808192,7.599806364522616,True,9.117189999403434,0.6768971762451832,opened_diagnostic
2023-09-01,2023-10-01,1,2.978461878685477,3.221140631070286,scaled_conformal,60.0,164,2023-09-01,3.0600284921314747,3.382252770009097,False,0.6484907316616129,2.844350381992664,3.5979308801479077,True,0.7535804981552436,2.546184628085392,3.89609663405518,True,1.349912005969788,0.12180448834909183,opened_diagnostic
2023-09-01,2023-12-01,3,2.729669070936404,3.399410910796561,scaled_conformal,60.0,162,2023-09-01,3.1460409429680527,3.652780878625069,False,2.1722274237836103,2.8887040365589423,3.9101177850341795,False,2.6117634047006177,2.2233102608996482,4.5755115606934735,True,2.3522012997938253,0.35906119466735253,opened_diagnostic
2023-09-01,2024-03-01,6,2.8858938294017724,3.221707429902016,scaled_conformal,60.0,159,2023-09-01,2.502692683759462,3.94072217604457,True,1.438029492285108,2.0340461820481375,4.409368677755895,True,2.375322495707757,1.01328410201695,5.430130757787082,True,4.416846655770132,0.2816539301944803,opened_diagnostic
2023-09-01,2024-09-01,12,2.2355898617914387,3.3105103679805667,scaled_conformal,60.0,153,2023-09-01,1.7290357417864017,4.891984994174732,True,3.16294925238833,0.5975453453150572,6.023475390646077,True,5.42593004533102,-0.9133984921809954,7.534419228142129,True,8.447817720323124,0.6551947019259726,opened_diagnostic
2023-10-01,2023-11-01,1,2.727551790588455,2.886649737960592,scaled_conformal,60.0,165,2023-10-01,2.722515101521999,3.050784374399185,True,0.3282692728771863,2.4873770875273564,3.2859223883938276,True,0.7985453008664711,2.1714203154972633,3.6018791604239206,True,1.4304588449266573,0.08942678978238426,opened_diagnostic
2023-10-01,2024-01-01,3,2.6629773612156957,2.6756954925479857,scaled_conformal,60.0,163,2023-10-01,2.4294014025652255,2.921989582530746,True,0.4925881799655203,2.174046165401946,3.1773448196940253,True,1.0032986542920792,1.4995948426510732,3.851796142444898,True,2.3522012997938244,0.0992702974504069,opened_diagnostic
2023-10-01,2024-04-01,6,2.786955114237992,2.5547171692032897,scaled_conformal,60.0,160,2023-10-01,1.835702423060736,3.2737319153458433,True,1.4380294922851073,1.3670559213494111,3.7423784170571683,True,2.375322495707757,0.3462938413182237,4.763140497088356,True,4.416846655770133,0.2668574079851172,opened_diagnostic
2023-10-01,2024-10-01,12,2.44749551060906,2.62399482269254,scaled_conformal,60.0,154,2023-10-01,0.8280805115066325,4.4199091338784475,True,3.591828622371815,-0.4567301766646614,5.704719822049741,True,6.161449998714403,-2.39437308583596,7.64236273122104,True,10.036735817057,0.6011967435311382,opened_diagnostic
2023-11-01,2023-12-01,1,2.729669070936404,2.760649361491962,scaled_conformal,60.0,166,2023-11-01,2.600639906726947,2.920658816256977,True,0.3200189095300301,2.3821823321880213,3.1391163907959028,True,0.7569340586078814,2.0826896903330354,3.4386090326508887,True,1.3559193423178533,0.0682812130391335,opened_diagnostic
2023-11-01,2024-02-01,3,2.669117439772207,2.2904454638094798,scaled_conformal,60.0,164,2023-11-01,2.0441513738267196,2.53673955379224,False,1.0220997238853888,1.7959350841735517,2.784955843445408,True,0.9890207592718561,1.1143448139125673,3.466546113706392,True,2.3522012997938244,0.18896373139131076,opened_diagnostic
2023-11-01,2024-05-01,6,2.626866663630733,2.222714824286254,scaled_conformal,60.0,161,2023-11-01,1.5556847233975286,2.8897449251749796,True,1.334060201777451,1.1296064077237282,3.31582324084878,True,2.1862168331250516,0.1901098778788457,4.255319770693663,True,4.065209892814817,0.2735637565913852,opened_diagnostic
2023-11-01,2024-11-01,12,2.5548864560950464,2.2580431108573076,scaled_conformal,60.0,155,2023-11-01,0.4571813953486008,4.058904826366014,True,3.601723431017413,-1.041612947496267,5.557699169210882,True,6.599312116707149,-3.116954032957302,7.633040254671917,True,10.74999428762922,0.6417952732643996,opened_diagnostic
2023-12-01,2024-01-01,1,2.6629773612156957,2.36360638650962,scaled_conformal,60.0,167,2023-12-01,2.21694790055008,2.5102648724691603,False,0.9041669269052219,2.006846084917222,2.7203666881020183,True,0.7135206031847963,1.7245306466889647,3.0026821263302756,True,1.278151479641311,0.14599624382282528,opened_diagnostic
2023-12-01,2024-03-01,3,2.8858938294017724,2.30621453318604,scaled_conformal,60.0,165,2023-12-01,2.0488397890850094,2.5635892772870705,False,1.8039676966608686,1.7955076589484213,2.8169214074236586,False,1.7111379682563754,1.1301138832891275,3.482315183082952,True,2.3522012997938244,0.29415869545383205,opened_diagnostic
2023-12-01,2024-06-01,6,2.516443726818695,2.0713175488081994,scaled_conformal,60.0,162,2023-12-01,1.394055387202139,2.7485797104142597,True,1.3545243232121207,0.9782091322456734,3.164425965370725,True,2.1862168331250516,0.038712602400790885,4.103922495215608,True,4.065209892814817,0.2808789565032926,opened_diagnostic
2023-12-01,2024-12-01,12,2.6915454296161117,2.2124779938724473,scaled_conformal,60.0,156,2023-12-01,0.43447626042269216,3.990479727322202,True,3.5560034668995097,-1.0871780644811273,5.512134052226022,True,6.59931211670715,-3.1625191499421623,7.587475137687057,True,10.74999428762922,0.66456157447111,opened_diagnostic
2024-01-01,2024-02-01,1,2.669117439772207,2.676435912847884,scaled_conformal,60.0,168,2024-01-01,2.511949453394475,2.8409223723012933,True,0.32897291890681846,2.319675611255486,3.033196214440282,True,0.7135206031847963,2.0373601730272286,3.3155116526685395,True,1.278151479641311,0.06318917159002523,opened_diagnostic
2024-01-01,2024-04-01,3,2.786955114237992,2.6957374875652844,scaled_conformal,60.0,166,2024-01-01,2.5302565424567445,2.8612184326738244,True,0.3309618902170799,2.3621847111783416,3.0292902639522272,True,0.6671055527738856,1.9276028552104436,3.4638721199201252,True,1.5362692647096816,0.0776780869724275,opened_diagnostic
2024-01-01,2024-07-01,6,2.5612938009445685,2.88136315925817,scaled_conformal,60.0,163,2024-01-01,2.2218468332704226,3.5408794852459176,True,1.319032651975495,1.7974572293394768,3.9652690891768634,True,2.1678118598373866,0.8716545349351348,4.891071783581205,True,4.019417248646071,0.25929854016191906,opened_diagnostic
2024-01-01,2025-01-01,12,2.5739669409581363,3.0658213556167127,scaled_conformal,60.0,157,2024-01-01,1.258855572641738,4.872787138591687,True,3.613931565949949,-0.2450189724796279,6.376661683713053,True,6.62168065619268,-2.3273944803463795,8.459037191579805,True,10.786431671926184,0.6716856422949579,opened_diagnostic
2024-02-01,2024-03-01,1,2.8858938294017724,2.799669827376047,scaled_conformal,60.0,169,2024-02-01,2.6480788620086804,2.9512607927434136,True,0.3031819307347332,2.4708790034817367,3.128460651270357,True,0.6575816477886205,2.2106966762473492,3.3886429785047447,True,1.1779463022573955,0.06958941816807938,opened_diagnostic
2024-02-01,2024-05-01,3,2.626866663630733,2.749725555291054,scaled_conformal,60.0,167,2024-02-01,2.5349096394250226,2.964541471157085,True,0.42963183173206243,2.3205153234020894,3.178935787180018,True,0.8584204637779287,1.7681018954378342,3.7313492151442733,True,1.963247319706439,0.10081194746465448,opened_diagnostic
2024-02-01,2024-08-01,6,2.3843422446827254,2.8187952310735347,scaled_conformal,60.0,164,2024-02-01,2.2637181111293367,3.3738723510177326,True,1.110154239888396,1.8371159570193254,3.800474505127744,True,1.9633585481084186,1.1568015663778277,4.480788895769241,True,3.3239873293914135,0.24494293555654748,opened_diagnostic
2024-02-01,2025-02-01,12,2.674401603240386,2.988720011008134,scaled_conformal,60.0,158,2024-02-01,1.1582192597907286,4.819220762225539,True,3.661001502434811,-0.32212031708820676,6.299560339104474,True,6.62168065619268,-2.4044958249549584,8.381935846971226,True,10.786431671926184,0.6496854939166152,opened_diagnostic
2024-03-01,2024-04-01,1,2.786955114237992,2.8094896406876724,scaled_conformal,60.0,170,2024-03-01,2.697206400025086,2.921772881350259,True,0.22456648132517287,2.5439084311485476,3.075070850226797,True,0.5311624190782496,2.333745822748549,3.285233458626796,True,0.9514876358782471,0.04802843064510594,opened_diagnostic
2024-03-01,2024-06-01,3,2.516443726818695,2.8772433400615625,scaled_conformal,60.0,168,2024-03-01,2.567805843687317,3.186680836435808,False,0.8243234602229776,2.180171850529315,3.57431482959381,True,1.3941429790644948,1.4715245399140793,4.282962140209046,True,2.8114376002949664,0.19041909988525021,opened_diagnostic
2024-03-01,2024-09-01,6,2.2355898617914387,2.863301867791052,scaled_conformal,60.0,165,2024-03-01,2.441864673694289,3.2847390618878145,False,1.6679736358049269,2.0717706820911195,3.654833053490984,True,1.5830623713998646,1.598480984708258,4.128122750873846,True,2.529641766165588,0.2901822106855155,opened_diagnostic
2024-03-01,2025-03-01,12,2.332029256934039,3.198647871180664,scaled_conformal,60.0,159,2024-03-01,1.4542362462032186,4.943059496158109,True,3.4888232499548906,-0.018783892720384276,6.4160796350817115,True,6.434863527802095,-2.042409449810405,8.439705192171733,True,10.482114641982138,0.7066020584261004,opened_diagnostic
2024-04-01,2024-05-01,1,2.626866663630733,2.861839675481793,scaled_conformal,60.0,171,2024-04-01,2.755821946469141,2.967857404494445,False,0.727856589378935,2.596258465942668,3.1274208850209178,True,0.5311624190782496,2.3476320472630325,3.3760473037005534,True,1.0284152564375209,0.11542504514284703,opened_diagnostic
2024-04-01,2024-07-01,3,2.5612938009445685,2.998284233571539,scaled_conformal,60.0,169,2024-04-01,2.7834683177055077,3.21310014943757,False,1.3183298987758194,2.51436728038218,3.4822011867608977,True,0.9678339063787176,2.0166605737183194,3.9799078934247585,True,1.963247319706439,0.2122924136087525,opened_diagnostic
2024-04-01,2024-10-01,6,2.44749551060906,3.013299169706179,scaled_conformal,60.0,166,2024-04-01,2.6670965260003,3.3595018134120576,False,1.5708093489767183,2.366304679518033,3.6602936598943248,True,1.2939889803762918,1.9742728576689736,4.0523254817433845,True,2.078052624074411,0.25968734172402536,opened_diagnostic
2024-04-01,2025-04-01,12,2.251879788673148,3.133563239070912,scaled_conformal,60.0,160,2024-04-01,1.354706309356652,4.912420168785172,True,3.5577138594285196,-0.08386852483013607,6.35099500297196,True,6.434863527802095,-2.107494081920157,8.374620560061981,True,10.482114641982138,0.7136749356958081,opened_diagnostic
2024-05-01,2024-06-01,1,2.516443726818695,2.4954148269133496,scaled_conformal,60.0,172,2024-05-01,2.372967030285028,2.6178626235416713,True,0.24489559325664345,2.215126971891052,2.7757026819356474,True,0.5605757100445956,1.9636070661732408,3.0272225876534584,True,1.0636155214802177,0.05170762724151545,opened_diagnostic
2024-05-01,2024-08-01,3,2.3843422446827254,2.528452787387188,scaled_conformal,60.0,170,2024-05-01,2.40672482488989,2.6501807498844863,False,0.3329862458232542,2.25423556054829,2.802670014226086,True,0.5484344536777961,1.9689051585933015,3.0880004161810746,True,1.119095257587773,0.07602858315863233,opened_diagnostic
2024-05-01,2024-11-01,6,2.5548864560950464,2.722609929905662,scaled_conformal,60.0,167,2024-05-01,2.3816377075516866,3.0635821522596376,True,0.681944444707951,2.075615439717516,3.369604420093808,True,1.2939889803762918,1.683583617868457,3.7616362419428673,True,2.0780526240744104,0.1393283935210415,opened_diagnostic
2024-05-01,2025-05-01,12,2.4283612526523974,2.5206682516144325,scaled_conformal,60.0,161,2024-05-01,0.8664080017610194,4.174928501467845,True,3.308520499706826,-0.5267661326203061,5.568102635849171,True,6.094868768469477,-2.345541141942044,7.386877645170909,True,9.732418787112953,0.5626832687458054,opened_diagnostic
2024-06-01,2024-07-01,1,2.5612938009445685,2.633440262651567,scaled_conformal,60.0,173,2024-06-01,2.548357652551452,2.7185228727516817,True,0.1701652202002295,2.4357775195788527,2.831103005724281,True,0.3953254861454285,2.2207722348633046,3.0461082904398293,True,0.8253360555765248,0.045546824941978765,opened_diagnostic
2024-06-01,2024-09-01,3,2.2355898617914387,2.376996227864471,scaled_conformal,60.0,171,2024-06-01,2.1655228687276376,2.5884695870013044,True,0.4229467182736668,1.8925023097579834,2.8614901459709583,True,0.9689878362129749,1.4038090833147376,3.3501833724142043,True,1.9463742890994666,0.10590210305177246,opened_diagnostic
2024-06-01,2024-12-01,6,2.6915454296161117,2.8856548348167195,scaled_conformal,60.0,168,2024-06-01,2.511055528712777,3.260254140920662,True,0.7491986122078851,2.281047523860995,3.490262145772444,True,1.2092146219114488,1.761404218626909,4.00990545100653,True,2.2485012323796205,0.14791453698925744,opened_diagnostic
2024-06-01,2025-06-01,12,2.56045184310627,2.6782454956023507,scaled_conformal,60.0,162,2024-06-01,1.3082434655867468,4.048247525617954,True,2.7400040600312074,0.08568585402460549,5.270805137180096,True,5.18511928315549,-1.679895540031069,7.03638653123577,True,8.71628207126684,0.485206820895638,opened_diagnostic
2024-07-01,2024-08-01,1,2.3843422446827254,2.4581957901682334,scaled_conformal,60.0,174,2024-07-01,2.3860562228851174,2.5303353574513494,False,0.1511350473758002,2.298308839598645,2.618082740737822,True,0.31977390113917714,2.134476790682306,2.7819147896541607,True,0.6474379989718546,0.03973137847120415,opened_diagnostic
2024-07-01,2024-10-01,3,2.44749551060906,2.4067293835326264,scaled_conformal,60.0,172,2024-07-01,2.1865700874348715,2.6268886796303814,True,0.44031859219550995,1.910184052876171,2.903274714189082,True,0.9930906613129107,1.3947218746485093,3.4187368924167436,True,2.0240150177682343,0.09456357960194198,opened_diagnostic
2024-07-01,2025-01-01,6,2.5739669409581363,2.478533712459455,scaled_conformal,60.0,169,2024-07-01,2.1323310687535764,2.824736356165334,True,0.6924052874117574,1.8315392222713092,3.125528202647601,True,1.2939889803762918,1.3816109996387576,3.5754564252801524,True,2.1938454256413946,0.1314026015491368,opened_diagnostic
2024-07-01,2025-07-01,12,2.5721812482314883,2.483287027117713,scaled_conformal,60.0,163,2024-07-01,1.4110224119488266,3.5555516422866,True,2.144529230337773,0.427730129307176,4.53884392492825,True,4.111113795621074,-0.9794845052304755,5.946058559465902,True,6.925543064696377,0.38227655741093053,opened_diagnostic
2024-08-01,2024-09-01,1,2.2355898617914387,2.147353155700311,scaled_conformal,60.0,175,2024-08-01,2.0755003391695954,2.219205972231027,False,0.20924119130307872,1.9801232484616125,2.31458306293901,True,0.33445981447739737,1.798220916945429,2.4964853944551932,True,0.6982644775097642,0.04708224462701754,opened_diagnostic
2024-08-01,2024-11-01,3,2.5548864560950464,2.486092566168928,scaled_conformal,60.0,173,2024-08-01,2.261934128910043,2.7102510034278127,True,0.44831687451776947,1.9805276078819718,2.991657524455884,True,1.0111299165739123,1.262489864858788,3.709695267479068,True,2.4472054026202805,0.10569983582311623,opened_diagnostic
2024-08-01,2025-02-01,6,2.674401603240386,2.2082883805577778,scaled_conformal,60.0,170,2024-08-01,1.8495112181763236,2.5670655429392317,False,1.1468985659675257,1.6495135882769463,2.7670631728386095,True,1.1175495845616632,1.1692620685205726,3.247314692594983,True,2.0780526240744104,0.21012538356944926,opened_diagnostic
2024-08-01,2025-08-01,12,2.7105512416058613,2.301477569157929,scaled_conformal,60.0,164,2024-08-01,1.4029027831481635,3.2000523551676947,True,1.7971495720195312,0.5674586910585928,4.035496447257265,True,3.4680377561986724,-0.6134404554892279,5.216395593805085,True,5.829836049294313,0.3691770878038376,opened_diagnostic
2024-09-01,2024-10-01,1,2.44749551060906,2.4114016226795894,scaled_conformal,60.0,176,2024-09-01,2.340735969457001,2.482067275902178,True,0.14133130644517689,2.2600866333205683,2.5627166120386105,True,0.3026299787180422,2.08960230215336,2.733200943205819,True,0.643598641052459,0.03309220014298762,opened_diagnostic
2024-09-01,2024-12-01,3,2.6915454296161117,2.7414878892589973,scaled_conformal,60.0,174,2024-09-01,2.520817379278897,2.962158399239098,True,0.44134101996020103,2.2472747133195945,3.2357010651984,True,0.9884263518788057,1.9594828338171988,3.523492944700796,True,1.564010110883597,0.089242750155301,opened_diagnostic
2024-09-01,2025-03-01,6,2.332029256934039,2.2354515754598,scaled_conformal,60.0,171,2024-09-01,1.8608522693558576,2.6100508815637427,True,0.7491986122078851,1.6308442645040757,2.8400588864155245,True,1.2092146219114488,1.1675648204922615,3.303338330427339,True,2.1357735099350776,0.1323710375648541,opened_diagnostic
2024-09-01,2025-09-01,12,2.7493004074015777,2.6202137610716036,scaled_conformal,60.0,165,2024-09-01,1.7216389750618382,3.5187885470813693,True,1.7971495720195312,0.8861948829722675,4.35423263917094,True,3.4680377561986724,-0.3008978919468026,5.54132541409001,True,5.8422233060368125,0.329355902026165,opened_diagnostic
2024-10-01,2024-11-01,1,2.5548864560950464,2.687697342674068,scaled_conformal,60.0,177,2024-10-01,2.632026650282177,2.7433680350659584,False,0.4199021615323044,2.5586729176755294,2.816721767672606,False,0.2959134658019069,2.470652674164925,2.9047420111832105,True,0.43408933701828545,0.06362194202962622,opened_diagnostic
2024-10-01,2025-01-01,3,2.5739669409581363,2.562181026415745,scaled_conformal,60.0,175,2024-10-01,2.360428173772462,2.763933879059028,True,0.40350570528656604,2.1061855193796886,3.0181765334518014,True,0.9119910140721128,1.9572909994026388,3.167071053428851,True,1.2097800540262122,0.07384499648610257,opened_diagnostic
2024-10-01,2025-04-01,6,2.251879788673148,2.2636093849900965,scaled_conformal,60.0,172,2024-10-01,1.8832681639601832,2.64395060602001,True,0.7606824420598268,1.659002074034372,2.868216695945821,True,1.2092146219114488,1.1422471403352172,3.3849716296449754,True,2.242724489309758,0.12259802723716107,opened_diagnostic
2024-10-01,2025-10-01,12,2.676442126276537,2.715111721592476,scaled_conformal,60.0,166,2024-10-01,1.9475643821478372,3.4826590610371144,True,1.5350946788892772,1.1974647085042458,4.232758734680706,True,3.0352940261764605,0.28898144787915836,5.141241995305793,True,4.852260547426635,0.27121454210550466,opened_diagnostic
2024-11-01,2024-12-01,1,2.6915454296161117,2.6079515687214094,scaled_conformal,60.0,178,2024-11-01,2.552280876329519,2.6636222611133,False,0.2230340587950277,2.478927143722871,2.736975993719948,True,0.2580488499970768,2.3909069002122667,2.824996237230552,True,0.43408933701828545,0.041447084856208564,opened_diagnostic
2024-11-01,2025-02-01,3,2.674401603240386,2.228494370536713,scaled_conformal,60.0,176,2024-11-01,2.1057316721716517,2.351257068901774,False,1.5381035340845708,1.964412135984458,2.4925766050889675,False,2.346414450618696,1.8774749379676023,2.579513803105823,False,2.5997948678294813,0.277745910950378,opened_diagnostic
2024-11-01,2025-05-01,6,2.4283612526523974,2.162430118069335,scaled_conformal,60.0,173,2024-11-01,1.7963984966888185,2.528461739449851,True,0.7320632427610327,1.608995952777912,2.715864283360758,True,1.1068683305828457,1.2871799486831628,3.037680287455507,True,1.7505003387723441,0.1469123508510546,opened_diagnostic
2024-11-01,2025-11-01,12,2.781154688605535,2.3379693874819196,scaled_conformal,60.0,167,2024-11-01,1.7193294064514193,2.95660936851242,True,1.2372799620610007,1.1302350494822473,3.5457037254815917,True,2.4154686759993442,0.1658988077022765,4.510039967261562,True,4.344141159559285,0.28276187618713045,opened_diagnostic
2024-12-01,2025-01-01,1,2.5739669409581363,2.460520097641293,scaled_conformal,60.0,179,2024-12-01,2.400484442184534,2.5205557530980522,False,0.3337160623538544,2.3213792752101523,2.599660920072434,True,0.2782816448622816,2.2264576425596405,2.6945825527229457,True,0.46812491016330515,0.05468195635465103,opened_diagnostic
2024-12-01,2025-03-01,3,2.332029256934039,2.2006283600364944,scaled_conformal,60.0,177,2024-12-01,2.0778656616714333,2.3233910584015556,False,0.28007819086005536,1.9365461254842395,2.464710594588749,True,0.5281644691045095,1.8555674542913898,2.545689265781599,True,0.690121811490209,0.06372643818535641,opened_diagnostic
2024-12-01,2025-06-01,6,2.56045184310627,2.4018768333461153,scaled_conformal,60.0,174,2024-12-01,2.074464191476313,2.729289475215918,True,0.6548252837396049,1.8918846423116804,2.9118690243805503,True,1.0199843820688699,1.7548823431579694,3.0488713235342613,True,1.2939889803762918,0.11705477515448005,opened_diagnostic
2024-12-01,2025-12-01,12,2.837444600374882,2.5848839848964036,scaled_conformal,60.0,168,2024-12-01,2.0322469594701733,3.137521010322634,True,1.1052740508524606,1.4351003503982778,3.7346676193945294,True,2.2995672689962516,0.49700826586242686,4.67275970393038,True,4.1757514380679535,0.24038374835867918,opened_diagnostic
2025-01-01,2025-02-01,1,2.674401603240386,2.535317176852423,scaled_conformal,60.0,180,2025-01-01,2.4658125899004077,2.604821763804438,False,0.41732853164782213,2.396176354421282,2.6744579992835638,True,0.2782816448622816,2.3012547217707704,2.7693796319340755,True,0.46812491016330515,0.06431678745723729,opened_diagnostic
2025-01-01,2025-04-01,3,2.251879788673148,2.352816139720266,scaled_conformal,60.0,178,2025-01-01,2.2454992633692674,2.4601330160712642,True,0.2146337527019968,2.08899570622114,2.6166365732193917,True,0.5276408669982517,2.013728139436009,2.6919041400045227,True,0.6781760005685138,0.05451414297923115,opened_diagnostic
2025-01-01,2025-07-01,6,2.5721812482314883,2.736584596734041,scaled_conformal,60.0,175,2025-01-01,2.4302754248824723,3.0428937685856097,True,0.6126183437031374,2.241414060377733,3.231755133090349,True,0.9903410727126163,2.0977505288619525,3.3754186646061295,True,1.277668135744177,0.11379250692443746,opened_diagnostic
2025-01-01,2026-01-01,12,2.83464978439742,2.878478083624583,scaled_conformal,60.0,169,2025-01-01,2.3550078617404138,3.4019483055087525,True,1.0469404437683387,1.730525127553998,4.026431039695169,True,2.295905912141171,0.7906023645906064,4.96635380265856,True,4.1757514380679535,0.20629354962090882,opened_diagnostic
2025-02-01,2025-03-01,1,2.332029256934039,2.5956668024167526,scaled_conformal,60.0,181,2025-02-01,2.5194419230519345,2.6718916817815708,False,0.9021004232012189,2.445593850099026,2.7457397547344793,False,1.4357918362853248,2.3432143370144973,2.848119267819008,False,0.7286065324136803,0.1535295396545366,opened_diagnostic
2025-02-01,2025-05-01,3,2.4283612526523974,2.8348494110527733,scaled_conformal,60.0,179,2025-02-01,2.724542448277288,2.9451563738282585,False,1.4053387080505333,2.5714555686084104,3.0982432534971363,False,1.9577308444488557,2.4827777849547066,3.18692103715084,False,1.7924738982423165,0.23999301016280647,opened_diagnostic
2025-02-01,2025-08-01,6,2.7105512416058613,3.1956931989156683,scaled_conformal,60.0,176,2025-02-01,2.8626240364894833,3.5287623613418533,False,1.274429504386858,2.6599071710083364,3.731479226823,True,1.0715720558146637,2.556589635188475,3.8347967626428616,True,1.2782071274543867,0.20921311905880108,opened_diagnostic
2025-02-01,2026-02-01,12,2.8327267913942364,3.2351759036654495,scaled_conformal,60.0,170,2025-02-01,2.7504071760947957,3.7199446312361033,True,0.9695374551413076,2.0929700748338673,4.377381732497032,True,2.2844116576631643,1.1473001846314728,5.323051622699426,True,4.1757514380679535,0.2516679021687564,opened_diagnostic
2025-03-01,2025-04-01,1,2.251879788673148,2.201592964518898,scaled_conformal,60.0,182,2025-03-01,2.124324917331362,2.2788610117064336,True,0.15453609437507154,2.039168309598502,2.3640176194392937,True,0.32484930984079163,1.9348307515220586,2.468355177515737,True,0.5335244259936784,0.035125310844187414,opened_diagnostic
2025-03-01,2025-06-01,3,2.56045184310627,2.4459519790892394,scaled_conformal,60.0,180,2025-03-01,2.3231892807241783,2.5687146774543006,True,0.2455253967301223,2.181869744536985,2.710034213641494,True,0.5281644691045093,2.102162174073655,2.789741784104824,True,0.6875796100311691,0.05880763102944437,opened_diagnostic
2025-03-01,2025-09-01,6,2.7493004074015777,2.619518513907872,scaled_conformal,60.0,177,2025-03-01,2.295136783959948,2.943900243855796,True,0.6487634598958483,2.0951324035228533,3.1439046242928907,True,1.0487722207700374,1.9950802703522337,3.2439567574635104,True,1.2488764871112767,0.11268653090096639,opened_diagnostic
2025-03-01,2026-03-01,12,3.4816112044785443,2.506445001817526,scaled_conformal,60.0,171,2025-03-01,2.0208829706128326,2.9920070330222193,False,2.929540748234687,1.483024013455873,3.5298659901791787,True,2.0468419767233055,0.4185692827835492,4.594320720851503,True,4.1757514380679535,0.46669715941854545,opened_diagnostic
2025-04-01,2025-05-01,1,2.4283612526523974,2.464382205478345,scaled_conformal,60.0,183,2025-04-01,2.3871141582908093,2.541650252665881,True,0.15453609437507154,2.3019575505579493,2.626806860398741,True,0.32484930984079163,2.197619992481506,2.7311444184751843,True,0.5335244259936784,0.033087329225858504,opened_diagnostic
2025-04-01,2025-07-01,3,2.5721812482314883,2.6007604693201083,scaled_conformal,60.0,181,2025-04-01,2.4893873748537785,2.712133563786438,True,0.22274618893265963,2.361179097719707,2.8403418409205097,True,0.47916274320080277,2.245404673420921,2.9561162652192956,True,0.7107115917983746,0.04383657476784968,opened_diagnostic
2025-04-01,2025-10-01,6,2.676442126276537,2.676669774782924,scaled_conformal,60.0,178,2025-04-01,2.3522880448350003,3.0010515047308477,True,0.6487634598958474,2.1865540522474274,3.1667854973184206,True,0.9802314450709932,2.0511644154418414,3.3021751341240067,True,1.2510107186821653,0.09225096276238941,opened_diagnostic
2025-04-01,2026-04-01,12,3.7313349390187875,2.7584885896041733,scaled_conformal,60.0,172,2025-04-01,2.26209488273925,3.2548822964690967,False,2.8985979839286102,1.7325280417398028,3.7844491374685436,True,2.0519210957287406,0.8831014549017955,4.633875724306551,True,3.750774269404756,0.45822956963787753,opened_diagnostic
2025-05-01,2025-06-01,1,2.56045184310627,2.477788957551284,scaled_conformal,60.0,184,2025-05-01,2.4058646874345935,2.5497132276679744,False,0.18680300198656408,2.328960136823911,2.626617778278657,True,0.29765764145474627,2.160079838267545,2.795498076835023,True,0.6354182385674783,0.04273396267085219,opened_diagnostic
2025-05-01,2025-08-01,3,2.7105512416058613,2.6519666376844118,scaled_conformal,60.0,182,2025-05-01,2.53674874617073,2.7671845291980937,True,0.23043578302736378,2.374169751454825,2.9297635239139987,True,0.555593772459174,2.221651681939238,3.0822815934295855,True,0.8606299114903475,0.05299774872514298,opened_diagnostic
2025-05-01,2025-11-01,6,2.781154688605535,2.730594240669576,scaled_conformal,60.0,179,2025-05-01,2.4450755463847784,3.016112934954373,True,0.5710373885695947,2.280691683658828,3.180496797680324,True,0.899805114021496,2.1595043151959166,3.301684166143235,True,1.1421798509473184,0.0900368785885411,opened_diagnostic
2025-05-01,2026-05-01,12,4.0291390093658634,2.6820078652076296,scaled_conformal,60.0,173,2025-05-01,2.223800010733612,3.140215719681647,False,4.4721088676849,1.7302058019410178,3.6338099284742413,False,5.8568949354494455,0.8705180908036623,4.493497639611597,True,3.622979548807935,0.7309803599959095,opened_diagnostic
2025-06-01,2025-07-01,1,2.5721812482314883,2.660929962898993,scaled_conformal,60.0,185,2025-06-01,2.584392051478202,2.737467874319784,False,0.2019190358284364,2.5037740206008725,2.818085905197113,True,0.3143118845962407,2.4028209524559863,2.9190389733419995,True,0.5162180208860132,0.04345605879851032,opened_diagnostic
2025-06-01,2025-09-01,3,2.7493004074015777,2.809236985986011,scaled_conformal,60.0,183,2025-06-01,2.6950563408320547,2.923417631139967,True,0.2283612903079124,2.5382629524632,3.080211019508822,True,0.541948067045622,2.4426328164065207,3.175841155565501,True,0.7332083391589803,0.05083252443763026,opened_diagnostic
2025-06-01,2025-12-01,6,2.837444600374882,2.89009928695215,scaled_conformal,60.0,180,2025-06-01,2.6148471832705664,3.165351390633733,True,0.5505042073631667,2.4532558014819434,3.326942772422356,True,0.8736869709404127,2.337447899539648,3.4427506743646514,True,1.1053027748250033,0.08759635170420488,opened_diagnostic
2025-06-01,2026-06-01,12,3.6495566412359834,2.9374872050352843,scaled_conformal,60.0,174,2025-06-01,2.5355509822407085,3.33942342782986,False,2.044405299213645,1.9904502565192481,3.8845241535513204,True,1.8940738970320723,1.0644293736317003,4.810545036438868,True,3.746115662807168,0.35538549021352184,opened_diagnostic
2025-07-01,2025-08-01,1,2.7105512416058613,2.6613295456526327,scaled_conformal,60.0,186,2025-07-01,2.5720869046717283,2.750572186633537,True,0.1784852819618088,2.5050215400463474,2.817637551258918,True,0.31261601121257065,2.3856703523983676,2.936988738906898,True,0.5513183865085303,0.036588482546785726,opened_diagnostic
2025-07-01,2025-10-01,3,2.676442126276537,2.6012197761941582,scaled_conformal,60.0,184,2025-07-01,2.5019484676053203,2.700491084782996,True,0.19854261717767585,2.365628648948955,2.8368109034393614,True,0.4711822544904063,2.280833069418057,2.9216064829702595,True,0.6407734135522025,0.04754392156064545,opened_diagnostic
2025-07-01,2026-01-01,6,2.83464978439742,2.571010183704626,scaled_conformal,60.0,181,2025-07-01,2.323235182855534,2.8187851845537177,False,0.559008401072993,2.1441927094783977,2.9978276579308543,True,0.8536349484524566,2.0304985005224108,3.111521866886841,True,1.0810233663644304,0.11742473250803212,opened_diagnostic
2025-07-01,2026-07-01,12,3.6343170471450366,2.684348098385742,scaled_conformal,60.0,175,2025-07-01,2.2824118755911664,3.086284321180318,False,2.996003349448026,1.8357992069335376,3.5328969898379468,False,2.711298355975307,0.5315123858298736,4.83718381094161,True,4.305671425111736,0.4886853481699346,opened_diagnostic
