path,inflation_instability,output_instability,stress,mean_rate
1524,0.3014054593076176,0.6028314171154138,0.022772001744244014,2.267857142857143
1990,0.3045981447225796,0.6477022676311079,0.0292990623831522,2.625
859,0.3092738457186053,0.5869517691594622,0.02535599363413185,2.4107142857142856
1634,0.3226864595893331,0.8063417333842418,0.02711460413974142,2.4107142857142856
780,0.3249133972969368,0.8422016400687088,0.02691803445025761,2.4464285714285716
1352,0.3267504770754299,1.0117827059463167,0.02749960151727837,2.517857142857143
707,0.34832857903822917,0.5455012330208681,0.021914081517967983,2.3035714285714284
1252,0.34945306150239847,0.733385667367471,0.023157914861221325,2.4464285714285716
1968,0.3494537687258467,1.0000274537110476,0.032136750108013076,2.6607142857142856
1558,0.3504266859811569,1.4348068873033784,0.04049499857344924,2.8035714285714284
1664,0.3557177230996863,0.6692146603723397,0.02987216210706728,2.5892857142857144
366,0.36210053000444126,0.8838498069164743,0.027877491986372797,2.4464285714285716
834,0.37095355879398567,1.3153445558215688,0.03762990715359912,2.8392857142857144
1281,0.3715958221013985,1.0044366899010562,0.02669836676864358,2.4107142857142856
1437,0.3744264444006432,1.2509152056510997,0.034604494148135725,2.6607142857142856
582,0.37819536260564135,1.2819318630017067,0.038993771319961026,2.875
662,0.38240686696050474,0.7836237300199929,0.030825123539901564,2.625
26,0.3833760133857073,0.5895483882824469,0.020719525379982874,2.1964285714285716
865,0.3843260746688607,0.7344507590391303,0.023534798452966108,2.3392857142857144
1308,0.38979384174319953,0.6387488978422523,0.023672099260114658,2.3035714285714284
1966,0.39186161863786195,0.4232423643199355,0.02089801059995299,2.3035714285714284
687,0.3939125722393579,1.218257753378725,0.03790122001190269,2.875
1914,0.4102262529424572,0.8798234086112828,0.024238618410595558,2.1964285714285716
427,0.412299731613573,0.8576349164743572,0.025807237347665078,2.3392857142857144
1405,0.42950435873265636,0.7855274886347035,0.02800693721954178,2.482142857142857
734,0.42952918354341646,1.4130376266622213,0.037167620702625984,2.767857142857143
1104,0.43586558529428554,1.3901324093776242,0.04114317167528851,2.9464285714285716
1490,0.4405214497898002,0.9818958757284397,0.024597918268257545,2.232142857142857
1468,0.445216752025182,0.733063487419036,0.021165593686761682,2.1964285714285716
507,0.446604732018373,1.2711571373704809,0.03210331018237869,2.5892857142857144
265,0.44684836952626267,1.18118565018758,0.033840056069711744,2.6607142857142856
414,0.45155275042542675,1.526939086448601,0.04332282463565766,2.9107142857142856
565,0.45170482002480083,0.754496533803875,0.021606468320964006,2.232142857142857
738,0.45347058831864795,1.8107430560574105,0.04316758201713129,2.8035714285714284
1779,0.4547798889345229,0.6952922169629686,0.02662536800714544,2.3035714285714284
1235,0.4567049266760156,0.7514353781834564,0.02324503349763082,2.3035714285714284
313,0.4572809731109942,0.9598001075004533,0.020799969443428337,2.125
916,0.46505671921327874,0.9933899706224845,0.02937145169375647,2.4107142857142856
1362,0.4657054942766364,0.519888239075562,0.021913986876747674,2.1964285714285716
1971,0.4686840182282914,1.2276757084618337,0.0321367196799168,2.517857142857143
467,0.47050164905537084,0.7441963020207982,0.022772066488401757,2.1607142857142856
1043,0.47618755219044795,1.2869451585509064,0.03425731536394325,2.5535714285714284
625,0.4844157227491909,0.8590020430036887,0.028300226417503148,2.4464285714285716
1972,0.48692957155444194,1.2253676871921333,0.038822249253216236,2.6964285714285716
1306,0.48922795570723193,1.1558519492434354,0.02793947783042377,2.3035714285714284
1857,0.4897825446677392,1.57775870055937,0.03945199439953582,2.8035714285714284
1467,0.49158200171744987,1.3117912379730643,0.030678131479844925,2.375
726,0.4922378095611762,0.7724783011901055,0.020626843662793843,2.017857142857143
1325,0.49356672953805936,1.1757781083973222,0.026729698572888295,2.3035714285714284
989,0.49439392849683655,1.0319950183825832,0.026532827874663274,2.267857142857143
954,0.49702147369656574,0.6575124224869093,0.020626905946937727,2.125
130,0.49741110254650484,1.3871997818292323,0.02950072929714015,2.375
1124,0.5017874915139506,1.2494600589273164,0.031982039198228486,2.482142857142857
183,0.5034224618331216,1.4280898434114289,0.03267532731290876,2.517857142857143
1709,0.5060228570618174,0.7037034982912838,0.020776505566862287,2.0892857142857144
868,0.5070775150664116,0.7824521584017808,0.024299692916487533,2.1964285714285716
813,0.5092516942053125,1.504009958896624,0.04042403458662726,2.8392857142857144
39,0.5135687543217543,0.7183518472193888,0.02186520527997981,2.0892857142857144
1199,0.5138565462708078,0.9710758135301207,0.03007240596367949,2.482142857142857
1103,0.5150107049432715,1.0608320763627084,0.03380403659909048,2.6607142857142856
462,0.516366627671567,0.8636238013050833,0.02640384436040301,2.3035714285714284
995,0.5167061720958857,0.6807902877727953,0.02545580303125669,2.3392857142857144
1958,0.5170086064186368,1.5035904389222408,0.04161313834953732,2.9107142857142856
1048,0.5187201050645647,0.9750199521926568,0.026917890369727412,2.482142857142857
1343,0.527839271132641,0.8708123987106429,0.026624729734127134,2.375
1421,0.5279891100461198,0.7883476996825266,0.027183121386290122,2.375
84,0.5280041573981923,0.7472638401346525,0.0235261912125073,2.3392857142857144
889,0.5289070833236237,1.0828162615003203,0.026158370210499795,2.267857142857143
693,0.528945098192376,1.462795677801956,0.0388374922731137,2.6964285714285716
263,0.5295376030727221,1.163623163765785,0.028578250256671166,2.3035714285714284
950,0.5299366094159282,0.8625773252558298,0.020562672812707003,2.017857142857143
786,0.5300923800957802,0.47700760344360704,0.02056267420331623,2.017857142857143
1982,0.5305541757368687,0.5768858617245628,0.02459765147343369,2.1964285714285716
487,0.5362323604338568,0.7730018336107689,0.02306915578836484,2.1607142857142856
592,0.5398133550638669,1.0752800848674686,0.030787806270200956,2.482142857142857
1606,0.5441419960732726,1.2817624937417538,0.03095113588185849,2.4464285714285716
193,0.5462705482906337,1.6694805662325587,0.03626287806676791,2.5892857142857144
302,0.5490864284637941,1.1340716666341089,0.024261957466324438,2.1964285714285716
710,0.5555752108301815,1.1750159634301434,0.03204349898463442,2.517857142857143
503,0.5556990924958776,1.5710355438858756,0.04330795148800051,2.767857142857143
1681,0.5574724720479266,0.8429942163769991,0.021792463757306067,2.0892857142857144
943,0.5594540628894507,2.057633291623373,0.049664367729261326,3.0892857142857144
937,0.5660683726653697,0.8693090087321503,0.024299896628078674,2.1607142857142856
1929,0.5680566097202255,1.284654775871479,0.035973669596056544,2.5535714285714284
1885,0.5707597877402119,0.9096520707071064,0.02191382703670146,2.125
1051,0.5716943319363704,0.6746622644875425,0.024476464668686415,2.0535714285714284
1198,0.573286299154739,1.2865978325591754,0.026235427608965682,2.267857142857143
1777,0.5735247076786941,1.2820953580014696,0.03327686504265809,2.4464285714285716
1827,0.576203750337652,0.8542116419709714,0.021865342993477956,2.125
972,0.5768820953197127,1.8520245477522805,0.047304915771124445,3.017857142857143
579,0.5773240926230273,0.8797623968141534,0.02557916235359198,2.3392857142857144
764,0.5775239825056633,0.9352455350557298,0.023270701211422704,2.1964285714285716
53,0.5775980221062261,1.794458299493626,0.05246636864685979,3.017857142857143
1999,0.5794371282868255,0.8704052784929527,0.024238325980235266,2.232142857142857
918,0.5834755723694612,1.4872900036316619,0.035997416589194926,2.5535714285714284
1157,0.5867172789654782,0.7882093509238899,0.02423846385525057,2.125
105,0.5881754339718199,1.0986474687215209,0.028850460410562627,2.232142857142857
1014,0.5897206825213258,0.9018631279690371,0.020482275284677946,1.9821428571428572
501,0.5903328898978504,0.6472235767912857,0.02158303396044155,2.125
329,0.5911448106157732,0.6758344964469117,0.023069408600226084,2.0892857142857144
931,0.5931426943660444,1.5735178918683395,0.031138587458618937,2.4107142857142856
1232,0.5937462036989233,1.3423642056673426,0.029390482631449787,2.3035714285714284
936,0.595430926253466,0.9472914425594456,0.029587147731135764,2.4464285714285716
1444,0.5955658171037002,2.248779251355254,0.04259502775783944,2.767857142857143
1010,0.5966189690146653,0.651920591064653,0.02069612812829095,2.017857142857143
1052,0.5977878770245064,1.2487140457386805,0.03016531125880262,2.3392857142857144
1949,0.601111180392807,1.6576243864133096,0.035134702545491156,2.4464285714285716
619,0.6013057286235262,0.8035298180761524,0.021792459541394138,1.9464285714285714
1031,0.6016906063797126,1.149784924839469,0.020696082263016224,1.9107142857142858
830,0.6027944830790761,1.7037559546592913,0.04571939762056336,2.767857142857143
1573,0.6053724121339135,0.9242869585955384,0.020684174465258765,2.017857142857143
253,0.6054568236103232,1.3094000647009456,0.033741252142250475,2.5535714285714284
82,0.6084087481042264,0.7537186180362043,0.021461456290977118,2.0535714285714284
689,0.6145223189406285,0.7551959060468428,0.02056266627689071,1.9821428571428572
1311,0.616059904532771,1.3242220499440558,0.03026908908731274,2.4107142857142856
1175,0.6167156594129598,1.6825893485214805,0.03549269452885266,2.5892857142857144
1015,0.6183120205022112,1.8127858454976777,0.03460483180230754,2.517857142857143
1111,0.6191241950422696,2.0862199267111645,0.049718536092152696,2.9107142857142856
1303,0.620128618535607,1.2102564940368203,0.02670665183800175,2.232142857142857
249,0.6202845699778134,0.9997467505845201,0.021285782555500697,2.0535714285714284
1393,0.6228913528659281,0.9306754802236384,0.020482275284677946,1.9821428571428572
741,0.6252942569016119,1.0741044777685007,0.026763055158600755,2.232142857142857
1063,0.628728146349495,1.1085391592441585,0.025368495537678528,2.1964285714285716
1073,0.6343902696352319,0.8763996486234826,0.020696112943104347,2.0535714285714284
215,0.6354721872627623,1.2387289152233463,0.028664862751398033,2.3392857142857144
448,0.6385962980581158,0.9628266419338388,0.022595989004031578,2.125
1299,0.6388512610788016,0.9070888776139717,0.02056266250392771,1.9107142857142858
888,0.6402169992178398,1.189457944297234,0.031609281981447065,2.375
1760,0.6414669388655215,0.7575011404147965,0.021675725657078725,2.0892857142857144
1917,0.6422169568585117,0.7093919748560578,0.028497625413570368,2.3035714285714284
1013,0.6426008698448828,1.2232319056428467,0.029390518477382627,2.232142857142857
1584,0.648317563969099,0.8385188600358976,0.021792321365414865,1.875
557,0.6485482661151447,0.8616725668644665,0.020482275284677946,1.9107142857142858
1794,0.6497199556741458,1.2547540308962535,0.028574501662781603,2.517857142857143
1113,0.6509878450273646,2.126083706130464,0.050402527003014036,3.017857142857143
506,0.6515926733798004,1.3080711569165553,0.02696038118117019,2.125
363,0.6525450990389909,0.5935306701728557,0.020482275284677946,1.875
1106,0.6536533183513138,1.0128884641842506,0.02613551540443935,2.125
320,0.6551877949227211,1.0628955474444557,0.021245000827201047,2.017857142857143
1647,0.6574139792752914,1.7722106736944827,0.037902386566938055,2.517857142857143
1633,0.6589371114718573,1.181173223812022,0.020897814851773326,2.017857142857143
1439,0.6593600940433868,0.7390691278495698,0.02798335615910568,2.4464285714285716
676,0.6599001848344254,1.566314232032199,0.04026808424529087,2.732142857142857
955,0.6609342380961987,0.8487196138147043,0.02068413918092928,1.9464285714285714
1854,0.6620095574711145,0.7933152837649546,0.020482275284677946,1.8392857142857142
1319,0.6634461677761927,0.6979288171887366,0.02060351460984879,1.9821428571428572
1608,0.6639539108197963,1.1005226132617447,0.020696181784551543,1.875
1960,0.6647410293547823,1.1800903665790818,0.02653276679346228,2.1964285714285716
477,0.6665933659637211,0.8565593840759702,0.020505645054731094,1.9464285714285714
117,0.6667148707578812,1.367803898618261,0.03199291219875571,2.4107142857142856
1038,0.6667345398661697,1.2659468464887613,0.035445884028169,2.625
1436,0.669620100601158,1.102066519294144,0.022771924921177075,2.017857142857143
1200,0.6696414211300175,1.3083765941660597,0.02191370568954583,2.017857142857143
873,0.6706658936616989,0.7820024545281238,0.022961833127280284,2.0892857142857144
1618,0.6713230337946702,1.2893324872961527,0.03016553566953255,2.232142857142857
815,0.6719397302073424,0.9682878400999608,0.021755418846472786,2.0892857142857144
1762,0.675592762873513,1.0301898662663898,0.021865319292325713,2.017857142857143
232,0.6768051302644935,1.082636629579534,0.021244774767051857,2.125
1861,0.6771309720166585,1.2748324908431932,0.02866500703167569,2.267857142857143
534,0.6779942436275063,0.8118863826631026,0.021698710762783967,2.125
1627,0.6802713712688396,1.0640325412012013,0.02459766819841027,2.017857142857143
1369,0.6847965240553773,1.4255802443055672,0.031181447470716064,2.4107142857142856
519,0.6873670952810568,1.0410444632167137,0.02306900394609089,1.9107142857142858
349,0.687625265602908,0.6350824912536633,0.020482275284677946,1.8392857142857142
398,0.6897917417326063,1.3374927332647033,0.03207983675099853,2.375
819,0.6900700145731888,0.7575612422004954,0.020482275284677946,1.8392857142857142
1332,0.691121354678163,1.3024796704839297,0.03341413090542257,2.3035714285714284
196,0.6952155303698332,0.9966883214048492,0.025455844853216125,2.0892857142857144
1656,0.6976906291462062,1.3360879969223776,0.03423156275016141,2.517857142857143
374,0.6978266425339137,0.8868912488226954,0.024598028302496966,2.1607142857142856
1508,0.6982773572031524,1.4163486593740287,0.02681708934178146,2.1964285714285716
1335,0.7011233507601385,1.8639304902807263,0.04361224679869849,2.767857142857143
1541,0.7019920314473517,0.9402622265139928,0.023190660967275893,2.0535714285714284
1188,0.7035312940037505,1.4659764224438603,0.02689783273311235,2.267857142857143
871,0.7040150249795492,1.1824676282216695,0.028850892036906262,2.267857142857143
715,0.7045193163155126,1.3982127654888874,0.029435382648481147,2.482142857142857
492,0.7064036080862998,0.8333641815939133,0.020482275284677946,1.7678571428571428
1110,0.7097463396828043,1.0736080760578133,0.029913298340960664,2.4464285714285716
1132,0.7113352122686978,1.4519410742868106,0.03268235158733968,2.3392857142857144
1778,0.7159582293365716,0.8857116196714292,0.02416008711999445,2.125
481,0.7170015659966326,1.5198988424647835,0.032589770534172065,2.482142857142857
833,0.7198652400754917,1.0188925651947351,0.03007229974115136,2.267857142857143
1690,0.7203859495262179,1.2273695937231361,0.033013065454904435,2.4464285714285716
480,0.7210468270638203,2.204865848095924,0.04594155877549021,2.5892857142857144
1837,0.7210718873952499,1.1877826414324955,0.03092725218226275,2.3035714285714284
660,0.7218544982721901,1.6218304910992303,0.03455038034463581,2.4464285714285716
1397,0.7230488818713253,0.9152751511966936,0.021792434202489254,1.875
1162,0.7255125825675005,1.6926665012441249,0.03182707828408674,2.3392857142857144
1153,0.7261214812608143,1.4548606969876698,0.023527332043418375,2.0892857142857144
636,0.727357733280795,1.5639902682897895,0.03916920833356579,2.625
1481,0.7281679437338509,1.7966314572138566,0.0498954120069384,2.875
604,0.7294354565406271,0.6457487927802854,0.02187310393105328,2.1607142857142856
48,0.7336775586161011,1.1927667080183522,0.024431337944514967,2.125
490,0.7358780086205493,0.9004923347043278,0.020482275284677946,1.8392857142857142
1254,0.7364230228854075,1.5274048014330301,0.02934816197796855,2.232142857142857
1176,0.737450602504625,0.9394015035471887,0.020482275284677946,1.8035714285714286
369,0.7396965024745613,1.0787881018357268,0.022961980002039507,1.9821428571428572
1955,0.7397737504946217,1.4010103631893875,0.033717874123539424,2.4464285714285716
1248,0.7401340177806657,1.8571138439078134,0.0524732938343703,2.9107142857142856
1788,0.7414273875893009,2.137722123410096,0.04783207929659687,3.017857142857143
1180,0.7430616007155236,1.5788452210432466,0.03588733241572151,2.4107142857142856
1882,0.74312155800248,1.2416390205381012,0.021378684221983857,1.9821428571428572
419,0.7441459540534922,1.211354458745516,0.02670600412200105,2.1607142857142856
1952,0.7443595881793309,0.9188407275749094,0.020696038457173053,1.875
1846,0.7450767293559779,0.9638505832173275,0.021865058777131668,2.0535714285714284
1775,0.7450975046430524,1.5481061545451307,0.03415181015234705,2.4464285714285716
1974,0.7480083067299287,1.4193345663967507,0.03510576045704984,2.625
18,0.7490791065400969,1.2187629408203546,0.024318977674652742,2.0535714285714284
1307,0.7515494867969928,0.7129079041761043,0.020482275284677946,1.875
1979,0.7524472534972023,1.4976040594791133,0.025576870010575743,2.0892857142857144
1815,0.7532311917507928,1.9555479508350904,0.0651192318768689,2.982142857142857
1160,0.7558237354738886,0.9069851235937889,0.020696132715521856,1.9107142857142858
729,0.7570686941795898,1.1265084003069796,0.020482275284677946,1.7678571428571428
588,0.7580317963603552,0.7725204274828951,0.021913662387507814,2.017857142857143
1280,0.7582394706362525,0.9909772861095075,0.020482275284677946,1.9464285714285714
417,0.7603217189957856,0.7097008703900365,0.02056264727517731,1.9821428571428572
221,0.761074268015127,1.5270478525875693,0.03702648802478546,2.482142857142857
737,0.761507217392697,0.8193043360563155,0.02306928329825884,1.9464285714285714
141,0.7615788889926781,1.434908443730172,0.03007221805060995,2.3392857142857144
403,0.7615980895813315,1.556262719643763,0.027003541857850234,2.1964285714285716
1555,0.7663048063894002,1.2496114079632414,0.028850736746112493,2.1964285714285716
1962,0.7665356789422523,1.3760713679998462,0.03204380604876934,2.3035714285714284
340,0.7694872608217852,1.928967387891022,0.03750727040369985,2.482142857142857
1984,0.7719238448462787,1.3110886799417376,0.026698118629718545,2.232142857142857
182,0.7740253119980356,1.72174592120059,0.0468558692407707,2.875
618,0.7743732046875913,1.8944957016014068,0.03715991957951223,2.4464285714285716
266,0.7754543869129169,1.3221887843807731,0.031992817419521445,2.3392857142857144
664,0.7771762115920114,1.356955351857556,0.027003408738745655,2.0535714285714284
1928,0.7840013754991128,0.6874165169465717,0.020482275284677946,1.8392857142857142
653,0.7843570563250972,0.9702201704055262,0.02179254190104074,1.9107142857142858
1578,0.7860648423065237,0.9141227009912766,0.020505604168405616,1.8035714285714286
812,0.7873545800271231,0.8214040039324433,0.022961501241853782,1.9107142857142858
789,0.7877658668722409,1.111036184108923,0.025937950694520297,2.232142857142857
1011,0.7887786355356975,1.358689739316256,0.021579951098305628,2.125
1826,0.7895119930613592,0.7765889884865779,0.021792556889007605,1.9107142857142858
862,0.7901656715591059,1.3843909149199656,0.02306936233978208,1.8392857142857142
1197,0.7926957746396674,1.213156081446483,0.022844777467864175,2.017857142857143
1550,0.793998608429219,1.0730498287798411,0.020505619744320778,1.7678571428571428
1795,0.7959494051147633,1.8872004288268198,0.04826568395640059,2.5892857142857144
1109,0.7962423416818053,1.0783910915481627,0.020719418531159745,1.9464285714285714
742,0.7972686136858965,1.298090791237234,0.02306939626322398,1.875
1378,0.7987562441315328,1.9087058703377875,0.05419136578990264,3.017857142857143
1774,0.7997781279738585,0.8834770777811943,0.02060387430784948,1.875
843,0.7998209406456649,0.7234706099545519,0.020482275284677946,1.8035714285714286
981,0.8023533915840997,1.7670411486494317,0.035362205448414535,2.3392857142857144
325,0.8050922692366016,1.709493007395403,0.035342196850405225,2.375
722,0.8071042906569574,1.5425460094200731,0.03066311965930637,2.1607142857142856
1537,0.8081034664362573,1.138008264355285,0.020482275284677946,1.6964285714285714
1780,0.8099813267783453,1.0327531096216171,0.020482275284677946,1.7321428571428572
1006,0.8102223248121037,1.8666702390033176,0.033277103748126376,2.1964285714285716
545,0.8113819703256248,1.4247996336914053,0.023069210083363753,1.875
392,0.8129823378409522,1.0986238921402316,0.020840714536750196,1.9821428571428572
1759,0.814272754782744,1.0829484545796078,0.021651560792876987,1.8392857142857142
1850,0.8151266857297297,1.0258642637577893,0.02069611030194169,1.7678571428571428
538,0.815450671350106,1.2199504023838896,0.020505674470744212,1.8035714285714286
1354,0.8156907837709002,1.1563070719244946,0.02050558472458262,1.7678571428571428
1029,0.8163004448855087,1.5580128712668353,0.030165493102563536,2.125
224,0.817073059382303,1.0863941855080543,0.022962030652562655,1.9464285714285714
1852,0.8189769665269738,1.1437010390989013,0.025646081413748634,2.017857142857143
1862,0.8193325899045556,1.435843294399932,0.02427640435678552,1.9107142857142858
1108,0.8199864118891081,1.9858028079004597,0.040059592968835774,2.517857142857143
1520,0.820579970446704,1.4280288574678064,0.030165698427206122,2.0892857142857144
1314,0.8218848027924088,1.7061109151801372,0.03421955244079901,2.3035714285714284
1026,0.8228419417291867,1.429073533057692,0.02678931845711052,2.1964285714285716
8,0.8240132656510072,2.0364323483632414,0.033487476109152106,2.267857142857143
915,0.8242353973497585,2.4337659815471584,0.06851704399254374,3.017857142857143
1754,0.8247299873464654,1.7185521405602127,0.04172742801350086,2.625
1093,0.8250522664673201,2.8152193336881624,0.0948329652069242,3.3392857142857144
739,0.8255360582200694,1.09416977783207,0.020482275284677946,1.7321428571428572
1263,0.8270209042682096,1.492685609568355,0.028954782560020237,2.1964285714285716
145,0.8296060317575351,1.119960036918127,0.02071960086229794,1.8392857142857142
1181,0.8297447476983663,1.1376940787718608,0.020696156273431226,1.8392857142857142
1509,0.8315451919461982,1.33441124792424,0.02298267189277091,2.017857142857143
46,0.832207488126772,0.7753611318576029,0.020505672221541243,1.9821428571428572
530,0.8343213267817837,1.4346635029574188,0.030165472149392185,2.125
1412,0.8364445909325732,2.3598756172912165,0.05381367941888578,2.9107142857142856
128,0.838544778917626,1.318582261886642,0.02564576188351569,2.125
763,0.8386033667891657,1.432910571278095,0.020482275284677946,1.5892857142857142
22,0.8397834531668562,3.09317798191125,0.0975900744200702,3.375
379,0.840953521182017,1.240809717633519,0.02069623248035104,1.7321428571428572
181,0.8413314838827224,1.5575934613407092,0.0244764755042167,1.9464285714285714
1704,0.8448515958890656,2.4001616627630753,0.042664182975838016,2.732142857142857
133,0.845208086671107,2.0623390370880594,0.042640635297713794,2.5535714285714284
554,0.845512983133288,1.5671070984814275,0.036024084839549275,2.4464285714285716
1286,0.8480309088452922,1.3697860100950303,0.026135172431772248,1.9107142857142858
1030,0.8480587643579556,1.007257906895615,0.020603609603055503,1.9107142857142858
1813,0.8505293146061987,1.201547873539221,0.020482275284677946,1.6607142857142858
927,0.8517099863278746,1.7479197137481275,0.03715978811991005,2.482142857142857
425,0.8523511533587832,1.501497637313776,0.02613532501831541,1.9821428571428572
1234,0.8526965083220134,1.649961585513671,0.035405864398899034,2.3392857142857144
605,0.8528288452967318,1.2639877398582915,0.026135178242496167,1.9821428571428572
911,0.8569263343086971,1.8263180248008746,0.029830222522803124,2.0892857142857144
965,0.8585414474806414,1.6499009870125183,0.027733109853937482,2.1607142857142856
714,0.8590408078636791,0.9080261679085762,0.020482275284677946,1.7678571428571428
421,0.8595369877013562,1.4624624272524116,0.02191387693030093,1.7678571428571428
1570,0.8620461171466378,1.7067867499620153,0.035385355591637496,2.517857142857143
904,0.8640690071298294,2.0844061282640745,0.027718433651222986,2.0535714285714284
1117,0.8657932180341801,1.2004774669830143,0.020482275284677946,1.6607142857142858
1495,0.8675892318102918,1.3428860769688578,0.026135137099494506,1.9464285714285714
375,0.8691233837681669,1.5218484063590199,0.02718292684045929,2.017857142857143
1086,0.8716352355139424,1.2882385649303536,0.020696055188794138,1.8392857142857142
372,0.871839535419571,1.2170167531487728,0.02306936739995713,1.9107142857142858
1375,0.8723927049426213,1.281953881592782,0.030970925922202432,2.232142857142857
200,0.8762175159803106,1.5424228434724347,0.02167548376123648,1.9107142857142858
210,0.8768420070758894,1.2002946464189668,0.020482275284677946,1.5892857142857142
577,0.8786993099758296,1.3126175012739225,0.02189606469211278,1.9464285714285714
1714,0.8788683999438881,1.6640688453835233,0.03575765793995144,2.482142857142857
1694,0.8792010620570889,1.9184293949087368,0.03673743664849097,2.482142857142857
1705,0.879437963831635,1.2389712552835734,0.020562769859460223,1.625
1045,0.8801177542334205,1.4262316353528077,0.027263608696352644,2.0892857142857144
122,0.8816611351252867,1.6721515612181044,0.03707323435970014,2.4107142857142856
1876,0.8842983423322106,1.6399023741446548,0.02435659335555372,1.9464285714285714
5,0.8843697584130921,1.953872223542814,0.04592075701737857,2.6964285714285716
1825,0.8864317656522092,2.114288573832682,0.03270632504134807,2.232142857142857
528,0.8887332663216295,1.3553433115863314,0.033413671096011816,2.232142857142857
1433,0.8894419738321789,1.8779289717212373,0.03229181596784669,2.3035714285714284
307,0.8904632212046649,1.3946596555119202,0.020562746884258794,1.7678571428571428
1483,0.8922411602007544,1.476017294586108,0.020482275284677946,1.7321428571428572
1183,0.8923277390564026,1.91378724949207,0.03557939070647569,2.4107142857142856
315,0.893142160613391,1.4939846447556906,0.030188382069449925,2.1607142857142856
1189,0.8936653588627198,1.1585986801333745,0.02158267975211724,1.8392857142857142
1643,0.8945376523266696,1.0973570020032923,0.020482275284677946,1.625
1981,0.898391839143966,0.9247165273939345,0.020482275284677946,1.6607142857142858
515,0.8989315476405817,0.988137555041757,0.020482275284677946,1.6607142857142858
999,0.9044245695211812,1.2913100751863826,0.020482275284677946,1.625
1296,0.9093144571931027,2.223114049270492,0.04213544460223595,2.5892857142857144
1739,0.9095049615688308,1.4497657182529862,0.02887417116121768,2.1607142857142856
1580,0.9116264398655773,1.8896028934018956,0.02581822513481217,2.0
468,0.9118691806654793,1.5163776678902106,0.025553271892630635,2.017857142857143
704,0.9134482688959842,2.5439317623147413,0.059777781235315824,2.982142857142857
527,0.9169651981258347,1.8829105269789959,0.0354220966239422,2.267857142857143
91,0.9175731257135951,2.7129482749945435,0.11377733442308006,3.0892857142857144
435,0.9212720381764672,1.488823663039563,0.02427626078846373,1.875
1324,0.9233497559940971,1.7971318841393433,0.03215692671385584,2.3035714285714284
1605,0.9243780619504725,1.698389383923142,0.020482275284677946,1.625
230,0.9244858564849048,1.1538540863005473,0.020482275284677946,1.5892857142857142
1770,0.9268947022027717,0.6634135923598947,0.020482275284677946,1.8392857142857142
402,0.9281105229360052,0.7788741101425082,0.020482275284677946,1.7678571428571428
1792,0.928291808712226,3.265394977284541,0.09339176524827728,3.017857142857143
806,0.931183819303253,1.118038530197485,0.020482275284677946,1.6607142857142858
1301,0.9315108966130007,1.4292336925866687,0.030165854226332337,2.1964285714285716
561,0.9317072459942088,2.389766806884499,0.06111295398007949,2.625
1119,0.9338321035562652,1.7561038821064008,0.03790199557793939,2.482142857142857
216,0.9348293948415647,1.5385239651264029,0.02525559014440924,2.017857142857143
612,0.9352129403649111,1.448218017655347,0.030072025786835852,2.125
659,0.9362783564045507,1.06096814841894,0.020482275284677946,1.6964285714285714
422,0.9382914942510119,1.597253846531403,0.022676361279942506,1.9821428571428572
921,0.9386282208137002,1.100946057604638,0.021164748621764717,1.9464285714285714
1713,0.9398587630720476,1.2426898395315904,0.02186511103123594,1.9107142857142858
312,0.9405351998264774,1.5154399295850098,0.02069602941676768,1.7678571428571428
207,0.9422602108150168,1.313572583279006,0.022961561658116848,1.9107142857142858
1549,0.9427821238594667,1.2188098434136074,0.024318958295484333,2.0892857142857144
599,0.9461355843796012,1.6284347599345843,0.03369388801993858,2.267857142857143
1355,0.9463752077675398,1.560326087461161,0.03114483232576487,2.1964285714285716
1644,0.947998086132474,1.2400117424555008,0.020562711824591188,1.7678571428571428
1024,0.9494801367061456,0.8791405684884313,0.02179237766686864,1.8035714285714286
473,0.9509217701621672,1.0055728050864605,0.020482275284677946,1.5892857142857142
124,0.9518224883724292,1.064716869757162,0.020562675369955912,1.7321428571428572
1253,0.9525831944194091,1.9705996216935167,0.035974253438489694,2.1964285714285716
1187,0.9530083867592184,1.3795173287775802,0.020482275284677946,1.7678571428571428
980,0.956685559304876,1.740496212702332,0.020482275284677946,1.625
1294,0.9573248822818056,1.8105875552678066,0.029124931609901004,2.017857142857143
1703,0.9588433658408129,1.3542449885589884,0.028410896693463385,2.0535714285714284
1066,0.9592166675373466,1.562335701993613,0.034342476410025156,2.4464285714285716
1505,0.9597715712756307,1.9445792692938322,0.02893120659918231,2.0535714285714284
1899,0.9599545024358824,2.522018331743829,0.06644875708773508,2.8035714285714284
1040,0.9614715394006915,2.000699914233502,0.031144999939808272,2.1607142857142856
1215,0.9623624429348521,1.4410725639200717,0.024169973576580524,1.9464285714285714
1529,0.9671164916944345,1.3457416345881432,0.020696032950580676,1.7678571428571428
1003,0.9684805764038079,1.264500156059662,0.020696089310731365,1.6964285714285714
463,0.9728019466001454,1.0332323362881055,0.02069614689690409,1.7678571428571428
275,0.9747409030114997,1.2156056547898961,0.025217864569543634,2.125
308,0.9766180045878335,1.4688610203591455,0.020482275284677946,1.5535714285714286
1942,0.9781883897275554,2.2441662418685695,0.060429865786382174,2.5892857142857144
1340,0.9827422526483721,1.5618738345122767,0.024357053323301476,1.9821428571428572
1409,0.9855055429593638,1.1902670670192932,0.020482275284677946,1.7321428571428572
58,0.9868715247121911,1.5396256721682007,0.020817527830071937,1.6607142857142858
514,0.9899093826231733,1.0139917999866626,0.020482275284677946,1.6964285714285714
1927,0.9901346930016038,1.3973493542326092,0.02314977125563415,1.7678571428571428
1172,0.990452833338701,1.0175829566448074,0.021792533247692928,1.8035714285714286
642,0.9908088348034174,1.5920250165914884,0.021796396367442076,1.8571428571428572
1446,0.9929401503704173,1.8657458946632561,0.020696080212046802,1.6964285714285714
273,0.9962755517842381,1.6465606143479663,0.024238455811936586,1.875
1591,0.997178860427879,1.4437803454094278,0.024598087735762972,1.875
1064,0.9973943628949888,1.0566602964349598,0.020482275284677946,1.6607142857142858
523,0.9990602884263093,1.2563800719791778,0.02435707217845699,1.9821428571428572
1803,0.9997201305352317,1.355359041978586,0.02165151652605309,1.625
1190,1.003237822615003,1.6949173967301396,0.03542232000083924,2.375
1491,1.0056150918975544,0.9586129379521583,0.020482275284677946,1.5535714285714286
1466,1.007436764564013,1.5283791789760195,0.021872750909356004,1.7678571428571428
1637,1.0084983462515196,1.7951161356967853,0.02191385088962144,1.8392857142857142
474,1.0100240040395156,1.3479478498925628,0.020482275284677946,1.5178571428571428
646,1.0102892830692358,2.042816023740913,0.04642422550180351,2.517857142857143
1866,1.0113025536868976,1.4321406549479758,0.020482275284677946,1.625
281,1.0121282165679488,1.842525875096861,0.021796365836134167,1.8214285714285714
380,1.0122729698787554,0.9692481535923849,0.020482275284677946,1.6607142857142858
1182,1.0122763129120893,0.9877272812371163,0.020482275284677946,1.625
727,1.012700207355751,2.1295718649758446,0.027183175907330492,1.9107142857142858
1224,1.015167199263833,1.7368940325489233,0.020482275284677946,1.6785714285714286
992,1.015617648772638,3.4657598442578204,0.17112232238974517,3.517857142857143
1752,1.016513296712493,1.5191557591441527,0.02050561284630725,1.8035714285714286
594,1.0188487413281524,1.4476868257002555,0.020482275284677946,1.4821428571428572
238,1.0196770490132352,2.468613676169957,0.03790266158482976,2.267857142857143
486,1.0198156733688744,2.224599683869751,0.030245635968977766,1.9821428571428572
536,1.0201047676128963,2.226794748202864,0.040320135478931235,2.4464285714285716
1844,1.0218377347473797,1.1520056495127675,0.020696117307901447,1.6964285714285714
945,1.0238617811340065,1.8179725636240867,0.037901841851049306,2.3035714285714284
1344,1.0260369942231327,1.1553135125750558,0.020482275284677946,1.5892857142857142
1012,1.0265160518796563,1.7269637781661153,0.021651647273774183,1.6607142857142858
1675,1.0279614665754309,2.6817552462737093,0.11163249378636161,2.982142857142857
994,1.030860307705853,1.2214757189957401,0.020482275284677946,1.5535714285714286
1225,1.0312256059229967,0.9369464519446691,0.02069616737750311,1.6607142857142858
1782,1.0322979109327433,4.2828646968795985,0.20093513401145655,3.4464285714285716
1284,1.035356605482738,1.438083293742554,0.02069601878371697,1.875
685,1.0372950411978246,1.631819786722514,0.020695920440703286,1.6607142857142858
1123,1.0405564550741777,1.4142092323892386,0.020482275284677946,1.6964285714285714
725,1.040996730887767,2.5067451392760134,0.040320320318729105,2.482142857142857
189,1.0434810344220693,1.9125816481429325,0.02581806564049941,1.8571428571428572
1148,1.044041100390094,1.5840989439352042,0.024597831424686228,1.7321428571428572
1579,1.0445531685418863,2.5008907439078234,0.046068269711410786,2.5535714285714284
254,1.0446227317718788,1.397730616541863,0.02179252611354644,1.7321428571428572
1881,1.045680077407332,1.9169376316156252,0.024193844449588383,1.9464285714285714
1360,1.0460625962588221,2.7464885560977788,0.0991897350487807,3.267857142857143
432,1.0466000244333686,1.746549145914704,0.028497787422282872,1.9464285714285714
1582,1.0483907970241848,1.1713093750249133,0.020482275284677946,1.6964285714285714
367,1.0491440568374513,1.49478264675299,0.02107154337426728,1.8214285714285714
1863,1.049588285241,1.7512504879259956,0.02947755367760604,2.0535714285714284
65,1.052325372016509,1.5544255417818318,0.021865408676215274,1.6964285714285714
948,1.0532746495436751,1.7124882378260704,0.03002935821938222,2.0892857142857144
180,1.0549618660956699,1.6032324876915964,0.026215750049985984,1.9821428571428572
1830,1.0563662319473945,1.5628029424527854,0.024318876738086862,1.9464285714285714
793,1.0595876370142459,2.6753171523104227,0.060926238470256605,3.017857142857143
400,1.0620654969410572,1.69470479961986,0.02348520910583006,2.0
1295,1.0636457383676872,2.1064995989804918,0.030311759435068177,2.1785714285714284
286,1.06679360409688,1.3616909315060708,0.020482275284677946,1.4464285714285714
491,1.0668526633475897,1.7306711820636533,0.023903180382186785,2.0357142857142856
982,1.066919424585141,1.4163210135478268,0.020482275284677946,1.4821428571428572
59,1.067204311210612,1.2885009761537056,0.020482275284677946,1.4464285714285714
1114,1.0708134739194561,1.53124018664896,0.023069318212066404,1.8392857142857142
93,1.0727552081749232,1.232899311424107,0.02069602256589176,1.6607142857142858
1285,1.0729503891924292,2.0331842167713656,0.03327729766125505,2.1964285714285716
708,1.0731225579822627,1.8226633555356209,0.027263348800785202,2.017857142857143
1339,1.0748453820542938,1.3063413357831477,0.020482275284677946,1.625
1728,1.075041254343845,1.316723432238242,0.023190580219235403,1.875
919,1.0762710766880272,2.0617282290411945,0.02938986542258986,2.0892857142857144
711,1.077128496869679,1.6339221039153713,0.020482275284677946,1.4821428571428572
1,1.0785108552345117,2.999467725320289,0.07597961271854034,3.267857142857143
665,1.0793526021651,1.3659539796054894,0.021792551785710518,1.7321428571428572
465,1.0795999115136277,1.5329146901129271,0.020603668318407996,1.7678571428571428
318,1.0803038786997292,1.8152097442866757,0.024597846933755323,2.017857142857143
1649,1.0805043072997622,1.6647062183369385,0.02613517680073453,1.8035714285714286
1798,1.0807903809432802,1.7379837548896662,0.02564553790227439,1.8392857142857142
836,1.0824788332864954,1.4521999681286493,0.021792386642082523,1.5892857142857142
1503,1.0829454216277616,1.326485362671117,0.021914000901959985,1.7321428571428572
1080,1.0832013132398641,1.9479028299199197,0.028850595213637746,1.8392857142857142
1485,1.0833193560078598,1.8960369291858128,0.02296161257821297,1.625
1744,1.0836355675802136,1.173837782158181,0.022961672576536474,1.8392857142857142
1489,1.0839671631059993,1.5374345343948086,0.020482275284677946,1.4107142857142858
290,1.0854503114399598,3.222170439274964,0.09108562228413036,3.0535714285714284
985,1.0866146212958898,1.7978761263846372,0.020482275284677946,1.6428571428571428
974,1.088478113346016,2.137140662153253,0.025593995448088925,2.0357142857142856
984,1.0907275754389303,1.529400326079515,0.020603710043740255,1.5892857142857142
837,1.0914335272074023,1.546995919513879,0.020562676453424227,1.7321428571428572
1654,1.092446637819151,1.7184236117327123,0.020482275284677946,1.6607142857142858
1630,1.0931382011733217,1.4320507674569938,0.020482275284677946,1.5178571428571428
1843,1.0932873697087138,1.5621048840687983,0.02994829499529207,1.9821428571428572
1786,1.0938888611285669,2.444607926766823,0.03756143822512474,2.3214285714285716
47,1.0951342834790763,1.4342931034358755,0.02186537446660295,1.6607142857142858
1212,1.0953310105976468,1.393755978809084,0.020482275284677946,1.4464285714285714
1058,1.096044168325681,1.6297362391863164,0.020482275284677946,1.5178571428571428
658,1.0981291093369658,1.0277232339416116,0.020482275284677946,1.625
1583,1.0986369347368425,3.0982761210110485,0.0836560663171679,2.6964285714285716
783,1.102396496941089,1.5758147311223916,0.02459768136120026,1.6964285714285714
639,1.1051303475901488,1.4191731962056358,0.021792355902842425,1.6964285714285714
951,1.1077848235058696,1.6285872200998643,0.020695993005172504,1.5535714285714286
1330,1.1089398686553955,2.1781415058757907,0.020482275284677946,1.5357142857142858
1877,1.1097751913790104,1.1825693613634225,0.020482275284677946,1.5535714285714286
1925,1.1115089139297079,2.140985108616201,0.027263502113181133,1.875
104,1.1120860012097744,1.658339103543121,0.020482275284677946,1.4464285714285714
1784,1.1125397640942682,1.4573973151775972,0.020482275284677946,1.5892857142857142
291,1.1141746867716755,1.052243028232751,0.020482275284677946,1.5892857142857142
9,1.1155003425961945,2.2843565873484946,0.030576085028150977,1.9821428571428572
1869,1.119761680277918,1.242188547955851,0.020482275284677946,1.5535714285714286
1835,1.1203525786308905,2.3283456916017164,0.036755948379445895,2.3214285714285716
1723,1.1206980049952822,1.8282816888442572,0.020482275284677946,1.2678571428571428
1476,1.1208214128033498,2.291661500941968,0.03341416411676417,2.017857142857143
844,1.1221753447304852,1.8300119223399687,0.024170298388674634,1.8392857142857142
1535,1.122338925703216,1.9132466966017088,0.027114222232260655,2.0357142857142856
450,1.1226204720778437,1.9060285753553428,0.020482275284677946,1.4821428571428572
317,1.1234278424617044,1.2395058223630189,0.020482275284677946,1.5892857142857142
251,1.1241198707019022,1.7796162076971993,0.02179240958000264,1.6607142857142858
1288,1.1245606523355232,1.6290502900597696,0.021865460547851993,1.6964285714285714
624,1.1247070524233729,1.5782533136711079,0.020482275284677946,1.4107142857142858
758,1.125602219176301,1.1914229116683774,0.020482275284677946,1.5892857142857142
1671,1.126637194033668,1.4740909700315927,0.026960570839217587,1.875
767,1.1267382999238633,1.606447720271373,0.020482275284677946,1.5357142857142858
1812,1.1268734450186455,2.014761577749351,0.021071584430858256,1.6785714285714286
347,1.12719065253334,1.2534111692514955,0.020696062191732992,1.6607142857142858
829,1.1275436720612781,2.518703821056096,0.0363215000169111,2.1607142857142856
894,1.1283156051387224,1.597412195867262,0.0218654224241128,1.7678571428571428
1548,1.1294631207650592,1.5843402703277836,0.02069609184047733,1.5892857142857142
1221,1.1305823429576392,2.0867726878071244,0.025645675500016434,1.7678571428571428
922,1.1310792529632991,1.1400004555015133,0.020482275284677946,1.5535714285714286
598,1.1347709468222744,1.281886031174433,0.020482275284677946,1.4464285714285714
991,1.1351350471684747,1.3974037591465838,0.02179237689618486,1.7678571428571428
337,1.13552942993403,1.901192130233966,0.020482275284677946,1.5892857142857142
1364,1.1370669829668325,1.2089850619528169,0.020482275284677946,1.6964285714285714
1959,1.1376705991409886,1.9758874571118568,0.020482275284677946,1.6071428571428572
784,1.1394820851639746,2.0312323798837593,0.025818087663126314,1.75
587,1.1417674567100606,2.091868957891429,0.024238548597091257,1.875
1543,1.1435678043725523,1.1370499719430966,0.020482275284677946,1.4821428571428572
890,1.1475562514441082,1.738610782699549,0.0217924561447827,1.5892857142857142
1107,1.1489326993064957,1.5482652641110426,0.020696198953838778,1.625
257,1.1493070994520926,1.3507202239259775,0.020482275284677946,1.4464285714285714
902,1.1522351171791505,2.057834253117224,0.037003464062743185,2.3392857142857144
388,1.1524729561359057,1.4337241128190152,0.020482275284677946,1.4107142857142858
1577,1.1534717803327523,2.1828418420396583,0.03259506417372085,2.125
1585,1.1546892979194574,2.1253589981033474,0.026135134295871762,1.8035714285714286
13,1.1547224575515673,1.5387201982268424,0.020482275284677946,1.5892857142857142
543,1.154851272751062,1.4671330580801587,0.020482275284677946,1.5178571428571428
637,1.1551982645203727,2.285926533408495,0.033414158470215644,1.9821428571428572
234,1.1556651239902878,1.3707233806509744,0.020482275284677946,1.4107142857142858
1219,1.156971123831365,1.5974218305739691,0.020696040463644923,1.7678571428571428
1430,1.158597645547656,2.1119105016865887,0.020696142855149258,1.4464285714285714
1131,1.1597794134645418,2.0898568280563232,0.02263020501114326,1.7678571428571428
51,1.1599378909775366,2.120384344664487,0.031696485301809726,2.0535714285714284
1091,1.1612867888822456,1.7055150863168327,0.020482275284677946,1.625
1070,1.1627017059279061,2.6532568940819408,0.04023081458422578,2.392857142857143
772,1.1628131374634436,1.5488748255794185,0.020482275284677946,1.375
112,1.1629755834256252,1.8263516196104317,0.024238452266364327,1.6607142857142858
1533,1.1631629943571553,1.3611811159280442,0.020482275284677946,1.4464285714285714
1486,1.163503893254352,1.8797742534495487,0.027122967074881352,1.8571428571428572
891,1.1645060040714963,1.7333637997480404,0.020482275284677946,1.4107142857142858
89,1.1645765284276461,2.219240213775151,0.024476518538232864,1.6607142857142858
1067,1.16458463385759,1.2049949360398746,0.020482275284677946,1.5892857142857142
1079,1.1656569157119703,1.6034738240897113,0.02447643783947672,1.6964285714285714
1179,1.169306750476917,1.2870554096589804,0.020482275284677946,1.375
1716,1.1699957982381364,1.6114990015503572,0.020482275284677946,1.4821428571428572
178,1.1715631146785166,2.2319002866899913,0.031486946497142176,2.0357142857142856
126,1.171915528791404,1.790679631744481,0.020482275284677946,1.5
1065,1.1735432411205462,1.2079714731627735,0.020482275284677946,1.4821428571428572
827,1.1739099408659746,2.2637449601291904,0.027983248433956415,1.9107142857142858
1944,1.1743943440477589,1.4650592068677326,0.020482275284677946,1.4107142857142858
583,1.1744087335240758,2.0252707012764586,0.042628825530938,2.267857142857143
1791,1.1762647522665393,2.0107565508285195,0.03169640625518293,2.017857142857143
623,1.1768451216645506,2.1856857321740986,0.02318045788741898,1.6964285714285714
1931,1.178338144961573,1.7872013199792598,0.021913695220383757,1.7321428571428572
754,1.1785517238963201,1.3542133302975692,0.02306917245503385,1.6607142857142858
1521,1.1807985875088742,1.4516933167386497,0.020482275284677946,1.4821428571428572
1230,1.1816223007511946,2.206386110314947,0.03049473517096584,2.0357142857142856
866,1.181784831164202,2.0427445476886947,0.03700319641772704,2.1964285714285716
1646,1.1819007631898844,1.5061294700684393,0.020482275284677946,1.5535714285714286
883,1.1821168091018306,1.419573201984297,0.020482275284677946,1.5535714285714286
45,1.182362289337248,1.8124887320616254,0.0212072542629293,1.5714285714285714
1208,1.1840785351321763,1.628110126787978,0.023069306345190388,1.6607142857142858
1269,1.184967316481985,1.2376023241549965,0.020696116360833197,1.5535714285714286
901,1.1865880365980557,1.5159652315003567,0.020482275284677946,1.4107142857142858
1642,1.1884099485989652,1.781119068609959,0.020482275284677946,1.4464285714285714
1408,1.188869612645578,1.870158912152571,0.02228979251128062,1.9285714285714286
1636,1.189870434812774,1.6175632625499938,0.020482275284677946,1.4107142857142858
1845,1.1898846976334314,1.2417741827054516,0.020482275284677946,1.4821428571428572
603,1.1899778019512168,1.928336014674004,0.02885065265005886,2.0892857142857144
1127,1.1909018616616185,1.183812282573847,0.020482275284677946,1.5178571428571428
1912,1.1911765580522433,2.088887001715011,0.025950606134944855,1.8928571428571428
1137,1.19247842250899,1.0758671836540794,0.020482275284677946,1.5892857142857142
440,1.1955927712485375,1.8710222599021173,0.02613526107019535,1.7321428571428572
1327,1.1963576395299378,1.2890217516714868,0.020482275284677946,1.4464285714285714
1805,1.1997508312162777,1.2533639114002366,0.020482275284677946,1.4107142857142858
1379,1.2007830538057473,2.160600202086704,0.02203219148645714,1.5714285714285714
1970,1.204824548225874,1.1545581701332293,0.020482275284677946,1.4464285714285714
1911,1.206091089113716,2.0833833572318547,0.028464966118079298,1.9642857142857142
673,1.2066627622146022,1.4155060792792207,0.020482275284677946,1.5535714285714286
1470,1.2077437651060898,1.7644501929089307,0.031145138478349432,2.125
532,1.20781947515166,1.4799114269141602,0.020482275284677946,1.5178571428571428
1097,1.2114051404745996,1.570170239237594,0.020482275284677946,1.4464285714285714
782,1.2144951055525042,2.2423186470565803,0.02994839909877993,1.9821428571428572
1460,1.2171905370918539,1.5655530734737138,0.020482275284677946,1.5535714285714286
1819,1.22335725047334,1.511010482373984,0.020482275284677946,1.4464285714285714
151,1.2240198221700986,1.4376680212247581,0.020482275284677946,1.4107142857142858
412,1.227048267189314,1.673158007492617,0.020482275284677946,1.4107142857142858
1818,1.2296092297072838,2.070052748657455,0.020482275284677946,1.4642857142857142
1192,1.229933691682933,1.8786101453140087,0.02849800010297177,1.9107142857142858
756,1.2306192344600093,1.5209763575187074,0.021792624345404108,1.5178571428571428
1291,1.2317974688844364,1.8614000396908075,0.022757242564812707,1.75
928,1.2317976813397913,1.7052928404530945,0.02069601298917033,1.5892857142857142
361,1.2321284275447608,1.3959285312573548,0.020482275284677946,1.5178571428571428
1185,1.2324587589661655,2.2242868125463575,0.031963381031824147,1.9464285714285714
1125,1.232935031559634,1.7203193252901456,0.02060363876456052,1.625
1893,1.2359298816019697,1.52059225898422,0.0244762569855676,1.7321428571428572
760,1.2374583788641318,1.7501863493167056,0.020482275284677946,1.4821428571428572
1708,1.2379154824448262,2.006649880652679,0.024227217206915015,1.8214285714285714
1833,1.240020496805655,1.8378428832875107,0.020482275284677946,1.6071428571428572
76,1.243345852232438,2.0568754114553154,0.0269606237126543,1.8392857142857142
466,1.2448955772842751,1.6723669082115367,0.020482275284677946,1.5535714285714286
1085,1.2494605389347615,1.3491294580235094,0.020482275284677946,1.4464285714285714
1838,1.2512635645548442,1.346022129061874,0.020482275284677946,1.375
876,1.251743840709906,1.5777725122050787,0.020482275284677946,1.4821428571428572
1622,1.2525613012838785,2.1154320414613568,0.020952569831944007,1.7142857142857142
1940,1.252715637900666,2.3206267422443045,0.027939509984132527,1.9464285714285714
96,1.2541403763537378,1.6376365246519486,0.020696043972416513,1.4464285714285714
1083,1.254328783368969,1.9658120329788402,0.021651333280200427,1.5178571428571428
1855,1.2552354594700637,2.0529407209334574,0.028497851099318607,1.7678571428571428
1511,1.2572960733478187,1.5098682696039756,0.020482275284677946,1.4821428571428572
354,1.2586631084634499,2.1311996329190483,0.022289694462587148,1.6785714285714286
314,1.2594665336974817,1.8011932108379358,0.020482275284677946,1.5892857142857142
1035,1.2596057895093293,2.2021509066704414,0.027420265188885844,1.8571428571428572
946,1.262233550576101,1.8112741809786648,0.025817758147614743,2.0357142857142856
1264,1.2624361946740645,2.6208889167892497,0.03374351004909613,2.0714285714285716
362,1.2626893399185204,1.887061515994581,0.0217924003208046,1.4821428571428572
147,1.2628827843079113,1.3044543546184577,0.020482275284677946,1.3035714285714286
968,1.2644287626840298,1.7350491351439299,0.020482275284677946,1.625
1044,1.2649452968225507,1.7907107302205334,0.020482275284677946,1.3035714285714286
840,1.2652431037305722,1.914163618637382,0.03016505459840572,2.017857142857143
1391,1.265990989667651,1.7075041882184923,0.020482275284677946,1.5892857142857142
295,1.266056871051597,2.1741830836807416,0.03439311537480491,2.125
1275,1.2685953510089403,2.022700806184275,0.020482275284677946,1.2321428571428572
1338,1.2691585623519668,2.119203645149049,0.026404026349420365,1.9464285714285714
1806,1.2694167095625144,2.02949022726786,0.022414508201869413,1.6428571428571428
1272,1.2702246403925652,1.496036966650407,0.021792551250898975,1.5892857142857142
1588,1.2713324703332447,2.687997149239683,0.03595803817695383,2.2857142857142856
1385,1.273149914754062,1.9231244851029254,0.023003735756078315,1.7142857142857142
98,1.2752705348225857,2.185305537295778,0.020482275284677946,1.5
1316,1.2755106892633323,2.0663126004655887,0.020482275284677946,1.4642857142857142
586,1.2774309022843926,2.2209441581514553,0.03327299955317452,2.0
1410,1.277994283922288,1.163332662907972,0.020482275284677946,1.4464285714285714
1616,1.2783431133680394,1.4332300705676257,0.020482275284677946,1.5535714285714286
348,1.2784593102608133,1.7355042779611045,0.020603589117244983,1.5535714285714286
1419,1.2785478147942553,2.4514639164362486,0.037003350597524506,2.232142857142857
1883,1.2793471194610042,1.8922863043812486,0.020482275284677946,1.2678571428571428
1567,1.2816926303882399,2.3852521798828654,0.025576742209963574,1.7678571428571428
1451,1.2841625982783005,2.1090687962365333,0.025228557794306154,1.8571428571428572
1946,1.2851694830181484,2.5193072265096705,0.020603613542547076,1.4821428571428572
821,1.2861124003762563,3.3825541116023987,0.1153708691807045,2.875
1860,1.289618524883657,2.5700722538123033,0.04692760143039007,2.6607142857142856
1802,1.2923468087740346,2.1749034019282525,0.023756601310073164,1.6071428571428572
280,1.2924141868274288,1.3758884507671036,0.020482275284677946,1.4107142857142858
1776,1.2971131148937902,2.143098515824383,0.028850826773670027,1.9107142857142858
569,1.2979466862294573,2.2564902066780768,0.02885068872149943,1.7678571428571428
1604,1.299481850020816,3.3001036964255515,0.04032486158285163,2.1785714285714284
987,1.3006515434812793,3.036091337308622,0.0836587467150994,2.5535714285714284
120,1.300821488167306,1.3413915476683416,0.02179262957149028,1.6607142857142858
1948,1.3016732710383223,1.9591210104784569,0.020482275284677946,1.375
153,1.3018703830943765,1.446635355723615,0.021792386609085224,1.8035714285714286
576,1.3033372255518987,1.493615127865648,0.020696124455007472,1.5892857142857142
570,1.304935644474175,2.3228196796600917,0.024345635045111506,1.6071428571428572
1566,1.3110217980366554,1.4800946664058428,0.021792519688530042,1.5178571428571428
721,1.3120454709556535,1.5162532810235558,0.028578308662706352,2.017857142857143
593,1.3123620424519329,2.075669896812741,0.030165386413555907,1.875
542,1.3144044699256443,2.6003759370651154,0.04262843814339086,2.232142857142857
1596,1.3148000283719041,2.0947398694392256,0.03268167301632023,2.017857142857143
1868,1.3173433768517386,1.912576821203198,0.020482275284677946,1.3392857142857142
967,1.3178930864210836,2.1034740740273783,0.021792547199765606,1.625
1650,1.3180262949901322,1.6114137259000414,0.020482275284677946,1.4464285714285714
106,1.3186038918722731,2.2779179300831243,0.024556659401974174,1.6607142857142858
1245,1.3195083491058535,2.160634378942334,0.021792335014192053,1.5178571428571428
1575,1.3200424365239847,2.1395612753050273,0.02556434774183511,1.7142857142857142
1418,1.3201428369886596,1.9531923335936174,0.020696113035767905,1.375
700,1.3210515465761437,1.637926342989177,0.020482275284677946,1.375
682,1.3216802244985522,1.6766198214531085,0.020482275284677946,1.375
620,1.3218894626745081,1.9737727282292616,0.030188897193103602,1.9642857142857142
479,1.322165451962776,1.605307780339964,0.020482275284677946,1.3392857142857142
1367,1.3225197711428525,1.94938417959575,0.022414533322129053,1.6071428571428572
1478,1.3260057020069522,2.3694715108689466,0.03341358532959476,2.017857142857143
1120,1.32614481179355,1.5256908315597153,0.020482275284677946,1.3392857142857142
517,1.326237222589417,2.4584611729674632,0.04642306679896558,2.375
1652,1.3271721253598965,1.5965030933707172,0.023069405133523072,1.5892857142857142
1499,1.327860856434681,1.782014250180175,0.020482275284677946,1.4285714285714286
1462,1.3293187996123552,2.1050198284787256,0.020482275284677946,1.4285714285714286
1842,1.3299235614848106,2.1965244094521155,0.03893046313714492,2.4107142857142856
1801,1.3305398491798548,1.9984363173623547,0.02228995028886069,1.6785714285714286
854,1.3333588087267236,2.0187066204143314,0.023190635916420347,1.6964285714285714
1565,1.3353971715988666,1.86682731264708,0.020562629118276523,1.5178571428571428
531,1.3356595431554188,1.605303961101801,0.020482275284677946,1.375
69,1.3361367010406162,2.2203490312062177,0.02179241921501197,1.4821428571428572
957,1.3367788754616343,1.4684841118706549,0.021792439614773177,1.625
732,1.3383227953309802,1.8749618824233107,0.0262156157056345,1.9107142857142858
241,1.3385564075002678,2.1590009388932137,0.02060362387611283,1.4464285714285714
437,1.338620827762294,2.5642095569803436,0.03037158706273626,1.9285714285714286
986,1.3402501126405415,2.1323268045251247,0.02677879165499329,1.8928571428571428
1251,1.3417674818240815,1.9436557537267187,0.020696200082280007,1.375
73,1.3421451308655024,3.390670382378969,0.07026800641658203,2.8035714285714284
1816,1.343923045268872,2.2816014421744635,0.02522862362528424,1.75
125,1.3448058851306426,2.611761895438131,0.02742049101466788,1.7857142857142858
102,1.3458737374230563,1.4815490975332681,0.020482275284677946,1.5535714285714286
907,1.3502091007764543,1.6283948831408233,0.020482275284677946,1.3392857142857142
864,1.3510892883214811,2.1084195498918152,0.020482275284677946,1.3571428571428572
493,1.3536527212510472,1.9364434245322786,0.022290141558006946,1.6071428571428572
610,1.3539900928979025,1.5654562842305353,0.020482275284677946,1.5178571428571428
1886,1.3560230535147082,2.1617261669283963,0.022414646584028426,1.5714285714285714
1274,1.3561885040361894,1.792859809475162,0.020482275284677946,1.3035714285714286
1851,1.3618933658982406,1.6878172065240584,0.023069412277328803,1.5535714285714286
225,1.3632706011502644,3.379907343786738,0.1204590278665356,2.9464285714285716
1796,1.364112312276191,1.9434803317378824,0.02241455448240631,1.5357142857142858
1934,1.3641394880479212,2.185701628401177,0.024476413719799885,1.625
1897,1.365610202085782,2.0208736606055453,0.026960746642856782,1.7678571428571428
1390,1.3658632950091745,1.7847446618892724,0.02069604664882655,1.5535714285714286
1313,1.366455261264422,1.9581724001798866,0.020482275284677946,1.4285714285714286
1345,1.3699300262752698,2.194719660222662,0.02440013506018469,1.7142857142857142
1523,1.3725879595140136,1.9948022089300772,0.020482275284677946,1.3392857142857142
1783,1.374032479574477,2.096569124288967,0.02581783889216819,1.6428571428571428
103,1.3754292247416684,1.6112305006342487,0.02447627109411018,1.7678571428571428
1640,1.3755013747607359,1.518827001779616,0.020482275284677946,1.3392857142857142
1727,1.375706910250073,1.6061964121776195,0.020482275284677946,1.375
1255,1.3769357231467114,2.0695948244387212,0.020482275284677946,1.375
1755,1.3801752222383117,2.1945710245252736,0.020696227630624984,1.2678571428571428
1322,1.3808826088698918,1.7414487641856464,0.020482275284677946,1.3214285714285714
457,1.3809980176639252,1.7866943295946,0.020817351457058385,1.5535714285714286
1207,1.3814070590838112,2.324735577470863,0.020603579150026852,1.4821428571428572
190,1.3817560973572334,1.4839264220532395,0.020696235618900154,1.4464285714285714
1632,1.3823232413500621,1.5540355195713027,0.020482275284677946,1.3035714285714286
1635,1.3824141995162575,2.061449347250801,0.023014891510217197,1.6785714285714286
1448,1.3825634473002628,1.6392446787028367,0.020482275284677946,1.375
1853,1.3848980592444213,1.7358834334655142,0.023190814302686213,1.6964285714285714
736,1.385044728535705,1.4227942038897308,0.020482275284677946,1.3392857142857142
111,1.3869755035789297,2.3774462427370877,0.02186539777448669,1.4821428571428572
1293,1.389813515270169,2.9149031268620758,0.0518398551789596,2.25
1936,1.3901612960456216,2.49919734513311,0.033494325321879334,1.9464285714285714
1773,1.391806180369767,1.6116128945017376,0.02069621186871327,1.4107142857142858
1765,1.393895285901336,2.144071054441717,0.025228782846204882,1.6785714285714286
321,1.3946454824950405,2.0238565407545126,0.020696078027164787,1.3035714285714286
896,1.396655922093781,1.7555340575950795,0.020482275284677946,1.4107142857142858
1089,1.3973639041994343,2.119737707994001,0.02375667642128672,1.7142857142857142
1581,1.4000285318265846,1.6938413516741513,0.020482275284677946,1.3035714285714286
719,1.402468632149152,2.129960788810244,0.020482275284677946,1.5178571428571428
1823,1.4026288256450394,2.4342768609287426,0.02866522266152937,1.8392857142857142
331,1.4046922905913886,2.129570935966334,0.02081760212967864,1.5178571428571428
258,1.4047917537979013,1.8471143176038007,0.021865246214868364,1.5892857142857142
1096,1.4069193692417414,2.8279344389530596,0.08365895181919625,2.625
1617,1.4075577550443523,1.9353756204782,0.021792591300726,1.4821428571428572
923,1.4087377074635348,2.592258734127134,0.031015873995593815,1.9464285714285714
572,1.409368717608581,2.0519891243752175,0.020482275284677946,1.3928571428571428
17,1.4107012337268507,1.677293113463822,0.020482275284677946,1.3392857142857142
1539,1.4109862333479541,1.4747103361500944,0.020696182206730397,1.5178571428571428
1692,1.4141519642098628,1.989464562540017,0.020482275284677946,1.25
1916,1.415691455463393,2.0421079945766287,0.02191374339444397,1.625
115,1.4168096384637143,1.4219206249451635,0.02069607306819546,1.5892857142857142
1742,1.4170767759705185,2.3113446753090074,0.02069610486000079,1.4821428571428572
1233,1.4186660324515108,1.8319891289394534,0.020482275284677946,1.5357142857142858
1587,1.4196076173769134,2.5665365977679526,0.027113501387312732,1.8214285714285714
436,1.4205924348206218,3.3658201203943037,0.0749099543747411,2.732142857142857
1601,1.4207118205171212,2.0012756826278726,0.020482275284677946,1.2678571428571428
775,1.4227835639985666,1.8927156322443295,0.020482275284677946,1.3035714285714286
1353,1.4236478890528204,2.395904429232867,0.02613504944955012,1.6607142857142858
1363,1.4252057251022956,1.7024853636376087,0.020482275284677946,1.3392857142857142
663,1.425307659115706,1.9863345327867048,0.023069312120615665,1.5535714285714286
233,1.4281254660034803,1.8837495076373882,0.020482275284677946,1.3392857142857142
1341,1.4290140183270128,1.8056962651327666,0.02319058333790268,1.6964285714285714
1042,1.4291912982886872,1.9399507278704498,0.020562680186090348,1.4821428571428572
353,1.430631320703887,1.8848972335794103,0.020482275284677946,1.375
127,1.430747645060968,1.9925218010397159,0.02056283195091026,1.5178571428571428
718,1.4310092224183766,2.396110494555157,0.021071530152493256,1.4642857142857142
434,1.43104331714263,2.3096089926069547,0.020482275284677946,1.3035714285714286
820,1.43166120512415,1.7416103527264184,0.023069144317465987,1.5535714285714286
35,1.4322971965373055,2.139713310342967,0.020482275284677946,1.3214285714285714
1331,1.4326137282191482,1.678947262175381,0.02069608612048652,1.4107142857142858
703,1.433154065367543,2.0743924604506074,0.023014762232744502,1.625
1620,1.433255379344717,2.0603115893852526,0.025645678416901477,1.6607142857142858
271,1.433633059911469,2.312421404137319,0.03002419856026449,1.9642857142857142
442,1.435747150101947,2.391713445139608,0.020482275284677946,1.5714285714285714
333,1.4370747523447307,1.6006881709177019,0.020482275284677946,1.4107142857142858
1839,1.4376511057360142,1.7915147839028327,0.02423845103930864,1.6607142857142858
1328,1.43844157062384,1.6729997316618832,0.023179861157702538,1.6607142857142858
1357,1.440061293105488,2.818519702273519,0.039942989032720755,2.2857142857142856
800,1.4410401073387746,2.8399461643640533,0.027183129168946746,1.5892857142857142
294,1.4419133098480128,2.3357586115251623,0.023069086569299457,1.6607142857142858
1474,1.4426198838674942,2.0710288341571346,0.02396464458513802,1.8214285714285714
1864,1.4441213408242657,1.6039099511971138,0.020482275284677946,1.2678571428571428
886,1.4456747019957465,3.2372250964419624,0.08695893415696182,2.5892857142857144
1155,1.4458590265476472,2.233955240658833,0.020696139497587612,1.3392857142857142
847,1.446167190015748,1.7469134701909754,0.020482275284677946,1.2321428571428572
1725,1.4493458687264342,1.7175696974250936,0.021651629774766954,1.5178571428571428
893,1.4498527141899262,2.005361818551376,0.021792477142839075,1.5178571428571428
1797,1.4507003911570466,2.4277391836719597,0.02447650637029441,1.5178571428571428
1321,1.4509947112274595,2.2261642584662513,0.025818115740947344,1.7142857142857142
826,1.452636900572335,2.6443748103471623,0.02375645317631265,1.5
168,1.452773694207237,1.8375919508137328,0.020482275284677946,1.1964285714285714
1859,1.4541077014813637,1.802794886748061,0.020482275284677946,1.5892857142857142
1204,1.4563657498654967,2.1819042893959564,0.025228700920879386,1.7142857142857142
1740,1.4572980539116778,1.9339599758986672,0.020482275284677946,1.4642857142857142
1673,1.4575672574245173,2.1373306887770247,0.020482275284677946,1.1607142857142858
1619,1.459364942483251,1.8933766938217917,0.020482275284677946,1.2678571428571428
1256,1.4598356909543184,2.9134015264928754,0.04399364891791131,2.4107142857142856
50,1.4603474313388727,1.6679318431361958,0.020482275284677946,1.375
705,1.4608127232555796,2.4785973424075443,0.025645670496569524,1.6607142857142858
753,1.4610748049669542,2.841095110574738,0.025553325474893446,1.625
1599,1.4617107696821126,1.697677305547508,0.020482275284677946,1.3392857142857142
716,1.4624887780559834,1.9620212242402921,0.020482275284677946,1.3035714285714286
537,1.4633868560248278,3.094090111685841,0.062032854303348775,2.607142857142857
443,1.4637237431995629,1.8762381022971963,0.02564545836779291,1.7321428571428572
1945,1.4643916740237133,2.383018730473672,0.027084206164408663,1.7678571428571428
1562,1.4649563020263074,2.3903832999814982,0.022414574830189132,1.4642857142857142
1730,1.465193234968493,2.3269455302966326,0.020482275284677946,1.1964285714285714
252,1.4668814293093293,1.7877008814956974,0.020482275284677946,1.1607142857142858
433,1.4668825880943337,2.2250666437461404,0.02522873882411955,1.6428571428571428
1377,1.4682560818395936,1.6189442086758326,0.020482275284677946,1.2321428571428572
1904,1.469356137826816,2.5560596509634075,0.020482275284677946,1.2678571428571428
1361,1.469748042127224,1.991602028911249,0.02241454370777514,1.7142857142857142
1471,1.4721822155720592,1.9085583247041489,0.020482275284677946,1.3392857142857142
305,1.4726535179958995,2.0107220135780617,0.020482275284677946,1.1607142857142858
1216,1.4732213638378913,2.2929448843001485,0.020482275284677946,1.2857142857142858
1150,1.474581958269182,2.0882967373395545,0.02459782415045747,1.5892857142857142
1417,1.475130416226757,2.1831079051106697,0.027183341343390816,1.6964285714285714
1210,1.4770796233127546,1.5538509798902758,0.020482275284677946,1.2678571428571428
110,1.4771416799996506,2.3490325986108895,0.02069599275046656,1.4821428571428572
578,1.4771805421210744,2.122664577663421,0.021796481341454763,1.6071428571428572
1935,1.4776321054231771,1.9129045892379906,0.02447626041847665,1.5178571428571428
77,1.4784156386288358,1.5499940128305782,0.020482275284677946,1.4107142857142858
1751,1.478573775008177,2.152748367281988,0.020482275284677946,1.2678571428571428
1695,1.4823057932701962,2.556437837119863,0.025228989317209967,1.5714285714285714
823,1.4832495757621997,1.8547573751358128,0.020482275284677946,1.2678571428571428
575,1.4834215372442179,1.5266543573042237,0.020482275284677946,1.3392857142857142
1401,1.4841377245606062,2.2017198284182595,0.020482275284677946,1.3035714285714286
1902,1.4846335578636833,2.773297797226669,0.0322277935106259,1.9642857142857142
143,1.4864702625044814,2.0226185646896275,0.020482275284677946,1.4464285714285714
192,1.4881771198822666,2.0105413985231304,0.020482275284677946,1.3035714285714286
925,1.4895911593445719,1.9140515450914724,0.020482275284677946,1.2678571428571428
1004,1.4901019721897955,1.7033380215597176,0.020482275284677946,1.375
1750,1.490144570101644,2.0583370165194985,0.020482275284677946,1.2857142857142858
1526,1.4903932764609165,2.405010459782894,0.020482275284677946,1.3928571428571428
649,1.490494386620503,2.5779072917785544,0.021792491861627388,1.5892857142857142
144,1.4942283133739684,2.578610195912181,0.024345693557297005,1.5714285714285714
755,1.4950575826264865,1.6296864096904904,0.020482275284677946,1.3035714285714286
1522,1.4974495757879709,2.4280189900487312,0.022961678728676722,1.5892857142857142
1660,1.4977290744448923,1.8333070333498165,0.020482275284677946,1.2678571428571428
74,1.4999215346723143,2.2120858254065223,0.020482275284677946,1.2321428571428572
1479,1.5014230698028515,1.6020471189509977,0.020482275284677946,1.4107142857142858
356,1.502890290231734,1.6240311040993887,0.020482275284677946,1.2678571428571428
973,1.5057261345384139,2.010393877420007,0.020482275284677946,1.375
116,1.505851149272482,2.316753984084816,0.020482275284677946,1.0892857142857142
439,1.5079540080445524,2.2502298503847875,0.020482275284677946,1.375
55,1.5087052157847494,1.9815178603649057,0.020482275284677946,1.3214285714285714
483,1.5099511962247643,1.971679066410652,0.020482275284677946,1.2321428571428572
706,1.5100827381533357,2.0671829855580968,0.020482275284677946,1.2321428571428572
1211,1.5108293738889078,1.6424036001107547,0.020482275284677946,1.2678571428571428
1060,1.5121143009948579,1.9506759053670992,0.021792458119379486,1.4821428571428572
1126,1.5132141885932842,1.9910835338507542,0.020482275284677946,1.1964285714285714
344,1.5132844163953914,3.0238483492147696,0.024276243340558404,1.5178571428571428
1590,1.5136163592424026,1.8857122471624077,0.020482275284677946,1.3928571428571428
713,1.514505291177937,2.413660398273516,0.02241465971125238,1.4285714285714286
1995,1.5153431865782283,2.193813237926008,0.02447648796726889,1.5535714285714286
19,1.5167777796180635,2.3720047775082875,0.028850232504115093,1.8035714285714286
1772,1.5200583335052336,2.3718447256096913,0.020482275284677946,1.4642857142857142
1196,1.5204508821187344,2.80693822973024,0.020482275284677946,1.1607142857142858
404,1.5209583488502363,1.8768365898048591,0.020482275284677946,1.1964285714285714
185,1.5214728344400443,1.7540133648613474,0.020482275284677946,1.1964285714285714
1039,1.5217138315324312,1.7048800925684078,0.020482275284677946,1.3392857142857142
1423,1.5226822561740794,2.1229044250859515,0.0208174976032762,1.3392857142857142
745,1.5236974723749201,2.0780636972481195,0.020482275284677946,1.3392857142857142
1892,1.524856919339354,2.0354491996856563,0.020482275284677946,1.2678571428571428
1977,1.5257122026552112,2.585520750090042,0.023014854737091077,1.6071428571428572
342,1.5275962134128753,1.9440700093336942,0.020482275284677946,1.125
336,1.5288424209578966,2.2029244020559258,0.020482275284677946,1.0714285714285714
723,1.5305645500601879,1.9386744040379675,0.020482275284677946,1.25
547,1.5346648941954721,2.5364812568962236,0.02179256259130488,1.375
621,1.537640942815653,1.945689098251281,0.020603655995514336,1.4821428571428572
118,1.539708080316694,2.933742303740275,0.03725185273722253,2.0714285714285716
1872,1.5413165434772749,2.5796195095074617,0.024476337968910144,1.4464285714285714
228,1.5413818891190996,2.4109957341711086,0.02742031019665463,1.6428571428571428
247,1.5417037335958206,1.8950004235133429,0.020482275284677946,1.2321428571428572
1965,1.5422960281410116,1.8617978840308897,0.020482275284677946,1.2678571428571428
1297,1.5436645892167054,2.2180656818627127,0.020482275284677946,1.1964285714285714
25,1.5450124642871534,2.076642624278288,0.020482275284677946,1.375
1057,1.545187031358523,2.120562362949365,0.020696121932160007,1.4107142857142858
1516,1.5493150780637426,2.5046502975673297,0.022621439687652727,1.5892857142857142
1300,1.5526244455099802,2.1150018451943486,0.020482275284677946,1.125
494,1.5540260731266748,2.4832662611688363,0.028664860822436106,1.9107142857142858
1519,1.5550606146312116,2.2729641301121797,0.021792368953894546,1.4107142857142858
631,1.5556096484161757,2.531705666341448,0.02095279361673333,1.4642857142857142
970,1.5559153882960555,1.8860676918451527,0.02179249421836509,1.4464285714285714
1217,1.5568856097794173,2.5552273702558743,0.022414619212027042,1.4642857142857142
1447,1.5571907347868323,2.029306321412326,0.020482275284677946,1.1964285714285714
1753,1.5574935304894821,1.9524186436648492,0.020482275284677946,1.0892857142857142
1121,1.5591745063070734,2.464854154586278,0.020482275284677946,1.3571428571428572
248,1.560050939479149,2.150821471351492,0.020482275284677946,1.3392857142857142
350,1.5608408566246277,2.2822044052622292,0.024276168820590506,1.6607142857142858
677,1.5619041025375822,3.1063878250262444,0.037128825997824556,2.0357142857142856
799,1.561906850230783,2.6165289316820015,0.024597760641342097,1.5535714285714286
1226,1.5620604577163737,2.2275525145526287,0.020482275284677946,1.3035714285714286
498,1.562110491336761,2.0302655835525774,0.020482275284677946,1.1964285714285714
160,1.563747059104165,2.1299409484710377,0.020482275284677946,1.0178571428571428
508,1.564076343635975,2.216468700318968,0.020482275284677946,1.125
1166,1.5659747257732122,2.6142493613275373,0.03016530403783535,1.7321428571428572
1530,1.5661247095341264,1.37314316232145,0.020482275284677946,1.4107142857142858
10,1.566247784982287,2.2991209103715025,0.02306931023868692,1.5178571428571428
1329,1.5680692930324205,2.0365234647059896,0.020482275284677946,1.2321428571428572
996,1.5696213724834291,1.6865213496089115,0.020482275284677946,1.2678571428571428
1222,1.5707108697702212,3.0043776397395394,0.032227437716673545,1.8571428571428572
1557,1.5731720058137686,2.5808153297521237,0.020482275284677946,1.3392857142857142
591,1.5778654607177272,2.3251657071418688,0.0319629120026265,1.7678571428571428
717,1.5781298938286956,2.897256830690193,0.025699343367844373,1.6071428571428572
1309,1.5804769257458313,1.9099629939292484,0.020482275284677946,1.2321428571428572
1135,1.581648820146566,2.0331116306723853,0.023069397020958136,1.5178571428571428
1400,1.5821143107297928,2.2815477409570812,0.020482275284677946,1.2142857142857142
316,1.5832093360824897,1.724869176363297,0.020482275284677946,1.375
1075,1.5839634713573467,2.422040349701354,0.021913778459477888,1.4821428571428572
444,1.584359690393254,2.166668913606244,0.020482275284677946,1.1964285714285714
1008,1.5848395536197544,2.6147056444285783,0.020603812611769395,1.3035714285714286
1666,1.585788560592929,3.2075307657865104,0.03490955926194486,1.9642857142857142
1266,1.5866652413950952,2.740594204494376,0.03204407047614704,1.875
1497,1.586903810332613,2.817847138412983,0.035606035972908595,1.9642857142857142
1615,1.5893921091760301,1.77179481351269,0.020482275284677946,1.2321428571428572
1510,1.589668282863943,2.1458453549931242,0.020482275284677946,1.3392857142857142
1273,1.5902149825233876,1.7696409724965885,0.020482275284677946,1.2678571428571428
761,1.591069504607217,2.1242796210162056,0.020482275284677946,1.3392857142857142
614,1.5925512874056227,2.443036884315351,0.021792318778828704,1.3035714285714286
358,1.593395667223311,2.267427973691482,0.020482275284677946,1.1785714285714286
311,1.5966393476036722,2.7668736861801615,0.022414552346854914,1.4821428571428572
1130,1.5967522406449126,2.452397969585609,0.020817263418356026,1.4107142857142858
697,1.5968579029952592,2.5192237040704826,0.024400355273475904,1.5714285714285714
1810,1.5996348004869414,2.351691041683166,0.021865298947507914,1.5178571428571428
962,1.6003217415436557,2.8993490529013597,0.022414469826822592,1.5714285714285714
1387,1.6022964488295517,2.4675753389253265,0.020482275284677946,1.3035714285714286
502,1.6034749463533489,2.4850835225089574,0.02107167672702335,1.3392857142857142
1101,1.603583509107114,1.978353489904735,0.02069605886648913,1.3392857142857142
1368,1.606725297560985,2.407478358387926,0.020482275284677946,1.125
683,1.6097992712276277,2.2421368058366062,0.020482275284677946,1.3928571428571428
1290,1.6124979633722136,2.56437599259461,0.027420825025540753,1.7857142857142858
640,1.614290315345742,2.6206065101808944,0.020482275284677946,1.125
633,1.6154564323999032,1.9677957682402025,0.020482275284677946,1.1964285714285714
71,1.6164132440738896,1.9196154116316808,0.021792349766623805,1.4107142857142858
805,1.6180725485012273,2.193199715073277,0.020696131963688226,1.3035714285714286
1193,1.6184611795777444,2.038749169242791,0.020482275284677946,1.2678571428571428
1554,1.6218450738073273,2.2341092133202975,0.02718339365585494,1.6964285714285714
670,1.6223059133530908,2.441690894045925,0.020482275284677946,1.1607142857142858
1265,1.6230174625411722,2.4539546938848744,0.03016499219639809,1.7678571428571428
438,1.6230287596018171,1.8026803063549632,0.020482275284677946,1.2321428571428572
351,1.6232131007448478,2.6317117512168875,0.02120717622837638,1.2142857142857142
1081,1.6239598056644027,2.5749474710190587,0.020482275284677946,1.2857142857142858
1279,1.6242428184847877,2.3605605491428308,0.02060354019004488,1.3392857142857142
310,1.6251963461124965,2.5848600001411213,0.020696096187528372,1.2321428571428572
1534,1.6270375714730967,2.4571804615167236,0.02191391589542388,1.4464285714285714
1668,1.6272929444405773,1.8741609670368342,0.020482275284677946,1.1607142857142858
874,1.6276418134363295,3.2874165917233595,0.021796520743487736,1.3571428571428572
651,1.6277555929837557,2.5497720484746935,0.020482275284677946,1.125
1441,1.6313399088056268,2.1157566573174957,0.020482275284677946,1.3571428571428572
573,1.6324910032080087,1.9366431675526792,0.02069607695833213,1.3392857142857142
1790,1.6328674266029515,2.1373998438304267,0.020482275284677946,1.3928571428571428
1440,1.6380875122445477,1.8608290684428246,0.020482275284677946,1.0892857142857142
1781,1.6390095367794069,2.1738178830374344,0.020482275284677946,1.2857142857142858
269,1.6404150655317986,1.9410083444062791,0.020482275284677946,1.2321428571428572
1270,1.6435753062686487,1.8292745527482137,0.020482275284677946,1.3035714285714286
1693,1.6438554930455471,2.45002698297708,0.023756393832785508,1.5714285714285714
1527,1.6456114909997566,1.9893861448817614,0.020482275284677946,1.3035714285714286
1923,1.646641241389922,2.8136707208356158,0.023756544141110864,1.3928571428571428
899,1.6477035632165082,2.2854940070281575,0.020482275284677946,1.2678571428571428
158,1.6480216177665945,3.072957276015422,0.021071705437278338,1.3571428571428572
752,1.6485420530853627,2.2805437513751037,0.021796722156097546,1.5
205,1.6496391785139652,2.7912941977469945,0.024400239159106822,1.5
1769,1.6514705215719112,2.4326218148196883,0.020482275284677946,1.1607142857142858
958,1.652220974370252,2.0547421066004574,0.020482275284677946,1.1607142857142858
1304,1.6562078374653417,2.6117814463641422,0.02703644792316238,1.6785714285714286
1062,1.6588239809932486,2.03974356883726,0.020482275284677946,1.1964285714285714
330,1.6598087571884141,2.2688007333454983,0.020482275284677946,1.2321428571428572
796,1.6609576488879294,2.32000293899186,0.03534174500973669,1.9821428571428572
209,1.6636578710596042,2.461281617565131,0.02557716067647953,1.8035714285714286
211,1.663801544431319,2.8786652238250623,0.0234855137447005,1.6071428571428572
276,1.665352397475012,2.1433604073235357,0.021913654932144006,1.4821428571428572
877,1.6683688098972664,2.151346898439214,0.020482275284677946,1.3035714285714286
645,1.6721421167914667,2.2253518238476637,0.020482275284677946,1.1964285714285714
213,1.6733378974891862,2.6401904294373892,0.030371763078799477,1.7678571428571428
409,1.6766148105297374,1.7947756202795362,0.020482275284677946,1.1964285714285714
299,1.678813657061934,2.447165280163498,0.020696056841862306,1.3392857142857142
1867,1.679191701975596,2.5295152806720784,0.020482275284677946,1.2321428571428572
386,1.683107048710637,2.220173849431177,0.020482275284677946,1.0892857142857142
371,1.6836276965222552,1.8784130362751836,0.020482275284677946,1.3392857142857142
657,1.6865759678443275,1.9227760055173582,0.020482275284677946,1.1964285714285714
1163,1.6882456904796999,1.9299796931992106,0.020482275284677946,1.3035714285714286
1976,1.690521229115894,2.1599524447258855,0.020482275284677946,1.0892857142857142
446,1.6906962937720689,2.3327486339587242,0.020482275284677946,1.0892857142857142
1312,1.697909799315729,3.0724325359987312,0.02842148425765621,1.625
243,1.6981251737616214,2.4678015062594882,0.020482275284677946,1.3571428571428572
952,1.6987131108891667,2.1738118334916097,0.02613505912367555,1.7321428571428572
0,1.7009718697752982,2.7092812331025176,0.02296178482566716,1.4464285714285714
1298,1.7034066270754649,2.444412263028677,0.020482275284677946,1.2678571428571428
529,1.7035427441387294,2.65966257118724,0.025699538728807737,1.6607142857142858
12,1.704392395636115,1.973147121019482,0.020482275284677946,1.125
740,1.7053350834843364,2.1579630060457173,0.020817481294559226,1.3392857142857142
822,1.7062479965901582,1.9941747803111227,0.020482275284677946,1.0892857142857142
1069,1.7068977707842758,2.0168819144400163,0.02069613934776436,1.4821428571428572
7,1.707035017611264,1.9334354390177673,0.020482275284677946,1.125
1809,1.7077594769414346,2.297781394581945,0.024170005929556218,1.6964285714285714
287,1.7108865632691526,2.27662258123621,0.020482275284677946,1.125
1978,1.7112162314918686,2.4953126390745672,0.020482275284677946,1.2321428571428572
1366,1.7119460952397565,2.1877729147594853,0.020482275284677946,1.1964285714285714
1493,1.7123475702100097,2.159136219905064,0.020482275284677946,1.3035714285714286
940,1.713066320892213,2.0481740340755192,0.020482275284677946,1.2321428571428572
382,1.715119401630938,3.3715747723519023,0.021207335749409938,1.1428571428571428
1909,1.7153599980313248,2.5353368837106705,0.020482275284677946,1.0892857142857142
1443,1.7154473475057554,2.448512160482526,0.020482275284677946,1.125
27,1.7156272976194773,2.3353378713048563,0.020482275284677946,1.1607142857142858
853,1.719430490369797,2.4659797197578475,0.020482275284677946,1.1607142857142858
549,1.7194378283584504,2.474192634653588,0.026135055759519008,1.6607142857142858
288,1.7206006411416523,2.0202070851516023,0.020482275284677946,1.25
1611,1.7208036540571396,2.521108904903897,0.020482275284677946,1.2321428571428572
1980,1.7228541328243963,1.750737706132093,0.020482275284677946,1.1607142857142858
1259,1.723944637274491,2.00564683693797,0.020482275284677946,1.1607142857142858
1061,1.7241054490312997,2.603824429602555,0.020482275284677946,1.1607142857142858
1373,1.7260006015847245,2.2266567969056026,0.020482275284677946,1.125
332,1.7267409676808623,2.569825354299476,0.020482275284677946,1.2142857142857142
774,1.7270884242499627,3.39637664131876,0.025818100222630577,1.4642857142857142
173,1.7270968208625554,2.589330419100732,0.020482275284677946,1.1785714285714286
1449,1.7284230596295027,2.3941187359207787,0.020482275284677946,1.125
1602,1.7306270034759175,3.0208116251305093,0.023069383990340524,1.3035714285714286
1480,1.7353672429998812,2.061091394028651,0.020482275284677946,1.2321428571428572
674,1.7391673140170902,2.6376308828270334,0.021792385620497564,1.3392857142857142
451,1.7393743558646335,2.516584707327113,0.020482275284677946,1.1964285714285714
1023,1.7396440034314529,2.957235717488594,0.020482275284677946,1.25
199,1.739915987601182,2.538208657544991,0.020482275284677946,1.2321428571428572
1036,1.7403968633030027,2.421694888984435,0.020482275284677946,1.0178571428571428
1898,1.7416765654415918,2.964401695332489,0.020482275284677946,1.125
85,1.7419712513470724,2.4889380767707925,0.020482275284677946,1.3571428571428572
520,1.742189858745779,2.3324528362089105,0.020482275284677946,1.0535714285714286
1037,1.7423016780111518,2.8223024010008997,0.020482275284677946,0.9107142857142857
1025,1.7423019413126197,2.3483202437039292,0.020482275284677946,0.9821428571428571
418,1.74261334842657,2.1604954268178127,0.020482275284677946,1.2321428571428572
1513,1.7441632545785053,2.030278005553827,0.020482275284677946,1.1607142857142858
441,1.7486242643740537,1.9752659498870677,0.020482275284677946,1.2321428571428572
499,1.749411252466473,2.012723619958415,0.020482275284677946,0.9821428571428571
1639,1.7507949358162618,2.3527551975481544,0.020482275284677946,1.375
652,1.7508791771658252,2.084872573659792,0.020482275284677946,1.125
256,1.7530938748591374,2.738248359052938,0.020482275284677946,1.0357142857142858
424,1.753799718906667,2.389437039147825,0.020482275284677946,1.1964285714285714
679,1.755402433752146,2.214646139813442,0.02120738452969324,1.4285714285714286
1267,1.756989213580695,2.6648052334125736,0.020482275284677946,1.25
408,1.7582354009637875,2.320498891476967,0.020482275284677946,1.125
842,1.7607265068619744,2.5499765289395553,0.024476360573168158,1.4464285714285714
259,1.7608689527030326,2.8648775574956717,0.033619845432882524,1.8214285714285714
1678,1.7649435036838583,2.1712730936631783,0.020482275284677946,1.2321428571428572
1856,1.765035782728129,2.59454043971653,0.020482275284677946,1.3928571428571428
1028,1.765755371432943,2.221408380888157,0.020482275284677946,1.1964285714285714
1941,1.767539617965592,2.8515683155522216,0.020696000844457108,1.1964285714285714
1865,1.7689470124926105,2.3185547844678682,0.020482275284677946,1.375
1975,1.7705735738016275,2.7078625769837417,0.0245976451171966,1.375
544,1.7726346205156167,2.465507935457839,0.020482275284677946,1.1607142857142858
1076,1.7733374173147696,2.244635559124612,0.020482275284677946,1.0535714285714286
1237,1.774624288259774,2.4167012730238002,0.020482275284677946,1.2678571428571428
1735,1.7766505513481394,1.9834342114802526,0.020482275284677946,1.1964285714285714
1453,1.7806256164423644,2.655209933647894,0.022414462181102796,1.4107142857142858
136,1.7809827303001846,2.2054996148266537,0.020482275284677946,0.9821428571428571
1238,1.7817457292504888,1.8528912380045248,0.020482275284677946,1.2321428571428572
1021,1.7823837804563236,2.4867367173333728,0.020482275284677946,1.0892857142857142
1814,1.7835984325416625,2.541645218440346,0.020482275284677946,1.0535714285714286
574,1.7845696679391418,2.6355846462615733,0.02447645592183202,1.4821428571428572
346,1.786518373528991,2.6171974727057465,0.020482275284677946,1.125
1406,1.7866449921457073,2.2991899132898386,0.020482275284677946,1.0535714285714286
1161,1.787647232168008,3.355099505422911,0.020482275284677946,1.2321428571428572
671,1.7932412164966107,1.9820322679701856,0.020482275284677946,1.125
1920,1.7939414143075023,2.2042082616587564,0.020482275284677946,1.0892857142857142
166,1.794324286031879,2.095514952004731,0.020482275284677946,1.1964285714285714
1165,1.7972796343948398,1.9351170984638937,0.020482275284677946,1.1964285714285714
1129,1.7974308649395028,2.1252512810681856,0.020482275284677946,1.1964285714285714
688,1.7992359687356014,2.024750154501008,0.020482275284677946,1.0535714285714286
794,1.8008155651680358,2.037414573063829,0.020482275284677946,1.1607142857142858
1494,1.8026294180312068,2.2589371395411177,0.020482275284677946,1.0535714285714286
781,1.8040104637639616,2.1107303765891943,0.020482275284677946,1.3214285714285714
505,1.804331086992215,2.7798471423557465,0.020482275284677946,1.2321428571428572
1005,1.8047015695436626,2.8120632534608743,0.025228966045359007,1.4285714285714286
1722,1.8078763310074326,2.4603489015990427,0.020482275284677946,1.1964285714285714
1961,1.8104909925850476,2.4816335498238375,0.021207124844677343,1.25
749,1.8118532396629157,2.299539520441436,0.022414411118636166,1.4642857142857142
817,1.812343267179656,2.5006068374182604,0.02069613205616391,1.125
1178,1.814694733196406,2.318327460922274,0.020482275284677946,1.1964285714285714
898,1.8173863565341963,2.430253251977729,0.02306932479902912,1.4107142857142858
595,1.817697714881848,2.501178420495278,0.020482275284677946,1.1607142857142858
1717,1.8181294045314504,2.8520326083087166,0.020482275284677946,1.0892857142857142
1098,1.8190134448504338,2.657498773975858,0.020482275284677946,1.1785714285714286
669,1.819154768521409,2.3648066266248557,0.020482275284677946,1.0178571428571428
338,1.8219459420265072,3.113174924711435,0.02422210007887398,1.5
1757,1.8231041779493378,2.0885872633997704,0.020482275284677946,1.2321428571428572
613,1.8269006592703403,1.594974374183386,0.020482275284677946,1.2678571428571428
1733,1.8287964274725763,2.179898541418899,0.020482275284677946,1.1428571428571428
1996,1.830194031213221,2.505640454606131,0.020482275284677946,1.0892857142857142
390,1.8305740403771846,2.563148034541941,0.020482275284677946,1.125
903,1.8316480570284726,2.1342287043859,0.020696082740348,1.3035714285714286
1768,1.8333378761740617,2.8145499060162984,0.020482275284677946,1.1428571428571428
1054,1.833775801195732,2.2148342417427043,0.020482275284677946,1.1071428571428572
849,1.8373232959877268,2.1110565315348033,0.020482275284677946,1.125
1422,1.8374437940189152,2.603677202301717,0.020482275284677946,1.0892857142857142
762,1.838916340024927,2.8322257933524844,0.020482275284677946,1.0535714285714286
1597,1.8394464188060236,1.9252073618545265,0.020482275284677946,1.2678571428571428
914,1.8422479604550457,2.5907275210711145,0.022267283244220365,1.5357142857142858
746,1.8440717892004204,2.412273967125955,0.020482275284677946,1.0892857142857142
1428,1.844588144575214,2.3884921940485686,0.020482275284677946,1.1607142857142858
1849,1.8462435069989007,1.8328830986599398,0.020482275284677946,1.0535714285714286
156,1.8462772642599241,2.734211077411129,0.020482275284677946,1.0535714285714286
1745,1.8465682052690693,2.585216698960946,0.020482275284677946,1.1607142857142858
1074,1.8468416207580824,2.2563179063133254,0.020482275284677946,1.1607142857142858
1918,1.84863211160618,2.631825950939344,0.020482275284677946,0.8392857142857143
1500,1.8493657631234535,2.50580920643016,0.020482275284677946,1.0178571428571428
540,1.8501332572649745,2.852673500205932,0.020482275284677946,1.0535714285714286
766,1.8564803698359926,2.46378608440756,0.020482275284677946,1.125
1682,1.8579491206433947,2.7462305233265667,0.02107171825588232,1.3571428571428572
1887,1.8583943566985253,1.9154324789339552,0.020482275284677946,1.1607142857142858
194,1.860482445162898,2.605537762956869,0.020482275284677946,1.0892857142857142
1456,1.8637052379554397,1.6795018530670935,0.020482275284677946,1.125
429,1.86385971699452,3.1761200728181325,0.020482275284677946,1.0535714285714286
1988,1.8661094609111926,2.873703823988349,0.025818041328331577,1.5
155,1.8673090212104546,2.95863855618174,0.02700385989439739,1.5892857142857142
1151,1.8695259050939266,2.3347274610206346,0.021207218985611762,1.4642857142857142
845,1.8695672753492933,2.5983136300045544,0.020482275284677946,1.1785714285714286
1697,1.870128095023427,2.4276454434901824,0.020482275284677946,1.3035714285714286
217,1.871495998371516,2.168497407987587,0.020482275284677946,1.125
472,1.871656062278547,1.903973816773797,0.020482275284677946,1.125
622,1.872706449381469,2.0476053566349153,0.020482275284677946,1.0892857142857142
1698,1.873472735530369,2.584034735111456,0.020482275284677946,1.0535714285714286
38,1.8742675696488924,2.317267985055767,0.020482275284677946,1.1964285714285714
1018,1.8746440585896704,2.580336920242236,0.020482275284677946,1.0535714285714286
454,1.875392642204367,2.7140944067215593,0.020482275284677946,1.1607142857142858
1655,1.8755300122813248,2.3965749768010842,0.020482275284677946,1.0535714285714286
289,1.8758771917601595,2.3397701996002067,0.020482275284677946,1.0714285714285714
1746,1.8763987896152294,2.0868262129440964,0.023069382768474422,1.375
1244,1.877615750681423,2.722634127830527,0.02300391489417548,1.3928571428571428
1402,1.8781821723229162,2.285272325407711,0.021207276654787954,1.3214285714285714
335,1.879571773383705,2.9135702743617653,0.02434583103686153,1.375
164,1.8801173852580368,2.3403315644445875,0.020482275284677946,1.1428571428571428
1951,1.880650981625447,2.4003165462444773,0.020482275284677946,1.125
949,1.8823545380436293,2.4679463256775183,0.02120724271420075,1.25
1455,1.8838403118969793,3.0220251907315476,0.020482275284677946,1.1071428571428572
628,1.8849224298913585,2.737073710896798,0.020482275284677946,0.9821428571428571
476,1.8856426006551885,2.119401735816728,0.021792446359350365,1.3392857142857142
839,1.8876845709073573,2.793940327855366,0.020482275284677946,1.125
191,1.8879932205842118,2.7864462833301595,0.020482275284677946,1.1071428571428572
1677,1.88832504879629,2.1643148663099416,0.020482275284677946,1.0714285714285714
993,1.8890181963494233,2.5953197908790426,0.023756601832920013,1.3571428571428572
810,1.8907341488145522,2.7288309613713975,0.020482275284677946,1.0892857142857142
617,1.89271985291411,2.6099855174964675,0.020696098621532395,1.1607142857142858
1938,1.8944260947888387,2.837356436583492,0.02581800079097472,1.4464285714285714
339,1.8955585870971072,3.2191262226015773,0.02522898207305118,1.4285714285714286
279,1.8956399117455762,2.8999014041864037,0.020482275284677946,1.0892857142857142
360,1.8956658329755431,2.967480975652988,0.020482275284677946,0.9821428571428571
626,1.8959229791081214,2.2921056671425566,0.020482275284677946,1.2678571428571428
770,1.900083885617214,2.427777196081502,0.020482275284677946,0.9821428571428571
978,1.9048819531420176,2.8671690945245243,0.020482275284677946,1.1785714285714286
668,1.9077982070278747,2.922849528190379,0.020482275284677946,0.9107142857142857
431,1.9081755771789044,3.1221470406811367,0.025818109935344936,1.4642857142857142
870,1.9125456177846472,3.1383097521085572,0.020482275284677946,1.0178571428571428
460,1.9144825334375293,2.4326528567533154,0.020482275284677946,0.9107142857142857
1147,1.915451347653568,2.1139257893034857,0.020482275284677946,1.2142857142857142
341,1.9178865780862409,2.2601606442475393,0.020482275284677946,0.9821428571428571
1726,1.9211327016955575,2.8901517272666086,0.020482275284677946,0.9642857142857143
1228,1.922502025021367,3.1529052754904443,0.02069603755753151,0.9821428571428571
926,1.9230479467173354,2.392448998432891,0.020482275284677946,0.9107142857142857
900,1.9262031760590324,2.6293843899391183,0.020482275284677946,1.125
500,1.9299986071110646,2.6594926363767977,0.023004056668875665,1.4642857142857142
1492,1.9306092434807653,2.8589073257327504,0.020482275284677946,1.1428571428571428
108,1.931968658496859,2.459232105426563,0.020482275284677946,1.0892857142857142
895,1.9344381054664777,2.9792916354514407,0.020482275284677946,1.0892857142857142
236,1.935500320847847,2.890710957285458,0.020482275284677946,1.0535714285714286
1685,1.9363097840760324,2.808778745156006,0.020482275284677946,0.9285714285714286
201,1.9365030912897845,2.2001979957621507,0.020482275284677946,1.2678571428571428
678,1.9367295860874765,2.3774054085241176,0.020482275284677946,1.0357142857142858
1870,1.9379362958339483,2.826397407956165,0.020482275284677946,0.875
1672,1.9381965397201555,2.7523119665791254,0.020482275284677946,1.1785714285714286
1556,1.9395838827373646,3.0932756041273626,0.02241454013243494,1.1964285714285714
1218,1.9425613386018596,2.4653648992509147,0.020482275284677946,1.1071428571428572
1749,1.9442070378665122,2.27778372987189,0.020482275284677946,1.0892857142857142
1022,1.9453330765737236,3.756452478819604,0.03361986859588144,1.7142857142857142
1939,1.9471457800069794,3.0324137812359413,0.020603584178066143,1.125
1027,1.947277700291719,2.1535037519970333,0.020482275284677946,0.9464285714285714
304,1.947707690715375,2.2695628774404177,0.020482275284677946,1.1607142857142858
1141,1.9496573380414706,2.6418312252393976,0.020482275284677946,1.0178571428571428
1589,1.950874981309181,2.7690747357735956,0.023069100603919413,1.2321428571428572
1841,1.956309290649193,2.28778316601299,0.020482275284677946,1.1785714285714286
1594,1.9563309259482646,2.446414310566734,0.020482275284677946,1.0178571428571428
1464,1.961719645770249,2.9777118619001004,0.020482275284677946,1.125
319,1.9621226562257141,2.4008303237476487,0.020482275284677946,1.125
1488,1.9635779105467237,1.7367515727731833,0.020482275284677946,1.1607142857142858
384,1.9683195451234754,2.6886532630446918,0.020482275284677946,1.0357142857142858
602,1.9713642152874933,2.373276103537287,0.020482275284677946,0.875
159,1.971697837501196,2.618168975541697,0.020482275284677946,1.25
641,1.9731756235292202,2.6869217762386532,0.020482275284677946,1.0714285714285714
385,1.9747239650521997,3.2950548289425003,0.020482275284677946,1.0
1743,1.9747494056229682,2.5306772356984997,0.020482275284677946,1.0892857142857142
231,1.9749611004707164,2.4390575800319185,0.020482275284677946,1.1607142857142858
1404,1.9766249088258143,2.2181727577671206,0.020482275284677946,0.9464285714285714
892,1.9777672604235068,3.0023717930139147,0.02241443403349456,1.2142857142857142
1932,1.9793220309438422,2.7836189359190486,0.020482275284677946,0.9821428571428571
148,1.9794467609923876,2.580596652618275,0.020482275284677946,0.9464285714285714
550,1.9797836262501234,2.2359304648252363,0.020482275284677946,1.0178571428571428
933,1.9813256114532694,2.442735958243001,0.020482275284677946,1.0892857142857142
1501,1.9825452840818916,3.0414330055014434,0.021792515534505372,1.1607142857142858
684,1.9906999103677325,3.253271744495997,0.020482275284677946,1.0
1724,1.9940902828085894,2.4997153636648948,0.020482275284677946,1.2857142857142858
370,1.9946199255881618,2.7131269215325893,0.020482275284677946,1.125
410,1.9988720153895458,2.9496022551633594,0.020482275284677946,1.0535714285714286
292,1.9989961829296714,3.0538977398652296,0.021207185028668512,1.1785714285714286
606,2.0005150807182095,2.751941419687466,0.020482275284677946,1.0535714285714286
558,2.0023299558898264,2.539826777018772,0.020482275284677946,0.9464285714285714
1593,2.0033474114868497,2.655958269091401,0.020482275284677946,0.9821428571428571
1241,2.004915439045644,2.5594063038115924,0.020482275284677946,1.0178571428571428
1889,2.009130468732877,2.722384118139638,0.020482275284677946,1.0
1087,2.0096321971083073,2.384086723791758,0.020482275284677946,1.0892857142857142
66,2.0110311008455666,2.8189655178115567,0.020482275284677946,1.0
720,2.012924977833709,3.3324299609500923,0.021207212585812107,1.1071428571428572
1370,2.014313707326502,3.0464037570691946,0.020482275284677946,1.1428571428571428
881,2.0144545188679888,3.1840611922801205,0.020482275284677946,0.875
1807,2.0159170187434796,2.158826650385338,0.020482275284677946,1.0535714285714286
54,2.0180468479197233,2.727745706861827,0.020482275284677946,0.9107142857142857
1420,2.0185909059047846,3.292430985959644,0.02581815729143811,1.4285714285714286
1053,2.0186014251944417,3.1081806677649264,0.020482275284677946,1.0178571428571428
11,2.019164238804774,3.03457835377594,0.020482275284677946,0.9464285714285714
157,2.0194968000761326,2.7759474919048017,0.020482275284677946,0.9464285714285714
478,2.0195570411751964,3.6601776807913846,0.020482275284677946,0.8214285714285714
482,2.0196473619092963,2.7090171418368754,0.02069611813907571,1.2678571428571428
1532,2.0248117501003016,2.6895183824589592,0.020482275284677946,0.9821428571428571
1552,2.026459570997159,2.959456676235579,0.020482275284677946,1.0357142857142858
1800,2.026801342006044,2.821867663807801,0.020482275284677946,1.0357142857142858
36,2.0294281768410567,2.2333000979284985,0.020482275284677946,1.0178571428571428
1277,2.0308726151126684,2.773773418304406,0.020482275284677946,1.1785714285714286
699,2.0309275694199127,2.989084318744507,0.020482275284677946,0.8928571428571429
566,2.032409597353122,2.8586978394323777,0.020482275284677946,0.875
1177,2.0344232081778304,2.7848625637001345,0.020482275284677946,0.9464285714285714
686,2.035216965296722,2.2767181983844798,0.020482275284677946,0.9107142857142857
464,2.035396324810013,2.952286193032099,0.020482275284677946,0.8392857142857143
1413,2.036716246872362,2.6029818213913316,0.020482275284677946,1.0535714285714286
109,2.038131253220657,3.586387598255845,0.0303720252271091,1.4821428571428572
327,2.042743882671733,3.0834758121369172,0.020482275284677946,1.1071428571428572
792,2.0434931233014026,2.571692379442716,0.020482275284677946,1.0535714285714286
60,2.0456159503404594,2.46912042378458,0.020482275284677946,0.9821428571428571
909,2.045749687398831,2.4735315297452813,0.020482275284677946,1.0357142857142858
1242,2.045842162334023,2.4712378525273766,0.020482275284677946,1.1964285714285714
383,2.052782713452891,2.958856934245566,0.020482275284677946,1.0
1250,2.053343593378295,2.9996353829040285,0.021207465271802183,1.1071428571428572
1415,2.0540677514009835,2.6374612498660355,0.020482275284677946,0.9285714285714286
1088,2.0547611182551027,2.5838338381462993,0.020482275284677946,1.0178571428571428
656,2.058238613127064,3.167805792906039,0.025228955269302536,1.3928571428571428
509,2.0590026478480725,2.840927567003824,0.020482275284677946,0.9821428571428571
1950,2.0614751409185175,2.678182390765559,0.020482275284677946,0.9821428571428571
1623,2.065245461553579,2.1568856390337148,0.020482275284677946,1.0892857142857142
1626,2.0657911703232386,2.939930702612824,0.020482275284677946,1.0178571428571428
1761,2.067515158047186,2.984396505894351,0.020482275284677946,0.9464285714285714
37,2.069295475887482,2.7585821472441525,0.020482275284677946,0.8035714285714286
905,2.0694742228488154,2.2984093968380344,0.020482275284677946,1.0535714285714286
1082,2.0730171717577925,2.9786337369063047,0.020482275284677946,0.9821428571428571
416,2.0756118262648204,3.0622720203207967,0.020482275284677946,0.9821428571428571
293,2.079042358140955,3.195995381046548,0.020482275284677946,1.1607142857142858
609,2.079988144550022,2.698573049950682,0.020482275284677946,1.0178571428571428
1171,2.083271600078159,2.755716665398084,0.020482275284677946,1.0
1986,2.0834027432834894,3.4211123006247295,0.020482275284677946,0.8928571428571429
1092,2.0858410476765648,3.0744986698962498,0.020482275284677946,1.25
1017,2.086343561139893,2.772896837765191,0.020482275284677946,0.9107142857142857
64,2.0878579696836113,2.983752093133555,0.020482275284677946,1.0178571428571428
1715,2.088285720374558,3.2454623049719316,0.020482275284677946,0.8928571428571429
1670,2.0938235957857114,3.1842981458908755,0.020482275284677946,1.0
1840,2.094475454730869,3.006814122893646,0.020482275284677946,1.0357142857142858
1764,2.0947843752873636,3.1312764925228778,0.020696046461384607,1.0892857142857142
1756,2.096330351988864,2.9287255013031905,0.021207227150340936,1.1428571428571428
1258,2.096775706723938,2.8187826657852817,0.020482275284677946,1.0535714285714286
123,2.0969768084224842,2.796729650096662,0.020482275284677946,1.0178571428571428
489,2.0996231547261273,2.633649723915178,0.020482275284677946,0.8035714285714286
1173,2.1036314156379845,3.170163813374997,0.02241464382147157,1.1071428571428572
270,2.105215026756554,3.006609831163899,0.020482275284677946,1.0178571428571428
1407,2.1066745258882653,3.1203951660334623,0.020482275284677946,0.8392857142857143
692,2.106690388477014,3.1310093269590547,0.020482275284677946,1.0535714285714286
459,2.10732832849137,2.8674866928659326,0.023069141017531804,1.2321428571428572
345,2.107356934549742,2.6268398142697764,0.020482275284677946,0.9821428571428571
1933,2.1091590615262295,3.237864579668947,0.023069183533169408,1.2321428571428572
113,2.1101825538533845,3.0179616356950496,0.020482275284677946,1.0
1465,2.1105054538168635,2.7949378225121935,0.020482275284677946,1.0
600,2.1110843088956965,2.8375195298756806,0.020482275284677946,0.8392857142857143
1315,2.113506859255068,3.0070682832850224,0.020482275284677946,1.0357142857142858
648,2.115048653064195,3.0339925681011426,0.020482275284677946,0.7321428571428571
1477,2.115952941617853,3.5529501441466893,0.020482275284677946,0.9821428571428571
31,2.11838118989306,3.0571110880109713,0.022414771572353366,1.2857142857142858
1829,2.1190611300477076,2.507615437899933,0.020482275284677946,0.9821428571428571
132,2.120307743855192,3.7184323587562433,0.020482275284677946,0.6428571428571429
601,2.1205727332266417,3.314511453921211,0.020482275284677946,0.8214285714285714
1747,2.1217617483949684,2.8083076236008995,0.020482275284677946,0.8214285714285714
1282,2.122490702001228,2.823456295008072,0.020482275284677946,0.9642857142857143
872,2.1227131606566787,2.8026761244954232,0.025228538442899358,1.4285714285714286
1683,2.1231394829725163,2.8577124614262357,0.020482275284677946,0.875
497,2.12319361371936,2.932456653002811,0.020482275284677946,0.9642857142857143
1609,2.123846388056217,2.726835421386596,0.020482275284677946,1.1071428571428572
924,2.1270315475578325,2.5667929180957194,0.020482275284677946,0.9821428571428571
1720,2.1275321609537032,3.0522925263873733,0.020482275284677946,0.8571428571428571
119,2.1286418592424017,3.08652927778961,0.020482275284677946,0.8035714285714286
1392,2.130838420890244,3.0679711385073976,0.020482275284677946,0.9642857142857143
1700,2.1350021299115323,2.981581414537308,0.020482275284677946,0.8035714285714286
6,2.136354165276046,2.183710468650234,0.020482275284677946,1.0178571428571428
1077,2.1364596617599623,2.89451145251839,0.020482275284677946,0.8392857142857143
1706,2.1378034949650457,2.991768630583646,0.020482275284677946,1.0714285714285714
395,2.1395998267696625,3.062066674556378,0.020482275284677946,0.9285714285714286
1278,2.142609071518619,2.720710198101893,0.020482275284677946,0.9107142857142857
16,2.1449915754447986,3.194290308482179,0.020482275284677946,0.8214285714285714
912,2.145828420223732,2.853388572575494,0.020482275284677946,0.8571428571428571
303,2.149552573278166,2.5101532215834794,0.020482275284677946,1.0178571428571428
445,2.1498373530220514,2.8437600548255735,0.020482275284677946,0.9821428571428571
469,2.1511679982311094,3.3592254761120834,0.020482275284677946,1.0
1528,2.154099115814264,3.0660998535131867,0.020482275284677946,0.9285714285714286
1138,2.1562755434046554,2.329972505149339,0.020482275284677946,0.8392857142857143
1158,2.162186915469333,2.9684432201011828,0.020482275284677946,0.8928571428571429
1078,2.1623922749937723,2.9360558472440568,0.020482275284677946,0.7678571428571429
1348,2.1628513480948084,3.161094487900894,0.021207245559295346,1.0714285714285714
1560,2.165930052622646,3.4439821782074103,0.020482275284677946,0.8214285714285714
1736,2.1720606394501525,2.9577875528196937,0.020482275284677946,0.8571428571428571
61,2.17406857416659,3.007621384221778,0.020482275284677946,0.7857142857142857
1033,2.1748507762271787,2.5868463951951592,0.020482275284677946,1.0
1894,2.17782935014102,3.599556212528127,0.021796517693982657,1.1785714285714286
757,2.1796647598489653,2.698247982580897,0.020482275284677946,0.9107142857142857
552,2.1839320318271334,3.24949557596769,0.020482275284677946,0.8928571428571429
778,2.184959628331471,2.9337703735718828,0.020482275284677946,0.8392857142857143
32,2.188487295706753,3.2973225129121726,0.020482275284677946,0.75
1050,2.1888226730585862,3.25027081590085,0.020482275284677946,0.8035714285714286
867,2.1908679456662297,2.829649234584746,0.020482275284677946,0.8035714285714286
672,2.1947562631505377,2.9224453240335317,0.020482275284677946,1.0
629,2.1966377708310127,3.4247068588491354,0.020482275284677946,0.7857142857142857
712,2.201071217361767,2.9179786763845064,0.020482275284677946,0.875
947,2.202120502439362,3.613441088552771,0.022414588622681572,1.1071428571428572
1442,2.2051840670863623,3.168330602092361,0.020482275284677946,0.8392857142857143
212,2.2056026088881686,3.310512590963877,0.020482275284677946,0.7678571428571429
399,2.2063477372724702,3.0193376335519333,0.020482275284677946,0.8035714285714286
352,2.207384303557382,3.2959534369912844,0.020482275284677946,0.8571428571428571
396,2.2075035087916564,2.548128541267616,0.020482275284677946,1.0357142857142858
548,2.208111222623945,3.138331545433017,0.020482275284677946,0.9107142857142857
1454,2.2100682880506737,2.74826530054058,0.020482275284677946,0.9821428571428571
203,2.2147166967830416,3.274154258321717,0.021207404753351818,1.1428571428571428
1817,2.215746276601987,2.6092167191925246,0.020482275284677946,1.1071428571428572
1398,2.21633233697505,2.901600416156827,0.020482275284677946,0.9107142857142857
964,2.2183038320776154,3.2955177465886174,0.020482275284677946,0.8035714285714286
1653,2.2204664421722415,2.913590600782871,0.020482275284677946,0.9821428571428571
855,2.2225370545017564,2.735986575572708,0.020482275284677946,0.8928571428571429
101,2.2235618656099887,2.838904117271033,0.020482275284677946,0.9821428571428571
1115,2.2238581886614224,2.8009809828033108,0.020482275284677946,1.0714285714285714
1168,2.2266726878679766,2.79470941973388,0.020482275284677946,0.8392857142857143
1170,2.226962028841098,2.9299790094366154,0.022414783939842385,1.1071428571428572
1209,2.227498253542928,2.7646228808544606,0.020482275284677946,0.9107142857142857
1547,2.2291870714738926,2.9025645376080984,0.020482275284677946,0.9107142857142857
488,2.230370225117348,2.9647417538671137,0.020482275284677946,0.9642857142857143
1737,2.230523951086611,3.175194971759953,0.020482275284677946,0.8392857142857143
696,2.2310909458767907,3.6929115346866386,0.021207240184089444,1.0714285714285714
278,2.2314844447079225,3.2355900053811975,0.020482275284677946,0.9107142857142857
21,2.231850318770159,3.953964750562575,0.020482275284677946,0.7142857142857143
1873,2.2325381829163837,2.2507457541016405,0.020482275284677946,0.9107142857142857
1711,2.235482043048447,2.8128831932669716,0.020482275284677946,0.9107142857142857
541,2.240777983245695,3.355654503086055,0.020482275284677946,0.7857142857142857
735,2.243511149889412,3.215177468143329,0.02120732632785982,1.1071428571428572
426,2.243899766636163,3.0794378860222014,0.020482275284677946,0.9642857142857143
556,2.244259336636863,2.586616045971566,0.020482275284677946,0.875
297,2.2450963926848875,3.4806331298729862,0.020482275284677946,0.75
1878,2.245211442576859,3.401439161940651,0.020482275284677946,1.1428571428571428
1518,2.246302754090131,2.868204702921989,0.020482275284677946,0.9464285714285714
1987,2.2473485303969,2.9040503275518446,0.020482275284677946,0.8392857142857143
214,2.251721705963769,3.1522694129697553,0.023756658490788507,1.3035714285714286
1249,2.252264311564869,2.563920421948846,0.020482275284677946,0.8035714285714286
516,2.253040269613994,3.49016973609639,0.020482275284677946,1.0
179,2.254858748931658,3.101710450347886,0.02120727559170379,1.1428571428571428
1638,2.255329988630596,3.0791140479437327,0.02069606887809703,1.0178571428571428
1828,2.257038298123083,2.9807200133651763,0.020482275284677946,0.9821428571428571
1356,2.257861583495475,2.8833267143913415,0.020482275284677946,0.8392857142857143
533,2.259515335699011,3.3966536165321917,0.020482275284677946,0.7678571428571429
1095,2.2600089749971235,2.8338499278018445,0.020482275284677946,0.8928571428571429
1731,2.262749434425809,3.2795900942821055,0.020482275284677946,1.0178571428571428
1657,2.2641463375785,2.8458174758239814,0.020482275284677946,0.875
512,2.2649017068286663,3.0105379795996523,0.020482275284677946,1.0535714285714286
154,2.2664182591142077,3.016632244006188,0.020482275284677946,0.9464285714285714
630,2.268433885566388,3.6313447949344626,0.020482275284677946,1.0
1214,2.2685107223908707,3.560293754426736,0.020482275284677946,0.8214285714285714
1461,2.2696717903539847,3.158698995448219,0.020482275284677946,0.9642857142857143
1452,2.270766088217464,2.920860420303492,0.020482275284677946,0.875
137,2.2741396798024347,3.4740473023131053,0.020482275284677946,0.8571428571428571
655,2.2782863402625737,3.5133861215161635,0.020482275284677946,0.8035714285714286
30,2.2798354830899026,3.1482556640499566,0.020482275284677946,0.9285714285714286
99,2.2846337369129555,3.0760837665144676,0.020482275284677946,0.6964285714285714
1832,2.286018301259291,2.8158972853677775,0.020482275284677946,0.9642857142857143
568,2.286376935133902,3.9377584515285373,0.020482275284677946,0.8214285714285714
1227,2.288225277421758,3.2492979035408025,0.021207283113065415,1.0535714285714286
169,2.288729590800949,3.6039932131953805,0.020482275284677946,0.75
1943,2.291771235886573,2.9289200004416043,0.020482275284677946,0.8392857142857143
667,2.291993002035962,3.498318441022019,0.020482275284677946,0.9285714285714286
1473,2.2948228659823453,2.7317050096890876,0.020482275284677946,1.0357142857142858
1457,2.297192923082388,2.9301701200942634,0.020482275284677946,0.7321428571428571
934,2.2979602594908513,3.371939721448798,0.020482275284677946,0.9464285714285714
1607,2.299191703730136,2.603998228175826,0.020482275284677946,0.8392857142857143
680,2.301921596434039,3.1237523297885716,0.020482275284677946,0.9642857142857143
858,2.308793460321438,3.114708360617514,0.022414682149871457,1.1607142857142858
186,2.3122049212879032,3.5489745314625374,0.020482275284677946,0.75
1874,2.3134848219114335,3.4522600553106173,0.025228928410534222,1.25
1544,2.313793264977927,3.5332992487513133,0.025818026840949936,1.3035714285714286
1396,2.3179160898243603,3.129808918045038,0.020482275284677946,0.8392857142857143
724,2.3184803201432307,3.695842963529767,0.020482275284677946,0.9464285714285714
675,2.3194600135833,3.221260253083373,0.020482275284677946,0.8392857142857143
220,2.322872269017329,3.1031969433079465,0.020482275284677946,0.8035714285714286
1358,2.328378371377887,3.5411618784621366,0.020482275284677946,1.0357142857142858
1318,2.328751943364117,3.2458954954105477,0.022414678907953418,1.0714285714285714
150,2.330161654369129,3.9990059628055725,0.020482275284677946,0.7142857142857143
1426,2.3315093120817734,3.4784007438269997,0.020482275284677946,0.8571428571428571
1389,2.33181483444943,3.211204415673908,0.021071567803877818,1.1607142857142858
88,2.33420067754288,3.499205134532014,0.020482275284677946,0.8035714285714286
581,2.3345926716225964,3.1737947050330995,0.020482275284677946,0.8214285714285714
643,2.334663486024172,3.5395942556754494,0.020482275284677946,0.6428571428571429
771,2.3348309658751343,3.6023324378306323,0.020482275284677946,0.6071428571428571
1937,2.335817470161264,3.241397225270079,0.020482275284677946,0.8214285714285714
1991,2.3358178533299347,2.965177690285582,0.020482275284677946,0.8571428571428571
690,2.33651575280122,3.08470792446134,0.020482275284677946,0.7142857142857143
944,2.3372155173618774,3.673116573597601,0.020482275284677946,0.7142857142857143
1624,2.340474769376675,2.910552918304891,0.020482275284677946,0.9285714285714286
1144,2.342040014999196,2.6724564043322117,0.02069613825856942,1.0178571428571428
1875,2.342927072180991,3.0446637552143847,0.020482275284677946,0.9642857142857143
879,2.3430972509378556,3.3255327858800303,0.020482275284677946,0.7321428571428571
1203,2.344494454450925,3.2762554317715815,0.020482275284677946,0.75
324,2.3463094107026135,3.0708182060587643,0.020482275284677946,0.9642857142857143
779,2.346540978033927,2.9318006907523935,0.020482275284677946,0.7321428571428571
956,2.349478959835257,3.136665605194949,0.020482275284677946,0.7321428571428571
1381,2.354113704158233,2.9499235860191617,0.020482275284677946,0.875
585,2.355422776806806,3.0048980989069314,0.020482275284677946,0.875
1517,2.3584237708273514,3.88158700660483,0.020482275284677946,0.8035714285714286
511,2.360182135490401,3.250608660757765,0.020482275284677946,0.9821428571428571
222,2.360416431827937,2.9897649465255496,0.020482275284677946,0.8035714285714286
1411,2.363294824563293,3.102123116794123,0.020482275284677946,0.8392857142857143
768,2.3671435089748165,2.7942972499239564,0.020482275284677946,0.875
1383,2.369485267846034,3.30551750959642,0.020482275284677946,0.8214285714285714
1435,2.370778032071171,3.034979680606416,0.020482275284677946,0.875
1001,2.372998128978252,3.245663636271914,0.020482275284677946,0.9107142857142857
1793,2.377350976520165,3.825739708089479,0.020482275284677946,0.7142857142857143
1100,2.3779695694387835,3.020665249280496,0.020482275284677946,0.8392857142857143
1247,2.379501272533253,3.632957204332822,0.020482275284677946,0.9285714285714286
1542,2.388125897086282,3.38323615660136,0.020482275284677946,0.9107142857142857
1804,2.390634785750327,3.055439566637108,0.020482275284677946,0.8571428571428571
260,2.3938452140927655,3.1115082184301435,0.020482275284677946,0.8928571428571429
274,2.394449397388286,3.4525201903348037,0.020482275284677946,0.8035714285714286
1771,2.3946324657879976,2.9943437856751993,0.020482275284677946,0.7678571428571429
1487,2.395185649175473,3.9322452683540723,0.021207438513305695,0.9642857142857143
698,2.3954013123263818,3.401052388540739,0.02120719692900759,0.9821428571428571
801,2.3966164622706985,3.413896611135836,0.020482275284677946,0.8928571428571429
461,2.3973143636083223,3.38656642271333,0.02241467714133897,1.0714285714285714
355,2.400370067389115,3.0641540846322095,0.020482275284677946,0.7321428571428571
1317,2.401321951047146,3.6402243504825975,0.020482275284677946,0.7142857142857143
1926,2.4038087861693183,3.0623516090684975,0.020482275284677946,0.9285714285714286
1738,2.4082448576568525,3.282428086194942,0.020482275284677946,0.75
1424,2.414118821702512,3.4582303655092295,0.020482275284677946,0.8035714285714286
1879,2.415756843634165,2.7262104234581277,0.020482275284677946,0.9107142857142857
255,2.4164894455825325,3.153370916192621,0.020482275284677946,0.8035714285714286
174,2.4172883255839386,3.7326817409685544,0.020482275284677946,0.6607142857142857
932,2.417581725885692,4.153816844986949,0.020482275284677946,0.625
455,2.421483008243645,3.3688332953688596,0.020482275284677946,0.8214285714285714
666,2.4265832711367694,3.5650568408847207,0.020482275284677946,0.75
875,2.4280057428270903,3.637969550884228,0.020482275284677946,0.6607142857142857
264,2.441472562845547,2.5555036860750713,0.020482275284677946,0.8392857142857143
202,2.444419702642065,3.223978551807295,0.020482275284677946,0.8035714285714286
1985,2.4483502781180264,3.6266591799405155,0.020482275284677946,0.75
1002,2.4493823887150623,3.577716192796875,0.020482275284677946,0.5535714285714286
282,2.4493950709969066,3.4958932970937844,0.020482275284677946,0.75
284,2.450692908122555,3.3331094574436166,0.020482275284677946,0.75
1553,2.451110939208058,3.5596635431878814,0.020482275284677946,0.75
195,2.4532941393216725,3.0716918136212565,0.021207311926971204,1.0
938,2.4579930779202077,3.798156075779487,0.020482275284677946,0.75
226,2.459018280972862,3.423768124441992,0.020482275284677946,0.875
607,2.461430988380084,3.8665792454021837,0.020482275284677946,0.6428571428571429
40,2.4636909569868144,3.6383785176638437,0.020482275284677946,0.6607142857142857
1260,2.4649709821918027,3.3396852748002233,0.020482275284677946,0.6071428571428571
1967,2.4667201419560634,3.105054489725285,0.020482275284677946,0.6964285714285714
818,2.4785959647103097,3.949294616532027,0.020482275284677946,0.6428571428571429
1767,2.478899144276054,3.240482281642404,0.020482275284677946,0.6607142857142857
787,2.481965706457767,2.7502399838534877,0.020482275284677946,0.8392857142857143
1142,2.4828417930549236,3.438584046944104,0.020482275284677946,1.0357142857142858
1871,2.4844288459240693,3.4428465532234123,0.020482275284677946,0.6785714285714286
563,2.485024109481205,3.283241273706855,0.020482275284677946,0.7142857142857143
748,2.4929199981017067,3.0389477840059094,0.020482275284677946,0.8035714285714286
976,2.49640900810342,3.3475732218405376,0.020482275284677946,0.7321428571428571
272,2.4967278224441327,3.7120338485671787,0.020482275284677946,0.8392857142857143
52,2.497595458530815,3.7873236175065843,0.020482275284677946,0.7142857142857143
1140,2.4981726613404756,3.4764499890684197,0.020482275284677946,0.8392857142857143
848,2.500453405657015,2.803278305136762,0.020482275284677946,0.8392857142857143
376,2.5032626293090363,2.9561642678172353,0.020482275284677946,0.6607142857142857
1159,2.5036876847292135,3.327847701020489,0.020482275284677946,0.8571428571428571
850,2.511333950450967,3.986355026395643,0.020482275284677946,0.8214285714285714
1310,2.513778510720191,2.6253742248871577,0.020482275284677946,0.8392857142857143
1320,2.5138699349399434,3.4221052282451727,0.020482275284677946,0.7321428571428571
1625,2.514190156027807,3.5713875870419285,0.020482275284677946,0.7321428571428571
998,2.5145415482137805,3.9966313942127583,0.020482275284677946,0.6071428571428571
306,2.514618311640752,3.3008729395298437,0.022414853702975017,0.9642857142857143
1459,2.515342825171523,3.622622742882351,0.025228684240072505,1.2142857142857142
1858,2.515841016039258,3.1746428795177657,0.020482275284677946,0.6964285714285714
4,2.519088692536333,3.430289417350163,0.020482275284677946,0.6785714285714286
939,2.5236966271375816,2.719980971552562,0.020482275284677946,0.6964285714285714
1921,2.527459066084686,3.5978644337010532,0.020482275284677946,0.8214285714285714
229,2.5283881353309505,2.961392434760919,0.020482275284677946,0.8571428571428571
1799,2.5283914344128284,3.1189558187630677,0.020482275284677946,0.7142857142857143
935,2.53386984464926,2.9742726575476057,0.020482275284677946,0.875
861,2.5387162821139846,3.558884824949596,0.020482275284677946,0.6785714285714286
695,2.544648161164814,3.0118197459769798,0.020482275284677946,0.6964285714285714
1122,2.5446643454552746,3.858026064371114,0.020482275284677946,0.7142857142857143
654,2.5453381294736057,3.057879399097531,0.021207230420972275,0.9642857142857143
1139,2.5488968984370373,3.730963770626648,0.020482275284677946,0.5357142857142857
152,2.5530118176661856,3.381493220489823,0.022414463503297694,0.9642857142857143
172,2.5539647703785118,3.2321203386832966,0.020482275284677946,0.6964285714285714
567,2.5548111668199183,3.0054330483746017,0.020482275284677946,0.7857142857142857
1071,2.555403721638455,3.485484149959207,0.020482275284677946,0.6964285714285714
107,2.5659165148194747,3.6175910789513637,0.020482275284677946,0.7678571428571429
68,2.5667534065497,3.5982598207447913,0.020482275284677946,0.8035714285714286
1276,2.569579723798188,3.5523371979070446,0.020482275284677946,0.9464285714285714
244,2.5714480817433016,2.984522978571796,0.020482275284677946,0.6964285714285714
1687,2.572904358367517,3.6402548229814093,0.020482275284677946,0.625
1102,2.5736082625787895,4.072669035345874,0.020482275284677946,0.6785714285714286
165,2.573844965871171,3.202081966488818,0.020482275284677946,0.6607142857142857
1629,2.5771739830863796,3.350151557773376,0.020482275284677946,0.6964285714285714
1699,2.5787134376365484,3.6458920291370296,0.020482275284677946,0.8035714285714286
1262,2.579192659941907,3.1722537933655017,0.020482275284677946,0.875
131,2.5816857124176087,3.777305090420656,0.020482275284677946,0.5535714285714286
1334,2.5825327185529394,3.5059154267711214,0.020482275284677946,0.6071428571428571
1484,2.582738716683748,3.377787798563844,0.020482275284677946,0.7321428571428571
1271,2.582970074321214,3.896089070183719,0.020482275284677946,0.5535714285714286
1956,2.5830446565874423,3.5952937453738207,0.020482275284677946,0.8928571428571429
1223,2.583178223567928,3.1621925458699107,0.020482275284677946,0.75
807,2.585202871786292,3.687349178826905,0.020482275284677946,0.625
134,2.5877162078750797,3.5900176830533197,0.020482275284677946,0.5714285714285714
1947,2.5879738810912523,3.2896419475919303,0.020482275284677946,0.625
1628,2.5888641176916174,3.4922608396401684,0.020482275284677946,0.6785714285714286
268,2.590027261201997,3.700204735770156,0.020482275284677946,0.8214285714285714
887,2.5922940823112315,3.5783228847779194,0.020482275284677946,0.6428571428571429
484,2.592470492547194,3.1657933881744342,0.020482275284677946,0.7142857142857143
86,2.594947182495917,3.136120166442986,0.020482275284677946,0.8214285714285714
1663,2.5968507535317853,3.2336135969744393,0.020482275284677946,0.8928571428571429
1416,2.599285026445893,3.888679132473437,0.020482275284677946,0.625
1822,2.6016375070360263,3.6805198338075007,0.020482275284677946,0.5892857142857143
590,2.6061780376209533,4.118332562069045,0.020482275284677946,0.75
1969,2.60771017267778,3.487354776509953,0.020482275284677946,0.7678571428571429
70,2.6090899091110797,3.6539364583070997,0.020482275284677946,0.6964285714285714
1674,2.611372478813931,3.5194783138489534,0.020482275284677946,0.8214285714285714
140,2.615178959137871,3.211070021978915,0.020482275284677946,0.8035714285714286
1848,2.615919479430427,3.919216317629086,0.020482275284677946,0.7142857142857143
539,2.6173281145850726,3.692306510676226,0.020482275284677946,0.7857142857142857
1659,2.6181318761285124,3.5355703516234107,0.020482275284677946,0.5535714285714286
373,2.6204865293750768,3.437856636149291,0.020482275284677946,0.7857142857142857
1349,2.621122339899231,3.661067520566297,0.020482275284677946,0.6607142857142857
776,2.622637259762771,3.1283324516970037,0.020482275284677946,0.6964285714285714
100,2.623850707784779,3.7976705789702794,0.020482275284677946,0.6428571428571429
960,2.6265557772400725,4.33080726985356,0.020482275284677946,0.6428571428571429
1359,2.6267187739472484,3.3967100560006016,0.020482275284677946,0.7142857142857143
897,2.6304328273547752,3.7910119968856493,0.020482275284677946,0.7142857142857143
1231,2.6316380835534634,3.585391249297003,0.020482275284677946,0.625
562,2.637983417263925,3.918347096417792,0.020482275284677946,0.5714285714285714
1563,2.6382045192443018,3.526439267919813,0.020482275284677946,0.6607142857142857
1336,2.638875557007905,4.158642196321115,0.020482275284677946,0.75
326,2.6397160795786965,3.868433826437476,0.020482275284677946,0.6607142857142857
1847,2.641664447907186,3.52941413992447,0.020482275284677946,0.5892857142857143
1191,2.645191801533605,4.0088413400161835,0.020482275284677946,0.5535714285714286
1930,2.646087773195789,4.043729544869841,0.020482275284677946,0.5714285714285714
1718,2.6461130344225583,3.3143318554511274,0.020482275284677946,0.7142857142857143
828,2.649069459504461,4.107287792354544,0.020482275284677946,0.625
1365,2.651824455822415,3.4402857284380217,0.020482275284677946,0.625
428,2.652206230529776,4.154257092935033,0.020482275284677946,0.7321428571428571
357,2.652556384605613,3.84265695263039,0.020482275284677946,0.5714285714285714
334,2.654154844850712,3.905097902689863,0.020482275284677946,0.5892857142857143
1964,2.6558743437488768,3.9716564281942857,0.020482275284677946,0.625
83,2.656013224520983,3.9910249044453834,0.020482275284677946,0.625
930,2.656583153329176,3.643481296762669,0.020482275284677946,0.75
322,2.6638821193130817,3.230703287297996,0.020482275284677946,0.9285714285714286
364,2.6658289073242285,3.935056331887242,0.021207151976434833,0.9285714285714286
1900,2.6660225884897737,3.4621602628253236,0.020482275284677946,0.6785714285714286
1145,2.6704604563748973,3.755681494175704,0.020482275284677946,0.6607142857142857
1257,2.6708238481528834,4.098173178583462,0.020482275284677946,0.6428571428571429
1243,2.6711322533185364,4.029754251442118,0.020482275284677946,0.625
977,2.6716100125257474,3.593125223634371,0.020482275284677946,0.6071428571428571
1143,2.672687790989901,3.744651325822244,0.020482275284677946,0.5535714285714286
1600,2.6771504613686146,3.9118787426884793,0.020482275284677946,0.5892857142857143
1531,2.680877115445602,3.4756275926583675,0.020482275284677946,0.7321428571428571
1194,2.6836593529083053,3.3286550033765456,0.020482275284677946,0.6607142857142857
447,2.6852658571899286,3.1444437340432705,0.020482275284677946,0.8214285714285714
1888,2.6854754142669433,3.8368168481345397,0.020482275284677946,0.625
139,2.6886176368429897,3.4450083432932344,0.020482275284677946,0.6607142857142857
913,2.689695035873364,3.15322240242858,0.020482275284677946,0.8392857142857143
795,2.6919973863362747,3.8562716476876564,0.020482275284677946,0.7857142857142857
475,2.695991039452082,3.85331806235091,0.020482275284677946,0.6428571428571429
170,2.700783323135465,3.4699268939733043,0.020482275284677946,0.6607142857142857
63,2.701510914574758,3.14163835536261,0.02241475639285731,1.0357142857142858
1667,2.7031159449979443,3.658745955100801,0.020482275284677946,0.5
1834,2.703595650526907,3.734971707558857,0.020482275284677946,0.75
997,2.7051543948799237,4.018179303246625,0.020482275284677946,0.5178571428571429
1669,2.7052780996457018,4.349901907514646,0.020482275284677946,0.44642857142857145
285,2.7058779059163496,4.1556568841930694,0.020482275284677946,0.5178571428571429
1289,2.7086263366180345,4.091862572882868,0.020482275284677946,0.6428571428571429
197,2.7178084088433834,3.4843153005661476,0.020482275284677946,0.75
142,2.717924650592286,3.6017522601720593,0.020482275284677946,0.5535714285714286
239,2.718166253331515,3.50792659868117,0.020482275284677946,0.5178571428571429
377,2.7183399627326548,3.562176656772232,0.020482275284677946,0.8928571428571429
1993,2.7188214700684017,4.331284996727296,0.020482275284677946,0.5
1019,2.7201312463178833,3.7998338606993025,0.020482275284677946,0.6607142857142857
504,2.7218952676881316,4.413257509175122,0.020482275284677946,0.6428571428571429
1046,2.726495621063434,3.7707130722749125,0.020482275284677946,0.6428571428571429
1702,2.7268260839413445,3.2662521403018383,0.020482275284677946,0.8035714285714286
114,2.7279260664958636,3.50800458638862,0.021207182095505567,0.9285714285714286
1512,2.72897970820263,3.7272875396659453,0.020482275284677946,0.5357142857142857
1680,2.7327270036045683,3.4864714798704073,0.020482275284677946,0.6607142857142857
769,2.732728919621313,3.8437886038475377,0.020482275284677946,0.5892857142857143
975,2.7328668039565,3.3772263889863723,0.020482275284677946,0.625
929,2.734578955408458,4.263026739429674,0.020482275284677946,0.625
175,2.7353283826413866,3.695398374388284,0.020482275284677946,0.6607142857142857
647,2.736761519249149,4.036627054510353,0.020482275284677946,0.6785714285714286
298,2.7371512954288226,4.350498025366455,0.020482275284677946,0.6071428571428571
381,2.7396477312283225,3.812066820504363,0.020482275284677946,0.6071428571428571
401,2.7427050369524535,3.7703803454593303,0.020482275284677946,0.6785714285714286
1146,2.7441448427367985,3.3051757913881916,0.020482275284677946,0.6785714285714286
1561,2.7454898045024314,3.8947863180300204,0.020482275284677946,0.7321428571428571
42,2.7514506828962335,3.5017840702729757,0.020482275284677946,0.6785714285714286
580,2.751971865094218,3.8183288580045915,0.020482275284677946,0.5714285714285714
14,2.752360116481063,3.0550146224824886,0.020482275284677946,0.7142857142857143
1090,2.7586737014108205,3.274561502431694,0.020482275284677946,0.8928571428571429
1380,2.761388909868711,3.7319369413321626,0.020482275284677946,0.5714285714285714
564,2.7619190882936664,3.7331300256462887,0.020482275284677946,0.6785714285714286
206,2.7629245771313147,3.5518023222579194,0.020482275284677946,0.5892857142857143
650,2.7656179803897825,3.7482032221879673,0.020482275284677946,0.6428571428571429
411,2.7673106714725426,3.0507815421044118,0.020482275284677946,0.7678571428571429
750,2.774579807804631,4.351751889128259,0.020482275284677946,0.5357142857142857
608,2.774600207013206,4.041300996532708,0.020482275284677946,0.6071428571428571
1696,2.7750705246067766,3.7959114232942848,0.020482275284677946,0.5357142857142857
1445,2.7795716355566267,3.9354913841441332,0.020482275284677946,0.5178571428571429
301,2.7805149552765185,4.029934219947453,0.020482275284677946,0.75
81,2.7815808776064648,3.7006041291087457,0.020482275284677946,0.6428571428571429
518,2.786810557294129,4.1932328468281606,0.020482275284677946,0.39285714285714285
1084,2.79073768223132,3.4448716869739675,0.020482275284677946,0.7142857142857143
1741,2.793866045161571,4.368972370541476,0.020482275284677946,0.5714285714285714
223,2.7943260713291327,4.009988441139411,0.020482275284677946,0.6071428571428571
1496,2.8050785156660814,4.1163949914266516,0.020482275284677946,0.5178571428571429
777,2.811809835466689,3.9607328772145785,0.020482275284677946,0.625
261,2.812318819659057,4.12622267968842,0.020482275284677946,0.48214285714285715
1621,2.8150969341066823,3.790508066396183,0.02120732316851353,0.8571428571428571
1595,2.8152611219630157,4.4079780246853435,0.020482275284677946,0.4642857142857143
1105,2.817216830659138,3.534075832702512,0.020482275284677946,0.625
1374,2.8239252958118373,3.9326616017237264,0.020482275284677946,0.48214285714285715
277,2.8277872833080235,3.870314780455321,0.020482275284677946,0.5178571428571429
94,2.830190593137889,4.581331187113383,0.020482275284677946,0.5714285714285714
733,2.8319274590171983,3.8590937699473407,0.020482275284677946,0.6607142857142857
832,2.833824882365811,4.246768198870497,0.020482275284677946,0.6071428571428571
1394,2.8374856265409525,4.198153342487277,0.020482275284677946,0.5
1502,2.8376636089542058,4.4174009482689,0.020482275284677946,0.5714285714285714
1890,2.8426915503517134,4.277226469195471,0.020482275284677946,0.5
809,2.843845052641057,4.351282974369713,0.020482275284677946,0.42857142857142855
1152,2.8447451035529694,3.7209035457810984,0.020482275284677946,0.6071428571428571
1707,2.84547557984765,3.8452263194010152,0.020482275284677946,0.5892857142857143
1679,2.848503617674793,3.7228876243296365,0.020482275284677946,0.5178571428571429
963,2.851032018199725,3.40133502304702,0.020482275284677946,0.5714285714285714
49,2.8544463376914058,3.962845652331055,0.020482275284677946,0.5892857142857143
44,2.857673703109435,3.83023049400528,0.020482275284677946,0.6607142857142857
526,2.857707768069545,3.5467533018061563,0.020482275284677946,0.8571428571428571
525,2.8606004846314863,4.346264842768944,0.020482275284677946,0.375
1953,2.8606040124685865,3.6627438505870766,0.020482275284677946,0.5892857142857143
1787,2.860700979493631,3.442736969849156,0.020482275284677946,0.5892857142857143
1403,2.865375648268922,3.677632423701761,0.020482275284677946,0.6785714285714286
1450,2.865815726582903,4.164691275475986,0.020482275284677946,0.5892857142857143
1395,2.8661077495357787,3.929968114660446,0.020482275284677946,0.5535714285714286
1201,2.8670600083929534,3.9116147214727235,0.020482275284677946,0.6785714285714286
1525,2.8686959901335594,3.3921441404741635,0.020482275284677946,0.625
300,2.8707895652090487,3.50293313069083,0.020482275284677946,0.5178571428571429
1903,2.875149455476672,3.294728063168277,0.020482275284677946,0.6607142857142857
882,2.8798506721180903,4.21196804926635,0.020482275284677946,0.5714285714285714
825,2.8798596206064335,4.027286138167263,0.020482275284677946,0.5
1136,2.8820199168778893,3.7060665231781336,0.020482275284677946,0.5
1305,2.8879595873416286,3.90259276218779,0.020482275284677946,0.5
406,2.890600603855285,4.0835013962952225,0.020482275284677946,0.5714285714285714
1072,2.8906607312803665,3.4453289846441284,0.020482275284677946,0.5178571428571429
851,2.891180586518246,4.240075813725861,0.020482275284677946,0.4642857142857143
1498,2.8935951412831145,3.9645482051450296,0.020482275284677946,0.5178571428571429
41,2.894233954388387,4.629114190323128,0.020482275284677946,0.5714285714285714
1429,2.894491775142449,4.1995888291870624,0.020482275284677946,0.5357142857142857
961,2.895838813348748,4.194720996106079,0.020482275284677946,0.6071428571428571
743,2.900400588822133,3.862944031564945,0.020482275284677946,0.6071428571428571
1386,2.903671365700914,4.276940568753443,0.020482275284677946,0.375
1174,2.9059286839745533,3.953046532234281,0.020482275284677946,0.5178571428571429
1371,2.907895778005276,4.509291668205934,0.020482275284677946,0.5714285714285714
1688,2.909335963787994,3.8115702237831806,0.020482275284677946,0.48214285714285715
423,2.9101515185862947,4.241275635659905,0.020482275284677946,0.42857142857142855
1891,2.9164150069074175,3.66584817357587,0.020482275284677946,0.5535714285714286
1041,2.917826495579706,3.5796648875542174,0.020482275284677946,0.5714285714285714
1287,2.9194962157880355,3.9117421613721146,0.020482275284677946,0.6428571428571429
28,2.919964179679322,3.6704786661517232,0.020482275284677946,0.6785714285714286
824,2.923511232721152,3.995546154990973,0.020482275284677946,0.6607142857142857
942,2.9241133563710644,4.1678835478379295,0.020482275284677946,0.4642857142857143
966,2.924544184934772,3.6682773875532284,0.020482275284677946,0.6785714285714286
1167,2.9312590313631097,4.543353528679884,0.020482275284677946,0.39285714285714285
1032,2.9314714317543054,4.06853607013127,0.020482275284677946,0.5357142857142857
1836,2.933805810579787,4.421322911637056,0.020482275284677946,0.5535714285714286
162,2.9374710300111486,4.081788134758148,0.020482275284677946,0.5714285714285714
1118,2.9407313997422366,3.88818879380584,0.020482275284677946,0.5178571428571429
227,2.9448186042387037,4.718406009906451,0.020482275284677946,0.39285714285714285
1545,2.949732371166898,3.773471174995538,0.020482275284677946,0.5357142857142857
1213,2.952233078076548,3.8103990273717265,0.020482275284677946,0.5714285714285714
1009,2.952625117443954,3.9385373845427205,0.020482275284677946,0.7142857142857143
681,2.9529159742475364,4.238504526047286,0.020482275284677946,0.6071428571428571
791,2.954836063088969,3.9278895653079946,0.020482275284677946,0.5714285714285714
1504,2.955943968949654,3.7857280625169096,0.020482275284677946,0.5178571428571429
1184,2.9608026209925953,3.7167398998119974,0.020482275284677946,0.5892857142857143
240,2.962656097856271,4.04618620930043,0.020482275284677946,0.44642857142857145
1049,2.963893080401361,3.546225006542344,0.020482275284677946,0.5714285714285714
747,2.9670095921515607,4.483837433430884,0.020482275284677946,0.44642857142857145
1116,2.9693881374639814,4.59670769941599,0.020482275284677946,0.32142857142857145
1721,2.9696751734703217,3.537628154548923,0.020482275284677946,0.5357142857142857
694,2.9698623129380577,3.732709640587853,0.020482275284677946,0.5714285714285714
1206,2.9747920316613863,4.315126219303552,0.020482275284677946,0.5535714285714286
188,2.979583910647913,4.077433139983642,0.020482275284677946,0.48214285714285715
415,2.980434570271295,4.397527958454279,0.020482275284677946,0.4642857142857143
615,2.9832889468811636,3.9797235129864323,0.020482275284677946,0.48214285714285715
1128,2.9834847746597406,4.504060798127833,0.020482275284677946,0.5357142857142857
1586,2.9866551901367546,4.228317149821812,0.020482275284677946,0.48214285714285715
638,2.98783628855462,4.570619637540465,0.020482275284677946,0.4642857142857143
773,2.989528678722364,4.44987467684441,0.020482275284677946,0.5357142857142857
571,2.991007381389827,4.527156909539611,0.020482275284677946,0.39285714285714285
496,2.991149657765005,3.9842340613055733,0.020482275284677946,0.5
1164,2.9927804730943808,3.7655543853702285,0.020482275284677946,0.5357142857142857
146,2.99284294908525,3.9722014919909165,0.020482275284677946,0.6964285714285714
1973,2.9943029722939656,3.806257820160537,0.020482275284677946,0.5
1789,3.0045487872401955,4.440133942172701,0.020482275284677946,0.5357142857142857
1641,3.0082374422694254,4.124210619498266,0.020482275284677946,0.5714285714285714
616,3.0107152368023833,4.332510115247809,0.020482275284677946,0.5357142857142857
1710,3.0147728581748763,3.624591028817578,0.020482275284677946,0.4642857142857143
1202,3.016272539711463,4.15516112053583,0.020482275284677946,0.4642857142857143
1729,3.022000283649732,4.212417880423835,0.020482275284677946,0.44642857142857145
1908,3.0241578490085184,4.002164107797782,0.020482275284677946,0.6071428571428571
1236,3.0262362085287458,4.4984411571860505,0.020482275284677946,0.375
1302,3.0286208587531065,4.406867595530243,0.020482275284677946,0.39285714285714285
852,3.029231497078997,4.1881938889649195,0.020482275284677946,0.6071428571428571
1983,3.0312704655097544,3.5352442262152914,0.020482275284677946,0.44642857142857145
835,3.035204439475793,3.7303884117717945,0.020482275284677946,0.5714285714285714
1824,3.0404598288772293,4.278558419963937,0.020482275284677946,0.5178571428571429
804,3.043384677828334,3.873783150499338,0.020482275284677946,0.5714285714285714
1536,3.0539717951676995,3.3815387231342626,0.020482275284677946,0.5892857142857143
513,3.0542541880356278,4.157655136135808,0.020482275284677946,0.4642857142857143
208,3.054796989003677,4.373354625206247,0.020482275284677946,0.39285714285714285
56,3.0578913687795057,4.653306073386508,0.020482275284677946,0.5
242,3.0610443186845195,4.033179328871789,0.020482275284677946,0.5
1475,3.0646225411507,4.059160676246082,0.020482275284677946,0.5535714285714286
92,3.0681916247446326,4.438463478022123,0.020482275284677946,0.4642857142857143
1686,3.0681937468438734,4.518875044224518,0.020482275284677946,0.3392857142857143
1661,3.069882269968715,3.8976995765729665,0.020482275284677946,0.44642857142857145
378,3.0714030451500545,5.10242785073282,0.020482275284677946,0.39285714285714285
1572,3.071564730223293,4.548471834588588,0.020482275284677946,0.39285714285714285
765,3.072108575057052,4.27196470907549,0.020482275284677946,0.5357142857142857
397,3.075482232626023,3.6928904144969183,0.020482275284677946,0.5
1268,3.0755990520194003,4.229001458405758,0.020482275284677946,0.6071428571428571
906,3.0771035952351644,4.323215052852581,0.020482275284677946,0.32142857142857145
522,3.079140906058472,4.5947957339289225,0.020482275284677946,0.5357142857142857
2,3.0792408659879458,3.43581032597264,0.020482275284677946,0.625
24,3.0821480359114255,4.941062194593066,0.020482275284677946,0.2857142857142857
920,3.0837199576721432,4.122613525925124,0.020482275284677946,0.5
1068,3.08650400893342,4.0340731263075105,0.020482275284677946,0.4642857142857143
1610,3.0880097402724678,4.720398878795439,0.020482275284677946,0.3392857142857143
1919,3.0894904190279933,4.262798729964673,0.020482275284677946,0.375
744,3.0911727217874114,4.0991758297551435,0.020482275284677946,0.5357142857142857
129,3.091719416459543,3.8703057793429863,0.020482275284677946,0.6071428571428571
521,3.0928490033855267,4.3804502961647644,0.020482275284677946,0.4107142857142857
1614,3.0943667121992124,4.547785636996464,0.020482275284677946,0.42857142857142855
1195,3.1001615900420227,4.054529301096891,0.020482275284677946,0.5714285714285714
1910,3.101929280814922,4.217731192135208,0.020482275284677946,0.42857142857142855
1732,3.102458374924021,4.944277237075813,0.020482275284677946,0.35714285714285715
359,3.104056496537617,4.6110803972016505,0.020482275284677946,0.5714285714285714
635,3.1040941302096337,4.310271445301256,0.020482275284677946,0.5357142857142857
857,3.1075384794405383,3.9983747576553412,0.020482275284677946,0.5714285714285714
328,3.1116010883198983,4.383832631203494,0.020482275284677946,0.39285714285714285
802,3.1117750480234307,4.181722090601707,0.020482275284677946,0.4642857142857143
323,3.1118435271003158,4.303966868274683,0.020482275284677946,0.4642857142857143
1156,3.1163588328604557,4.860579430243683,0.020482275284677946,0.35714285714285715
365,3.1180361867102153,4.198799799531955,0.020482275284677946,0.4642857142857143
1901,3.1223638827863396,4.354083782196737,0.020482275284677946,0.6071428571428571
1133,3.125041929136202,4.267760805433474,0.020482275284677946,0.5178571428571429
449,3.128289882289467,4.564741025532957,0.020482275284677946,0.4642857142857143
78,3.1285794732865932,4.120715382414791,0.020482275284677946,0.5357142857142857
1922,3.1303361985002565,4.2326995325475245,0.020482275284677946,0.5
546,3.1305732276100704,4.175593764255542,0.020482275284677946,0.5357142857142857
283,3.1337252575731798,4.677576388719207,0.020482275284677946,0.48214285714285715
1592,3.137206875243211,5.0336064247763135,0.020482275284677946,0.35714285714285715
1820,3.1373315632816805,4.64428720437276,0.020482275284677946,0.375
34,3.1377086458483165,4.692408450217595,0.020482275284677946,0.4642857142857143
1427,3.1382072765108013,4.671834894492258,0.020482275284677946,0.4642857142857143
627,3.145109429010482,4.224483324165412,0.020482275284677946,0.4107142857142857
1346,3.1455661991766353,4.090777813226879,0.020482275284677946,0.5357142857142857
1758,3.150371649220655,4.426242194311426,0.020482275284677946,0.3392857142857143
453,3.151590515683428,4.3542966807443495,0.020482275284677946,0.5357142857142857
788,3.152234479258021,3.628426872855029,0.020482275284677946,0.5535714285714286
43,3.1541457925153624,4.234798706701206,0.020482275284677946,0.4642857142857143
219,3.154877672165863,4.6015930149430995,0.020482275284677946,0.4642857142857143
1134,3.1570665361732737,4.5487830380571594,0.020482275284677946,0.42857142857142855
57,3.158619091702131,5.176148520722799,0.020482275284677946,0.35714285714285715
1648,3.159071471732884,4.527234263309248,0.020482275284677946,0.42857142857142855
1149,3.160141995000547,4.051531500564291,0.020482275284677946,0.42857142857142855
1000,3.1632558149592382,4.701947113110581,0.020482275284677946,0.35714285714285715
759,3.168554393619848,4.777244265698379,0.020482275284677946,0.4107142857142857
1785,3.168823060205976,4.314412444419133,0.020482275284677946,0.4642857142857143
1924,3.177010974191146,4.7343019730666445,0.020482275284677946,0.375
1414,3.189458187952689,5.68722634523671,0.020482275284677946,0.25
1220,3.190516556349521,4.232892653363436,0.020482275284677946,0.4642857142857143
661,3.1917343701624676,4.8596127822968676,0.020482275284677946,0.5
555,3.1939045040413405,3.8994071662322156,0.020482275284677946,0.5714285714285714
1333,3.1939531032426087,4.731230297875762,0.020482275284677946,0.4107142857142857
1239,3.195621038774734,4.500804533792565,0.020482275284677946,0.42857142857142855
1963,3.1978362002471865,3.7027549627835104,0.020482275284677946,0.48214285714285715
816,3.1993655810262998,4.08587482541333,0.020482275284677946,0.42857142857142855
803,3.201507280956622,5.06150628945046,0.020482275284677946,0.42857142857142855
1906,3.2015309756712553,5.100985651098753,0.020482275284677946,0.3392857142857143
731,3.204177722356686,4.7752790492650234,0.020482275284677946,0.42857142857142855
296,3.207730065148908,5.21771784050347,0.020482275284677946,0.25
1094,3.209240400881193,4.645637097513211,0.020482275284677946,0.42857142857142855
1469,3.210161611792472,4.726370597091525,0.020482275284677946,0.5357142857142857
95,3.2151218042308365,4.409161816221514,0.020482275284677946,0.39285714285714285
187,3.2171788189940824,4.020924195935312,0.020482275284677946,0.6428571428571429
728,3.2239096663390407,4.972850834297536,0.020482275284677946,0.32142857142857145
1997,3.2340098743495265,3.8413803298878624,0.020482275284677946,0.5178571428571429
485,3.234122965088344,4.580741209803911,0.020482275284677946,0.35714285714285715
885,3.23537323341501,4.579670025343994,0.020482275284677946,0.42857142857142855
1514,3.2368973054842503,4.8779164389913445,0.020482275284677946,0.4642857142857143
969,3.237382836798102,4.6934198208227835,0.020482275284677946,0.30357142857142855
1915,3.2408193171619035,3.6100093263492057,0.020482275284677946,0.5357142857142857
235,3.245051335685578,4.398991888868244,0.020482275284677946,0.39285714285714285
1992,3.245955058674032,4.403312505541429,0.020482275284677946,0.4107142857142857
1507,3.2492371360280012,5.134433099264461,0.020482275284677946,0.5357142857142857
1994,3.2511809866166845,3.7940043473249,0.020482275284677946,0.44642857142857145
1576,3.2525216262124763,4.507650269670322,0.020482275284677946,0.39285714285714285
1651,3.253412737181,4.277202979325137,0.020482275284677946,0.39285714285714285
841,3.255726236126085,5.326259522043232,0.020482275284677946,0.39285714285714285
1506,3.25969822909445,5.069329027922258,0.020482275284677946,0.25
246,3.2602287034668755,4.614267090917126,0.020482275284677946,0.35714285714285715
1701,3.2609726855857333,4.601345721079122,0.020482275284677946,0.42857142857142855
1283,3.2618726760054426,5.020247767913741,0.020482275284677946,0.2857142857142857
797,3.2630357787280078,4.595394172334547,0.020482275284677946,0.3392857142857143
1292,3.269747366506763,4.464155344801735,0.020482275284677946,0.35714285714285715
1811,3.27082392813683,4.859254110789443,0.020482275284677946,0.3392857142857143
1954,3.271108123555944,4.480209567062884,0.020482275284677946,0.39285714285714285
495,3.2722746544899337,3.7929409761110953,0.020482275284677946,0.48214285714285715
1099,3.2756978704740423,4.700149933496872,0.020482275284677946,0.3392857142857143
846,3.2809325048380886,4.395449962372839,0.020482275284677946,0.35714285714285715
1540,3.2818773542014874,4.795885849772789,0.020482275284677946,0.32142857142857145
393,3.2857278271019044,5.465598524794458,0.020482275284677946,0.2857142857142857
23,3.2915317943496563,4.545673294058812,0.020482275284677946,0.35714285714285715
33,3.2968590955322816,4.859574463372599,0.020482275284677946,0.39285714285714285
1463,3.3002470926566696,4.987187792295943,0.020482275284677946,0.42857142857142855
3,3.303885432933905,4.374414973390635,0.020482275284677946,0.48214285714285715
430,3.311416353722489,4.533357619551968,0.020482275284677946,0.35714285714285715
1055,3.312542889585979,4.3603293057487535,0.020482275284677946,0.375
1989,3.3144289780216782,4.341042294733425,0.020482275284677946,0.5357142857142857
458,3.3218183984999494,4.353226616178956,0.020482275284677946,0.375
785,3.324832335425119,4.549137606124704,0.020482275284677946,0.39285714285714285
389,3.3323167314608177,4.876534313340878,0.020482275284677946,0.25
632,3.333972819459763,4.914341896354346,0.020482275284677946,0.32142857142857145
29,3.3408202804816822,4.47452042508159,0.020482275284677946,0.44642857142857145
1808,3.3471859130196764,4.860966881388732,0.020482275284677946,0.2857142857142857
1382,3.3487691741684222,4.168434910546918,0.020482275284677946,0.39285714285714285
1907,3.3494705011123784,4.071919734769258,0.020482275284677946,0.5357142857142857
1895,3.3549757813174197,4.417072011406519,0.020482275284677946,0.4107142857142857
1458,3.3603261449178126,4.60492014298286,0.020482275284677946,0.4642857142857143
1734,3.361127164486366,4.698983162663704,0.020482275284677946,0.3392857142857143
1326,3.364943908759039,4.430201560520225,0.020482275284677946,0.42857142857142855
72,3.3736487329742264,4.889229513706879,0.020482275284677946,0.25
838,3.3755508971267307,5.0559097665242785,0.020482275284677946,0.2857142857142857
884,3.3782947919181163,4.100306524326582,0.020482275284677946,0.35714285714285715
880,3.3799595169233903,4.8283367934989165,0.020482275284677946,0.4642857142857143
1112,3.3829136706478646,4.67663509730503,0.020482275284677946,0.30357142857142855
1564,3.387456505336859,5.310650042335979,0.020482275284677946,0.2857142857142857
309,3.3921876982111563,4.368102017057855,0.020482275284677946,0.3392857142857143
1438,3.3924248855116903,4.842340894394233,0.020482275284677946,0.25
177,3.3962811048321995,4.600236530538254,0.020482275284677946,0.35714285714285715
167,3.3965289964594567,4.393562197757604,0.020482275284677946,0.35714285714285715
1154,3.397312951017241,4.6495402913582815,0.020482275284677946,0.25
1350,3.3974926023322345,4.719620780830882,0.020482275284677946,0.3392857142857143
62,3.4006687349364744,4.93912037854602,0.020482275284677946,0.25
1896,3.402030823640984,5.25592129517506,0.020482275284677946,0.32142857142857145
1399,3.406717451701317,4.858721938350268,0.020482275284677946,0.35714285714285715
1056,3.407559840983455,4.893704044438664,0.020482275284677946,0.2857142857142857
176,3.412012935520058,4.984489345320533,0.020482275284677946,0.3392857142857143
1998,3.4129458591339157,5.398863844092309,0.020482275284677946,0.17857142857142858
814,3.416264600926359,4.715024091371293,0.020482275284677946,0.32142857142857145
387,3.416525112617261,4.606650861093165,0.020482275284677946,0.26785714285714285
1384,3.416679932254184,4.8803664783078125,0.020482275284677946,0.3392857142857143
863,3.41840289526866,4.14133394861453,0.020482275284677946,0.42857142857142855
702,3.421109283168411,5.167448357639534,0.020482275284677946,0.35714285714285715
1515,3.4218373298879463,4.791324318951219,0.020482275284677946,0.32142857142857145
1568,3.4241127400524345,4.5940839792044414,0.020482275284677946,0.2857142857142857
67,3.425521948721615,4.733020163607037,0.020482275284677946,0.42857142857142855
1059,3.431148062805718,5.3027847332006575,0.020482275284677946,0.32142857142857145
138,3.4325034375410506,5.1047361581663,0.020482275284677946,0.2857142857142857
394,3.440855531823784,3.97362412669553,0.020482275284677946,0.42857142857142855
135,3.441360678051195,4.577668097856169,0.020482275284677946,0.3392857142857143
1388,3.446395807629009,4.337194305777659,0.020482275284677946,0.35714285714285715
90,3.455580753071824,5.130658533982803,0.020482275284677946,0.32142857142857145
1719,3.4595994248835145,5.229231379277486,0.020482275284677946,0.32142857142857145
471,3.461729546249177,4.472155541712241,0.020482275284677946,0.25
691,3.462464098918584,4.570172132692758,0.020482275284677946,0.23214285714285715
953,3.4638616614562427,4.889829992566825,0.020482275284677946,0.30357142857142855
1347,3.4734317018496594,3.650199336814814,0.020482275284677946,0.4107142857142857
596,3.4734482151495194,4.303756492458071,0.020482275284677946,0.39285714285714285
959,3.475367995451124,4.636189110828712,0.020482275284677946,0.26785714285714285
1766,3.475579851682616,4.921685540057016,0.020482275284677946,0.32142857142857145
1603,3.4803740172577644,4.847506343541897,0.020482275284677946,0.375
80,3.4819487909821425,4.758011297509742,0.020482275284677946,0.32142857142857145
1676,3.488258474449094,4.498578209526341,0.020482275284677946,0.44642857142857145
1337,3.4920282923296373,4.908759093037699,0.020482275284677946,0.35714285714285715
1376,3.494431711571655,4.808906019539537,0.020482275284677946,0.32142857142857145
1612,3.4963138882168963,4.369931033082651,0.020482275284677946,0.375
584,3.5106108343220326,5.117782284172089,0.020482275284677946,0.23214285714285715
198,3.516190589949766,4.216226070896387,0.020482275284677946,0.35714285714285715
1007,3.518128694006763,4.806149075244211,0.020482275284677946,0.42857142857142855
1538,3.51857196816732,4.6241323131360765,0.020482275284677946,0.39285714285714285
1372,3.523042388503814,5.129006528407581,0.020482275284677946,0.32142857142857145
551,3.525887554131976,5.5915759803915055,0.020482275284677946,0.10714285714285714
1047,3.528986055965993,4.766495642580486,0.020482275284677946,0.25
1569,3.5417421474579602,5.192973388158429,0.020482275284677946,0.25
990,3.5419795566206784,4.451168162325976,0.020482275284677946,0.32142857142857145
790,3.5422235523103405,4.3639059682182015,0.020482275284677946,0.32142857142857145
1351,3.5434003176918982,4.939118357249697,0.020482275284677946,0.2857142857142857
1342,3.54351114464385,5.1394036409534865,0.020482275284677946,0.25
1431,3.5517515975613896,5.482968089857846,0.020482275284677946,0.21428571428571427
908,3.5621384467427637,5.538966810581773,0.020482275284677946,0.25
1434,3.563885720033264,5.200497833791455,0.020482275284677946,0.25
368,3.566150937494028,4.92251616026515,0.020482275284677946,0.2857142857142857
1598,3.575245090387425,4.733294945523635,0.020482275284677946,0.375
1689,3.580946905303124,5.491515183597803,0.020482275284677946,0.14285714285714285
808,3.5812794106876398,4.873374942133634,0.020482275284677946,0.35714285714285715
1884,3.5930359703486454,5.2983202558263836,0.020482275284677946,0.21428571428571427
988,3.595941731447866,4.842716851023074,0.020482275284677946,0.17857142857142858
149,3.603124285331437,4.918316175876723,0.020482275284677946,0.23214285714285715
1571,3.60833232734541,5.2056258930453,0.020482275284677946,0.2857142857142857
1472,3.6089660491857405,4.818838052164353,0.020482275284677946,0.2857142857142857
589,3.6180439175730115,5.283364466666685,0.020482275284677946,0.19642857142857142
553,3.625711741792597,4.687112202933651,0.020482275284677946,0.26785714285714285
20,3.627791790120655,5.23591955187376,0.020482275284677946,0.21428571428571427
1631,3.630960219139393,4.862752956059692,0.020482275284677946,0.25
701,3.636640239483565,4.817053434538846,0.020482275284677946,0.42857142857142855
405,3.638407357185991,5.498455182388174,0.020482275284677946,0.14285714285714285
730,3.6427848272307943,5.600143596360671,0.020482275284677946,0.17857142857142858
1229,3.6440565699799423,4.923026934131449,0.020482275284677946,0.26785714285714285
1169,3.6472991836859174,5.196393071673055,0.020482275284677946,0.25
1831,3.652154061588788,4.877774006970667,0.020482275284677946,0.17857142857142858
204,3.656404198730631,4.693123391018584,0.020482275284677946,0.2857142857142857
798,3.6633989036325176,5.1353131046510105,0.020482275284677946,0.35714285714285715
856,3.6667949797773938,5.626906988877596,0.020482275284677946,0.10714285714285714
15,3.6739794258854253,5.0750796478993045,0.020482275284677946,0.17857142857142858
97,3.674393397313299,4.273588169187797,0.020482275284677946,0.32142857142857145
1016,3.6750422827051614,5.523325924253163,0.020482275284677946,0.32142857142857145
560,3.6772405931177783,5.196642153058359,0.020482275284677946,0.21428571428571427
343,3.679293319712436,4.569588884761701,0.020482275284677946,0.32142857142857145
1205,3.6830518443351075,4.765779288302847,0.020482275284677946,0.26785714285714285
218,3.6894115796598665,5.288562712462281,0.020482275284677946,0.16071428571428573
1559,3.690058879443472,5.044954236265785,0.020482275284677946,0.26785714285714285
1613,3.6966731108058,5.2746538628638335,0.020482275284677946,0.17857142857142858
1020,3.7035137347999516,4.887840821225897,0.020482275284677946,0.2857142857142857
1645,3.709365146924976,4.7508923246509855,0.020482275284677946,0.25
559,3.714158527111737,4.9227025637470865,0.020482275284677946,0.25
1821,3.718515186723888,5.14131874367218,0.020482275284677946,0.21428571428571427
1662,3.7216860266889897,6.262564099201682,0.020482275284677946,0.05357142857142857
971,3.742298901288687,4.695956573131895,0.020482275284677946,0.32142857142857145
1905,3.742508026720528,5.466350017836537,0.020482275284677946,0.21428571428571427
811,3.7504489292866494,5.768825921342369,0.020482275284677946,0.21428571428571427
79,3.76172144947027,5.027463253479425,0.020482275284677946,0.14285714285714285
267,3.76440766193903,5.032455381370925,0.020482275284677946,0.21428571428571427
1432,3.7676126451045655,4.96089456987772,0.020482275284677946,0.2857142857142857
171,3.77066568694904,4.630030535533854,0.020482275284677946,0.32142857142857145
751,3.771478770088314,5.375045593122307,0.020482275284677946,0.10714285714285714
611,3.778699396752406,5.819883397896839,0.020482275284677946,0.08928571428571429
979,3.7850375294831933,4.805117315158654,0.020482275284677946,0.32142857142857145
250,3.792511833346411,5.2370911557883035,0.020482275284677946,0.07142857142857142
391,3.7966977825336135,5.190164141328065,0.020482275284677946,0.2857142857142857
1763,3.7989362962999302,4.865115879623011,0.020482275284677946,0.2857142857142857
869,3.8027560002117218,5.13109310561008,0.020482275284677946,0.21428571428571427
407,3.8087146976821304,6.06205737482172,0.020482275284677946,0.10714285714285714
1691,3.8225542765179727,5.866394813910963,0.020482275284677946,0.10714285714285714
184,3.827753420120219,5.193566544563242,0.020482275284677946,0.10714285714285714
1880,3.8285950583484523,5.299165660163471,0.020482275284677946,0.17857142857142858
1913,3.8377288996562156,5.0510395644802415,0.020482275284677946,0.25
910,3.839471984418075,4.983332397500769,0.020482275284677946,0.23214285714285715
1546,3.8463367294235575,5.584455828935354,0.020482275284677946,0.07142857142857142
87,3.8494483402146202,5.409078367019254,0.020482275284677946,0.07142857142857142
524,3.849505871815402,5.712156699555835,0.020482275284677946,0.05357142857142857
1574,3.8519738242640504,5.752312002873948,0.020482275284677946,0.10714285714285714
510,3.866254195783404,5.203602305182262,0.020482275284677946,0.10714285714285714
420,3.8776117840526654,4.758202297446991,0.020482275284677946,0.14285714285714285
1957,3.891225449251114,5.647945160583775,0.020482275284677946,0.16071428571428573
1665,3.8991219743440126,5.872618981342949,0.020482275284677946,0.07142857142857142
941,3.914372287139888,5.3219876942785245,0.020482275284677946,0.14285714285714285
1551,3.915671716803459,6.097058822500695,0.020482275284677946,0.10714285714285714
1425,3.9178764770080945,4.992816607869119,0.020482275284677946,0.25
917,3.9264709478239213,5.297124111426446,0.020482275284677946,0.10714285714285714
1034,3.9343131717009654,5.459992996638002,0.020482275284677946,0.125
1323,3.9414301876888804,5.29405043773154,0.020482275284677946,0.10714285714285714
709,3.9414626005329123,5.4434849951765365,0.020482275284677946,0.17857142857142858
831,3.946437283223595,5.478418444458894,0.020482275284677946,0.16071428571428573
1240,3.956744454773762,5.329408660308762,0.020482275284677946,0.07142857142857142
1482,3.9590155198205084,4.507594002291819,0.020482275284677946,0.25
1712,3.961155019495966,5.207661750981175,0.020482275284677946,0.25
1684,3.96218535301428,5.6770293079730045,0.020482275284677946,0.10714285714285714
75,3.9653921730483157,5.843137260070077,0.020482275284677946,0.10714285714285714
644,3.967407413255103,5.67563397015884,0.020482275284677946,0.14285714285714285
634,3.969657737755886,5.058515441328781,0.020482275284677946,0.17857142857142858
121,3.9819503408738672,5.7198101970261614,0.020482275284677946,0.03571428571428571
1658,3.992724235190071,5.605710564560369,0.020482275284677946,0.07142857142857142
413,4.012756756959441,5.171398464938929,0.020482275284677946,0.125
535,4.0412207162713125,5.261991583038922,0.020482275284677946,0.07142857142857142
237,4.06338831562252,5.443380484533593,0.020482275284677946,0.14285714285714285
262,4.066874075851136,5.6156447226937125,0.020482275284677946,0.14285714285714285
1246,4.106201059380085,5.30710755148598,0.020482275284677946,0.14285714285714285
597,4.132853324869046,6.2867708332993475,0.020482275284677946,0.03571428571428571
452,4.156356803182471,6.283613415702715,0.020482275284677946,0.03571428571428571
1186,4.161711097945155,5.995989174202032,0.020482275284677946,0.07142857142857142
456,4.200563490925942,5.709371828913535,0.020482275284677946,0.07142857142857142
470,4.247550893680872,5.414752019666627,0.020482275284677946,0.14285714285714285
983,4.261214031057818,5.317042001569471,0.020482275284677946,0.03571428571428571
1261,4.317059725361024,6.045490047439917,0.020482275284677946,0.10714285714285714
878,4.33132754381163,5.776856278728049,0.020482275284677946,0.0
860,4.339563824803356,5.982442756977953,0.020482275284677946,0.07142857142857142
1748,4.375261042066483,5.655011784814117,0.020482275284677946,0.10714285714285714
161,4.3928296498213815,5.997856970154166,0.020482275284677946,0.03571428571428571
245,4.405982882123798,5.811842471593448,0.020482275284677946,0.10714285714285714
163,4.448906401323313,5.413600541519803,0.020482275284677946,0.03571428571428571
